mode: atomic
github.com/seredavin/helmfile-validate/pkg/helmfile/cluster/version.go:13.70,16.22 2 2
github.com/seredavin/helmfile-validate/pkg/helmfile/cluster/version.go:16.22,18.3 1 1
github.com/seredavin/helmfile-validate/pkg/helmfile/cluster/version.go:20.2,21.19 2 2
github.com/seredavin/helmfile-validate/pkg/helmfile/cluster/version.go:21.19,23.3 1 0
github.com/seredavin/helmfile-validate/pkg/helmfile/cluster/version.go:25.2,29.16 2 2
github.com/seredavin/helmfile-validate/pkg/helmfile/cluster/version.go:29.16,31.3 1 1
github.com/seredavin/helmfile-validate/pkg/helmfile/cluster/version.go:34.2,35.16 2 1
github.com/seredavin/helmfile-validate/pkg/helmfile/cluster/version.go:35.16,37.3 1 0
github.com/seredavin/helmfile-validate/pkg/helmfile/cluster/version.go:40.2,41.16 2 1
github.com/seredavin/helmfile-validate/pkg/helmfile/cluster/version.go:41.16,43.3 1 1
github.com/seredavin/helmfile-validate/pkg/helmfile/cluster/version.go:47.2,48.43 2 0
github.com/seredavin/helmfile-validate/pkg/helmfile/cluster/version.go:48.43,50.3 1 0
github.com/seredavin/helmfile-validate/pkg/helmfile/cluster/version.go:52.2,52.21 1 0
github.com/seredavin/helmfile-validate/pkg/helmfile/environment/environment.go:20.36,27.2 1 1
github.com/seredavin/helmfile-validate/pkg/helmfile/environment/environment.go:29.45,31.16 2 3
github.com/seredavin/helmfile-validate/pkg/helmfile/environment/environment.go:31.16,32.13 1 0
github.com/seredavin/helmfile-validate/pkg/helmfile/environment/environment.go:34.2,35.61 2 3
github.com/seredavin/helmfile-validate/pkg/helmfile/environment/environment.go:35.61,36.13 1 0
github.com/seredavin/helmfile-validate/pkg/helmfile/environment/environment.go:38.2,39.16 2 3
github.com/seredavin/helmfile-validate/pkg/helmfile/environment/environment.go:39.16,40.13 1 0
github.com/seredavin/helmfile-validate/pkg/helmfile/environment/environment.go:43.2,44.16 2 3
github.com/seredavin/helmfile-validate/pkg/helmfile/environment/environment.go:44.16,45.13 1 0
github.com/seredavin/helmfile-validate/pkg/helmfile/environment/environment.go:47.2,48.65 2 3
github.com/seredavin/helmfile-validate/pkg/helmfile/environment/environment.go:48.65,49.13 1 0
github.com/seredavin/helmfile-validate/pkg/helmfile/environment/environment.go:51.2,52.16 2 3
github.com/seredavin/helmfile-validate/pkg/helmfile/environment/environment.go:52.16,53.13 1 0
github.com/seredavin/helmfile-validate/pkg/helmfile/environment/environment.go:56.2,61.3 1 3
github.com/seredavin/helmfile-validate/pkg/helmfile/environment/environment.go:64.71,65.14 1 2
github.com/seredavin/helmfile-validate/pkg/helmfile/environment/environment.go:65.14,66.19 1 0
github.com/seredavin/helmfile-validate/pkg/helmfile/environment/environment.go:66.19,69.4 2 0
github.com/seredavin/helmfile-validate/pkg/helmfile/environment/environment.go:70.3,70.18 1 0
github.com/seredavin/helmfile-validate/pkg/helmfile/environment/environment.go:72.2,73.18 2 2
github.com/seredavin/helmfile-validate/pkg/helmfile/environment/environment.go:73.18,74.71 1 2
github.com/seredavin/helmfile-validate/pkg/helmfile/environment/environment.go:74.71,76.4 1 0
github.com/seredavin/helmfile-validate/pkg/helmfile/environment/environment.go:78.2,78.19 1 2
github.com/seredavin/helmfile-validate/pkg/helmfile/environment/environment.go:81.65,90.16 5 1
github.com/seredavin/helmfile-validate/pkg/helmfile/environment/environment.go:90.16,92.3 1 0
github.com/seredavin/helmfile-validate/pkg/helmfile/environment/environment.go:94.2,94.18 1 1
github.com/seredavin/helmfile-validate/pkg/helmfile/argparser/args.go:19.34,21.2 1 8
github.com/seredavin/helmfile-validate/pkg/helmfile/argparser/args.go:24.46,26.27 2 4
github.com/seredavin/helmfile-validate/pkg/helmfile/argparser/args.go:26.27,27.19 1 20
github.com/seredavin/helmfile-validate/pkg/helmfile/argparser/args.go:27.19,29.4 1 11
github.com/seredavin/helmfile-validate/pkg/helmfile/argparser/args.go:31.2,31.16 1 4
github.com/seredavin/helmfile-validate/pkg/helmfile/argparser/args.go:35.57,37.20 1 8
github.com/seredavin/helmfile-validate/pkg/helmfile/argparser/args.go:37.20,39.3 1 1
github.com/seredavin/helmfile-validate/pkg/helmfile/argparser/args.go:40.2,40.37 1 7
github.com/seredavin/helmfile-validate/pkg/helmfile/argparser/args.go:40.37,44.3 3 5
github.com/seredavin/helmfile-validate/pkg/helmfile/argparser/args.go:44.8,47.3 2 2
github.com/seredavin/helmfile-validate/pkg/helmfile/argparser/args.go:51.26,53.2 1 2
github.com/seredavin/helmfile-validate/pkg/helmfile/argparser/args.go:55.43,57.35 2 3
github.com/seredavin/helmfile-validate/pkg/helmfile/argparser/args.go:57.35,58.20 1 4
github.com/seredavin/helmfile-validate/pkg/helmfile/argparser/args.go:58.20,59.12 1 0
github.com/seredavin/helmfile-validate/pkg/helmfile/argparser/args.go:61.3,61.21 1 4
github.com/seredavin/helmfile-validate/pkg/helmfile/argparser/args.go:61.21,63.23 2 3
github.com/seredavin/helmfile-validate/pkg/helmfile/argparser/args.go:63.23,67.5 3 1
github.com/seredavin/helmfile-validate/pkg/helmfile/argparser/args.go:67.10,69.32 1 2
github.com/seredavin/helmfile-validate/pkg/helmfile/argparser/args.go:69.32,71.28 2 1
github.com/seredavin/helmfile-validate/pkg/helmfile/argparser/args.go:71.28,73.7 1 0
github.com/seredavin/helmfile-validate/pkg/helmfile/argparser/args.go:73.12,75.7 1 1
github.com/seredavin/helmfile-validate/pkg/helmfile/argparser/args.go:76.11,78.6 1 1
github.com/seredavin/helmfile-validate/pkg/helmfile/argparser/args.go:84.40,88.37 4 0
github.com/seredavin/helmfile-validate/pkg/helmfile/argparser/args.go:88.37,91.27 2 0
github.com/seredavin/helmfile-validate/pkg/helmfile/argparser/args.go:91.27,92.21 1 0
github.com/seredavin/helmfile-validate/pkg/helmfile/argparser/args.go:92.21,93.22 1 0
github.com/seredavin/helmfile-validate/pkg/helmfile/argparser/args.go:93.22,95.6 1 0
github.com/seredavin/helmfile-validate/pkg/helmfile/argparser/args.go:95.11,97.6 1 0
github.com/seredavin/helmfile-validate/pkg/helmfile/argparser/args.go:98.10,100.5 1 0
github.com/seredavin/helmfile-validate/pkg/helmfile/argparser/args.go:103.2,103.15 1 0
github.com/seredavin/helmfile-validate/pkg/helmfile/app/version/version.go:9.23,12.38 2 1
github.com/seredavin/helmfile-validate/pkg/helmfile/app/version/version.go:12.38,14.3 1 1
github.com/seredavin/helmfile-validate/pkg/helmfile/app/version/version.go:15.2,15.23 1 0
github.com/seredavin/helmfile-validate/pkg/helmfile/event/bus.go:45.89,46.23 1 14
github.com/seredavin/helmfile-validate/pkg/helmfile/event/bus.go:46.23,54.3 1 0
github.com/seredavin/helmfile-validate/pkg/helmfile/event/bus.go:56.2,58.33 2 14
github.com/seredavin/helmfile-validate/pkg/helmfile/event/bus.go:58.33,60.33 2 13
github.com/seredavin/helmfile-validate/pkg/helmfile/event/bus.go:60.33,62.4 1 13
github.com/seredavin/helmfile-validate/pkg/helmfile/event/bus.go:63.3,63.17 1 13
github.com/seredavin/helmfile-validate/pkg/helmfile/event/bus.go:63.17,64.12 1 1
github.com/seredavin/helmfile-validate/pkg/helmfile/event/bus.go:67.3,70.17 3 12
github.com/seredavin/helmfile-validate/pkg/helmfile/event/bus.go:70.17,71.27 1 1
github.com/seredavin/helmfile-validate/pkg/helmfile/event/bus.go:71.27,73.5 1 1
github.com/seredavin/helmfile-validate/pkg/helmfile/event/bus.go:73.10,75.5 1 0
github.com/seredavin/helmfile-validate/pkg/helmfile/event/bus.go:78.3,78.26 1 12
github.com/seredavin/helmfile-validate/pkg/helmfile/event/bus.go:78.26,79.26 1 8
github.com/seredavin/helmfile-validate/pkg/helmfile/event/bus.go:79.26,81.5 1 2
github.com/seredavin/helmfile-validate/pkg/helmfile/event/bus.go:82.4,83.53 2 8
github.com/seredavin/helmfile-validate/pkg/helmfile/event/bus.go:83.53,84.53 1 5
github.com/seredavin/helmfile-validate/pkg/helmfile/event/bus.go:84.53,86.6 1 1
github.com/seredavin/helmfile-validate/pkg/helmfile/event/bus.go:87.5,87.53 1 4
github.com/seredavin/helmfile-validate/pkg/helmfile/event/bus.go:88.10,88.61 1 3
github.com/seredavin/helmfile-validate/pkg/helmfile/event/bus.go:88.61,90.5 1 1
github.com/seredavin/helmfile-validate/pkg/helmfile/event/bus.go:90.10,92.5 1 2
github.com/seredavin/helmfile-validate/pkg/helmfile/event/bus.go:95.3,105.29 3 9
github.com/seredavin/helmfile-validate/pkg/helmfile/event/bus.go:105.29,107.4 1 18
github.com/seredavin/helmfile-validate/pkg/helmfile/event/bus.go:108.3,113.17 4 9
github.com/seredavin/helmfile-validate/pkg/helmfile/event/bus.go:113.17,115.4 1 0
github.com/seredavin/helmfile-validate/pkg/helmfile/event/bus.go:117.3,118.33 2 9
github.com/seredavin/helmfile-validate/pkg/helmfile/event/bus.go:118.33,120.18 2 16
github.com/seredavin/helmfile-validate/pkg/helmfile/event/bus.go:120.18,122.5 1 0
github.com/seredavin/helmfile-validate/pkg/helmfile/event/bus.go:125.3,127.20 3 9
github.com/seredavin/helmfile-validate/pkg/helmfile/event/bus.go:127.20,130.4 2 4
github.com/seredavin/helmfile-validate/pkg/helmfile/event/bus.go:132.3,132.17 1 9
github.com/seredavin/helmfile-validate/pkg/helmfile/event/bus.go:132.17,134.4 1 2
github.com/seredavin/helmfile-validate/pkg/helmfile/event/bus.go:136.3,136.18 1 7
github.com/seredavin/helmfile-validate/pkg/helmfile/event/bus.go:139.2,139.22 1 9
github.com/seredavin/helmfile-validate/pkg/helmfile/filesystem/fs.go:20.40,20.58 1 0
github.com/seredavin/helmfile-validate/pkg/helmfile/filesystem/fs.go:21.40,21.58 1 0
github.com/seredavin/helmfile-validate/pkg/helmfile/filesystem/fs.go:22.40,22.58 1 3
github.com/seredavin/helmfile-validate/pkg/helmfile/filesystem/fs.go:23.40,23.61 1 0
github.com/seredavin/helmfile-validate/pkg/helmfile/filesystem/fs.go:24.40,24.66 1 0
github.com/seredavin/helmfile-validate/pkg/helmfile/filesystem/fs.go:25.40,25.54 1 0
github.com/seredavin/helmfile-validate/pkg/helmfile/filesystem/fs.go:44.38,63.2 9 7
github.com/seredavin/helmfile-validate/pkg/helmfile/filesystem/fs.go:65.52,68.28 2 4
github.com/seredavin/helmfile-validate/pkg/helmfile/filesystem/fs.go:68.28,70.3 1 0
github.com/seredavin/helmfile-validate/pkg/helmfile/filesystem/fs.go:71.2,71.27 1 4
github.com/seredavin/helmfile-validate/pkg/helmfile/filesystem/fs.go:71.27,73.3 1 0
github.com/seredavin/helmfile-validate/pkg/helmfile/filesystem/fs.go:74.2,74.30 1 4
github.com/seredavin/helmfile-validate/pkg/helmfile/filesystem/fs.go:74.30,76.3 1 0
github.com/seredavin/helmfile-validate/pkg/helmfile/filesystem/fs.go:77.2,77.30 1 4
github.com/seredavin/helmfile-validate/pkg/helmfile/filesystem/fs.go:77.30,79.3 1 0
github.com/seredavin/helmfile-validate/pkg/helmfile/filesystem/fs.go:80.2,80.24 1 4
github.com/seredavin/helmfile-validate/pkg/helmfile/filesystem/fs.go:80.24,82.3 1 0
github.com/seredavin/helmfile-validate/pkg/helmfile/filesystem/fs.go:83.2,83.32 1 4
github.com/seredavin/helmfile-validate/pkg/helmfile/filesystem/fs.go:83.32,85.3 1 0
github.com/seredavin/helmfile-validate/pkg/helmfile/filesystem/fs.go:86.2,86.37 1 4
github.com/seredavin/helmfile-validate/pkg/helmfile/filesystem/fs.go:86.37,88.3 1 0
github.com/seredavin/helmfile-validate/pkg/helmfile/filesystem/fs.go:89.2,89.24 1 4
github.com/seredavin/helmfile-validate/pkg/helmfile/filesystem/fs.go:89.24,91.3 1 4
github.com/seredavin/helmfile-validate/pkg/helmfile/filesystem/fs.go:92.2,92.25 1 4
github.com/seredavin/helmfile-validate/pkg/helmfile/filesystem/fs.go:92.25,94.3 1 4
github.com/seredavin/helmfile-validate/pkg/helmfile/filesystem/fs.go:95.2,95.25 1 4
github.com/seredavin/helmfile-validate/pkg/helmfile/filesystem/fs.go:95.25,97.3 1 0
github.com/seredavin/helmfile-validate/pkg/helmfile/filesystem/fs.go:98.2,98.23 1 4
github.com/seredavin/helmfile-validate/pkg/helmfile/filesystem/fs.go:98.23,100.3 1 0
github.com/seredavin/helmfile-validate/pkg/helmfile/filesystem/fs.go:101.2,101.32 1 4
github.com/seredavin/helmfile-validate/pkg/helmfile/filesystem/fs.go:101.32,103.3 1 4
github.com/seredavin/helmfile-validate/pkg/helmfile/filesystem/fs.go:104.2,104.23 1 4
github.com/seredavin/helmfile-validate/pkg/helmfile/filesystem/fs.go:104.23,106.3 1 0
github.com/seredavin/helmfile-validate/pkg/helmfile/filesystem/fs.go:107.2,107.27 1 4
github.com/seredavin/helmfile-validate/pkg/helmfile/filesystem/fs.go:107.27,109.3 1 0
github.com/seredavin/helmfile-validate/pkg/helmfile/filesystem/fs.go:110.2,110.12 1 4
github.com/seredavin/helmfile-validate/pkg/helmfile/filesystem/fs.go:113.70,114.17 1 0
github.com/seredavin/helmfile-validate/pkg/helmfile/filesystem/fs.go:114.17,116.3 1 0
github.com/seredavin/helmfile-validate/pkg/helmfile/filesystem/fs.go:117.2,117.22 1 0
github.com/seredavin/helmfile-validate/pkg/helmfile/filesystem/fs.go:120.69,121.17 1 2
github.com/seredavin/helmfile-validate/pkg/helmfile/filesystem/fs.go:121.17,123.3 1 1
github.com/seredavin/helmfile-validate/pkg/helmfile/filesystem/fs.go:124.2,124.26 1 1
github.com/seredavin/helmfile-validate/pkg/helmfile/filesystem/fs.go:127.69,129.16 2 3
github.com/seredavin/helmfile-validate/pkg/helmfile/filesystem/fs.go:129.16,131.3 1 0
github.com/seredavin/helmfile-validate/pkg/helmfile/filesystem/fs.go:132.2,133.50 2 3
github.com/seredavin/helmfile-validate/pkg/helmfile/filesystem/fs.go:136.76,138.16 2 2
github.com/seredavin/helmfile-validate/pkg/helmfile/filesystem/fs.go:138.16,139.25 1 0
github.com/seredavin/helmfile-validate/pkg/helmfile/filesystem/fs.go:139.25,141.4 1 0
github.com/seredavin/helmfile-validate/pkg/helmfile/filesystem/fs.go:142.3,142.20 1 0
github.com/seredavin/helmfile-validate/pkg/helmfile/filesystem/fs.go:144.2,145.16 2 2
github.com/seredavin/helmfile-validate/pkg/helmfile/filesystem/fs.go:145.16,146.25 1 1
github.com/seredavin/helmfile-validate/pkg/helmfile/filesystem/fs.go:146.25,148.4 1 0
github.com/seredavin/helmfile-validate/pkg/helmfile/filesystem/fs.go:149.3,149.20 1 1
github.com/seredavin/helmfile-validate/pkg/helmfile/filesystem/fs.go:151.2,151.18 1 1
github.com/seredavin/helmfile-validate/pkg/helmfile/filesystem/fs.go:154.72,156.16 2 2
github.com/seredavin/helmfile-validate/pkg/helmfile/filesystem/fs.go:156.16,158.3 1 0
github.com/seredavin/helmfile-validate/pkg/helmfile/filesystem/fs.go:159.2,160.46 2 2
github.com/seredavin/helmfile-validate/pkg/helmfile/filesystem/fs.go:163.76,164.54 1 12
github.com/seredavin/helmfile-validate/pkg/helmfile/filesystem/fs.go:164.54,166.17 2 2
github.com/seredavin/helmfile-validate/pkg/helmfile/filesystem/fs.go:166.17,168.4 1 0
github.com/seredavin/helmfile-validate/pkg/helmfile/filesystem/fs.go:170.3,171.17 2 2
github.com/seredavin/helmfile-validate/pkg/helmfile/filesystem/fs.go:171.17,173.4 1 0
github.com/seredavin/helmfile-validate/pkg/helmfile/filesystem/fs.go:174.3,175.17 2 2
github.com/seredavin/helmfile-validate/pkg/helmfile/filesystem/fs.go:175.17,177.4 1 1
github.com/seredavin/helmfile-validate/pkg/helmfile/filesystem/fs.go:178.3,178.19 1 1
github.com/seredavin/helmfile-validate/pkg/helmfile/filesystem/fs.go:180.2,180.18 1 10
github.com/seredavin/helmfile-validate/pkg/helmfile/filesystem/fs.go:183.71,185.16 2 0
github.com/seredavin/helmfile-validate/pkg/helmfile/filesystem/fs.go:185.16,187.3 1 0
github.com/seredavin/helmfile-validate/pkg/helmfile/filesystem/fs.go:188.2,188.27 1 0
github.com/seredavin/helmfile-validate/pkg/helmfile/filesystem/fs.go:192.76,194.2 1 0
github.com/seredavin/helmfile-validate/pkg/helmfile/exectest/helm.go:23.34,25.2 1 0
github.com/seredavin/helmfile-validate/pkg/helmfile/exectest/helm.go:70.50,71.38 1 0
github.com/seredavin/helmfile-validate/pkg/helmfile/exectest/helm.go:71.38,73.3 1 0
github.com/seredavin/helmfile-validate/pkg/helmfile/exectest/helm.go:74.2,76.37 2 0
github.com/seredavin/helmfile-validate/pkg/helmfile/exectest/helm.go:76.37,78.13 2 0
github.com/seredavin/helmfile-validate/pkg/helmfile/exectest/helm.go:78.13,79.42 1 0
github.com/seredavin/helmfile-validate/pkg/helmfile/exectest/helm.go:79.42,81.5 1 0
github.com/seredavin/helmfile-validate/pkg/helmfile/exectest/helm.go:84.2,84.12 1 0
github.com/seredavin/helmfile-validate/pkg/helmfile/exectest/helm.go:87.72,88.38 1 0
github.com/seredavin/helmfile-validate/pkg/helmfile/exectest/helm.go:88.38,90.3 1 0
github.com/seredavin/helmfile-validate/pkg/helmfile/exectest/helm.go:91.2,92.12 2 0
github.com/seredavin/helmfile-validate/pkg/helmfile/exectest/helm.go:95.49,96.2 0 0
github.com/seredavin/helmfile-validate/pkg/helmfile/exectest/helm.go:97.46,98.2 0 0
github.com/seredavin/helmfile-validate/pkg/helmfile/exectest/helm.go:99.63,100.2 0 0
github.com/seredavin/helmfile-validate/pkg/helmfile/exectest/helm.go:101.60,102.2 0 0
github.com/seredavin/helmfile-validate/pkg/helmfile/exectest/helm.go:103.68,104.2 0 0
github.com/seredavin/helmfile-validate/pkg/helmfile/exectest/helm.go:105.158,108.2 2 0
github.com/seredavin/helmfile-validate/pkg/helmfile/exectest/helm.go:109.38,111.2 1 0
github.com/seredavin/helmfile-validate/pkg/helmfile/exectest/helm.go:112.119,115.2 2 0
github.com/seredavin/helmfile-validate/pkg/helmfile/exectest/helm.go:116.115,117.41 1 0
github.com/seredavin/helmfile-validate/pkg/helmfile/exectest/helm.go:117.41,119.41 2 0
github.com/seredavin/helmfile-validate/pkg/helmfile/exectest/helm.go:119.41,120.28 1 0
github.com/seredavin/helmfile-validate/pkg/helmfile/exectest/helm.go:120.28,122.5 1 0
github.com/seredavin/helmfile-validate/pkg/helmfile/exectest/helm.go:124.3,125.40 2 0
github.com/seredavin/helmfile-validate/pkg/helmfile/exectest/helm.go:125.40,126.28 1 0
github.com/seredavin/helmfile-validate/pkg/helmfile/exectest/helm.go:126.28,128.5 1 0
github.com/seredavin/helmfile-validate/pkg/helmfile/exectest/helm.go:131.3,131.39 1 0
github.com/seredavin/helmfile-validate/pkg/helmfile/exectest/helm.go:131.39,133.4 1 0
github.com/seredavin/helmfile-validate/pkg/helmfile/exectest/helm.go:134.8,134.44 1 0
github.com/seredavin/helmfile-validate/pkg/helmfile/exectest/helm.go:134.44,136.3 1 0
github.com/seredavin/helmfile-validate/pkg/helmfile/exectest/helm.go:137.2,137.39 1 0
github.com/seredavin/helmfile-validate/pkg/helmfile/exectest/helm.go:137.39,139.3 1 0
github.com/seredavin/helmfile-validate/pkg/helmfile/exectest/helm.go:140.2,140.37 1 0
github.com/seredavin/helmfile-validate/pkg/helmfile/exectest/helm.go:140.37,142.3 1 0
github.com/seredavin/helmfile-validate/pkg/helmfile/exectest/helm.go:144.2,144.12 1 0
github.com/seredavin/helmfile-validate/pkg/helmfile/exectest/helm.go:146.134,147.27 1 0
github.com/seredavin/helmfile-validate/pkg/helmfile/exectest/helm.go:147.27,149.3 1 0
github.com/seredavin/helmfile-validate/pkg/helmfile/exectest/helm.go:150.2,151.27 2 0
github.com/seredavin/helmfile-validate/pkg/helmfile/exectest/helm.go:151.27,153.3 1 0
github.com/seredavin/helmfile-validate/pkg/helmfile/exectest/helm.go:155.2,155.23 1 0
github.com/seredavin/helmfile-validate/pkg/helmfile/exectest/helm.go:155.23,157.3 1 0
github.com/seredavin/helmfile-validate/pkg/helmfile/exectest/helm.go:159.2,161.38 3 0
github.com/seredavin/helmfile-validate/pkg/helmfile/exectest/helm.go:161.38,163.3 1 0
github.com/seredavin/helmfile-validate/pkg/helmfile/exectest/helm.go:164.2,164.12 1 0
github.com/seredavin/helmfile-validate/pkg/helmfile/exectest/helm.go:166.102,167.43 1 0
github.com/seredavin/helmfile-validate/pkg/helmfile/exectest/helm.go:167.43,169.3 1 0
github.com/seredavin/helmfile-validate/pkg/helmfile/exectest/helm.go:170.2,170.40 1 0
github.com/seredavin/helmfile-validate/pkg/helmfile/exectest/helm.go:170.40,172.3 1 0
github.com/seredavin/helmfile-validate/pkg/helmfile/exectest/helm.go:173.2,174.12 2 0
github.com/seredavin/helmfile-validate/pkg/helmfile/exectest/helm.go:176.99,177.37 1 0
github.com/seredavin/helmfile-validate/pkg/helmfile/exectest/helm.go:177.37,179.3 1 0
github.com/seredavin/helmfile-validate/pkg/helmfile/exectest/helm.go:180.2,181.12 2 0
github.com/seredavin/helmfile-validate/pkg/helmfile/exectest/helm.go:183.102,186.23 2 0
github.com/seredavin/helmfile-validate/pkg/helmfile/exectest/helm.go:186.23,188.3 1 0
github.com/seredavin/helmfile-validate/pkg/helmfile/exectest/helm.go:190.2,191.38 2 0
github.com/seredavin/helmfile-validate/pkg/helmfile/exectest/helm.go:191.38,193.29 2 0
github.com/seredavin/helmfile-validate/pkg/helmfile/exectest/helm.go:193.29,195.4 1 0
github.com/seredavin/helmfile-validate/pkg/helmfile/exectest/helm.go:196.3,196.98 1 0
github.com/seredavin/helmfile-validate/pkg/helmfile/exectest/helm.go:198.2,198.17 1 0
github.com/seredavin/helmfile-validate/pkg/helmfile/exectest/helm.go:200.109,202.2 1 0
github.com/seredavin/helmfile-validate/pkg/helmfile/exectest/helm.go:203.97,204.37 1 0
github.com/seredavin/helmfile-validate/pkg/helmfile/exectest/helm.go:204.37,206.3 1 0
github.com/seredavin/helmfile-validate/pkg/helmfile/exectest/helm.go:207.2,208.12 2 0
github.com/seredavin/helmfile-validate/pkg/helmfile/exectest/helm.go:210.62,212.2 1 0
github.com/seredavin/helmfile-validate/pkg/helmfile/exectest/helm.go:213.67,214.37 1 0
github.com/seredavin/helmfile-validate/pkg/helmfile/exectest/helm.go:214.37,216.3 1 0
github.com/seredavin/helmfile-validate/pkg/helmfile/exectest/helm.go:217.2,218.12 2 0
github.com/seredavin/helmfile-validate/pkg/helmfile/exectest/helm.go:220.78,221.37 1 0
github.com/seredavin/helmfile-validate/pkg/helmfile/exectest/helm.go:221.37,223.3 1 0
github.com/seredavin/helmfile-validate/pkg/helmfile/exectest/helm.go:224.2,225.12 2 0
github.com/seredavin/helmfile-validate/pkg/helmfile/exectest/helm.go:227.79,229.2 1 0
github.com/seredavin/helmfile-validate/pkg/helmfile/exectest/helm.go:230.64,232.2 1 0
github.com/seredavin/helmfile-validate/pkg/helmfile/exectest/helm.go:233.34,236.25 1 0
github.com/seredavin/helmfile-validate/pkg/helmfile/exectest/helm.go:236.25,238.3 1 0
github.com/seredavin/helmfile-validate/pkg/helmfile/exectest/helm.go:241.2,241.16 1 0
github.com/seredavin/helmfile-validate/pkg/helmfile/exectest/helm.go:241.16,243.3 1 0
github.com/seredavin/helmfile-validate/pkg/helmfile/exectest/helm.go:244.2,244.16 1 0
github.com/seredavin/helmfile-validate/pkg/helmfile/exectest/helm.go:244.16,246.3 1 0
github.com/seredavin/helmfile-validate/pkg/helmfile/exectest/helm.go:249.2,249.22 1 0
github.com/seredavin/helmfile-validate/pkg/helmfile/exectest/helm.go:249.22,251.3 1 0
github.com/seredavin/helmfile-validate/pkg/helmfile/exectest/helm.go:254.2,254.14 1 0
github.com/seredavin/helmfile-validate/pkg/helmfile/exectest/helm.go:257.34,260.25 1 0
github.com/seredavin/helmfile-validate/pkg/helmfile/exectest/helm.go:260.25,262.3 1 0
github.com/seredavin/helmfile-validate/pkg/helmfile/exectest/helm.go:265.2,265.16 1 0
github.com/seredavin/helmfile-validate/pkg/helmfile/exectest/helm.go:265.16,267.3 1 0
github.com/seredavin/helmfile-validate/pkg/helmfile/exectest/helm.go:268.2,268.16 1 0
github.com/seredavin/helmfile-validate/pkg/helmfile/exectest/helm.go:268.16,270.3 1 0
github.com/seredavin/helmfile-validate/pkg/helmfile/exectest/helm.go:273.2,273.22 1 0
github.com/seredavin/helmfile-validate/pkg/helmfile/exectest/helm.go:273.22,275.3 1 0
github.com/seredavin/helmfile-validate/pkg/helmfile/exectest/helm.go:278.2,278.13 1 0
github.com/seredavin/helmfile-validate/pkg/helmfile/exectest/helm.go:281.49,287.2 1 0
github.com/seredavin/helmfile-validate/pkg/helmfile/exectest/helm.go:289.60,290.25 1 0
github.com/seredavin/helmfile-validate/pkg/helmfile/exectest/helm.go:290.25,292.3 1 0
github.com/seredavin/helmfile-validate/pkg/helmfile/exectest/helm.go:294.2,295.65 2 0
github.com/seredavin/helmfile-validate/pkg/helmfile/exectest/helm.go:298.49,299.14 1 0
github.com/seredavin/helmfile-validate/pkg/helmfile/exectest/helm.go:299.14,302.3 2 0
github.com/seredavin/helmfile-validate/pkg/helmfile/exectest/helm.go:304.2,304.5 1 0
github.com/seredavin/helmfile-validate/pkg/helmfile/exectest/helm.go:307.71,308.19 1 0
github.com/seredavin/helmfile-validate/pkg/helmfile/exectest/helm.go:309.23,310.47 1 0
github.com/seredavin/helmfile-validate/pkg/helmfile/exectest/helm.go:311.10,312.57 1 0
github.com/seredavin/helmfile-validate/pkg/helmfile/exectest/helm.go:319.28,322.22 2 0
github.com/seredavin/helmfile-validate/pkg/helmfile/exectest/helm.go:322.22,324.3 1 0
github.com/seredavin/helmfile-validate/pkg/helmfile/exectest/helm.go:327.2,329.34 3 0
github.com/seredavin/helmfile-validate/pkg/helmfile/exectest/helm.go:329.34,331.3 1 0
github.com/seredavin/helmfile-validate/pkg/helmfile/exectest/helm.go:334.2,334.43 1 0
github.com/seredavin/helmfile-validate/pkg/helmfile/exectest/helm.go:340.121,342.16 2 0
github.com/seredavin/helmfile-validate/pkg/helmfile/exectest/helm.go:342.16,344.3 1 0
github.com/seredavin/helmfile-validate/pkg/helmfile/exectest/helm.go:345.2,345.33 1 0
github.com/seredavin/helmfile-validate/pkg/helmfile/exectest/helm.go:348.120,350.16 2 0
github.com/seredavin/helmfile-validate/pkg/helmfile/exectest/helm.go:350.16,352.3 1 0
github.com/seredavin/helmfile-validate/pkg/helmfile/exectest/helm.go:353.2,354.33 2 0
github.com/seredavin/helmfile-validate/pkg/helmfile/exectest/helm.go:357.45,359.22 2 0
github.com/seredavin/helmfile-validate/pkg/helmfile/exectest/helm.go:359.22,361.3 1 0
github.com/seredavin/helmfile-validate/pkg/helmfile/exectest/helm.go:362.2,362.12 1 0
github.com/seredavin/helmfile-validate/pkg/helmfile/hcllang/hcl_functions.go:11.108,75.33 2 2
github.com/seredavin/helmfile-validate/pkg/helmfile/hcllang/hcl_functions.go:75.33,77.17 2 0
github.com/seredavin/helmfile-validate/pkg/helmfile/hcllang/hcl_functions.go:77.17,79.4 1 0
github.com/seredavin/helmfile-validate/pkg/helmfile/hcllang/hcl_functions.go:81.2,81.26 1 2
github.com/seredavin/helmfile-validate/pkg/helmfile/hcllang/hcl_loader.go:44.84,49.2 1 0
github.com/seredavin/helmfile-validate/pkg/helmfile/hcllang/hcl_loader.go:50.43,52.2 1 0
github.com/seredavin/helmfile-validate/pkg/helmfile/hcllang/hcl_loader.go:54.47,56.2 1 5
github.com/seredavin/helmfile-validate/pkg/helmfile/hcllang/hcl_loader.go:58.35,60.2 1 1
github.com/seredavin/helmfile-validate/pkg/helmfile/hcllang/hcl_loader.go:62.58,63.22 1 1
github.com/seredavin/helmfile-validate/pkg/helmfile/hcllang/hcl_loader.go:63.22,65.3 1 0
github.com/seredavin/helmfile-validate/pkg/helmfile/hcllang/hcl_loader.go:67.2,68.20 2 1
github.com/seredavin/helmfile-validate/pkg/helmfile/hcllang/hcl_loader.go:68.20,70.3 1 0
github.com/seredavin/helmfile-validate/pkg/helmfile/hcllang/hcl_loader.go:74.2,75.31 2 1
github.com/seredavin/helmfile-validate/pkg/helmfile/hcllang/hcl_loader.go:75.31,77.17 2 1
github.com/seredavin/helmfile-validate/pkg/helmfile/hcllang/hcl_loader.go:77.17,79.4 1 0
github.com/seredavin/helmfile-validate/pkg/helmfile/hcllang/hcl_loader.go:80.3,81.17 2 1
github.com/seredavin/helmfile-validate/pkg/helmfile/hcllang/hcl_loader.go:81.17,83.4 1 0
github.com/seredavin/helmfile-validate/pkg/helmfile/hcllang/hcl_loader.go:84.3,85.74 2 1
github.com/seredavin/helmfile-validate/pkg/helmfile/hcllang/hcl_loader.go:89.2,90.16 2 1
github.com/seredavin/helmfile-validate/pkg/helmfile/hcllang/hcl_loader.go:90.16,92.3 1 0
github.com/seredavin/helmfile-validate/pkg/helmfile/hcllang/hcl_loader.go:93.2,94.16 2 1
github.com/seredavin/helmfile-validate/pkg/helmfile/hcllang/hcl_loader.go:94.16,96.3 1 0
github.com/seredavin/helmfile-validate/pkg/helmfile/hcllang/hcl_loader.go:97.2,98.16 2 1
github.com/seredavin/helmfile-validate/pkg/helmfile/hcllang/hcl_loader.go:98.16,100.3 1 0
github.com/seredavin/helmfile-validate/pkg/helmfile/hcllang/hcl_loader.go:101.2,101.26 1 1
github.com/seredavin/helmfile-validate/pkg/helmfile/hcllang/hcl_loader.go:104.126,107.39 2 2
github.com/seredavin/helmfile-validate/pkg/helmfile/hcllang/hcl_loader.go:107.39,109.42 2 6
github.com/seredavin/helmfile-validate/pkg/helmfile/hcllang/hcl_loader.go:109.42,111.20 2 5
github.com/seredavin/helmfile-validate/pkg/helmfile/hcllang/hcl_loader.go:111.20,113.5 1 0
github.com/seredavin/helmfile-validate/pkg/helmfile/hcllang/hcl_loader.go:114.4,114.56 1 5
github.com/seredavin/helmfile-validate/pkg/helmfile/hcllang/hcl_loader.go:114.56,116.5 1 3
github.com/seredavin/helmfile-validate/pkg/helmfile/hcllang/hcl_loader.go:118.3,119.54 2 6
github.com/seredavin/helmfile-validate/pkg/helmfile/hcllang/hcl_loader.go:123.2,126.16 2 2
github.com/seredavin/helmfile-validate/pkg/helmfile/hcllang/hcl_loader.go:126.16,128.3 1 2
github.com/seredavin/helmfile-validate/pkg/helmfile/hcllang/hcl_loader.go:130.2,130.56 1 0
github.com/seredavin/helmfile-validate/pkg/helmfile/hcllang/hcl_loader.go:130.56,132.36 2 0
github.com/seredavin/helmfile-validate/pkg/helmfile/hcllang/hcl_loader.go:132.36,134.4 1 0
github.com/seredavin/helmfile-validate/pkg/helmfile/hcllang/hcl_loader.go:135.3,135.132 1 0
github.com/seredavin/helmfile-validate/pkg/helmfile/hcllang/hcl_loader.go:136.8,138.3 1 0
github.com/seredavin/helmfile-validate/pkg/helmfile/hcllang/hcl_loader.go:141.200,146.16 5 2
github.com/seredavin/helmfile-validate/pkg/helmfile/hcllang/hcl_loader.go:146.16,148.3 1 0
github.com/seredavin/helmfile-validate/pkg/helmfile/hcllang/hcl_loader.go:149.2,149.68 1 2
github.com/seredavin/helmfile-validate/pkg/helmfile/hcllang/hcl_loader.go:149.68,152.40 2 4
github.com/seredavin/helmfile-validate/pkg/helmfile/hcllang/hcl_loader.go:152.40,154.93 2 6
github.com/seredavin/helmfile-validate/pkg/helmfile/hcllang/hcl_loader.go:154.93,156.5 1 4
github.com/seredavin/helmfile-validate/pkg/helmfile/hcllang/hcl_loader.go:157.4,163.22 3 6
github.com/seredavin/helmfile-validate/pkg/helmfile/hcllang/hcl_loader.go:163.22,165.5 1 0
github.com/seredavin/helmfile-validate/pkg/helmfile/hcllang/hcl_loader.go:166.4,166.21 1 6
github.com/seredavin/helmfile-validate/pkg/helmfile/hcllang/hcl_loader.go:167.31,171.46 2 4
github.com/seredavin/helmfile-validate/pkg/helmfile/hcllang/hcl_loader.go:172.31,173.74 1 2
github.com/seredavin/helmfile-validate/pkg/helmfile/hcllang/hcl_loader.go:177.2,177.20 1 2
github.com/seredavin/helmfile-validate/pkg/helmfile/hcllang/hcl_loader.go:180.122,185.39 5 5
github.com/seredavin/helmfile-validate/pkg/helmfile/hcllang/hcl_loader.go:185.39,187.19 2 5
github.com/seredavin/helmfile-validate/pkg/helmfile/hcllang/hcl_loader.go:187.19,189.4 1 0
github.com/seredavin/helmfile-validate/pkg/helmfile/hcllang/hcl_loader.go:190.3,191.23 2 5
github.com/seredavin/helmfile-validate/pkg/helmfile/hcllang/hcl_loader.go:193.2,193.31 1 5
github.com/seredavin/helmfile-validate/pkg/helmfile/hcllang/hcl_loader.go:196.157,198.16 2 5
github.com/seredavin/helmfile-validate/pkg/helmfile/hcllang/hcl_loader.go:198.16,207.3 1 0
github.com/seredavin/helmfile-validate/pkg/helmfile/hcllang/hcl_loader.go:210.2,212.59 3 5
github.com/seredavin/helmfile-validate/pkg/helmfile/hcllang/hcl_loader.go:212.59,214.3 1 0
github.com/seredavin/helmfile-validate/pkg/helmfile/hcllang/hcl_loader.go:216.2,228.18 3 5
github.com/seredavin/helmfile-validate/pkg/helmfile/hcllang/hcl_loader.go:228.18,230.3 1 0
github.com/seredavin/helmfile-validate/pkg/helmfile/hcllang/hcl_loader.go:232.2,235.59 2 5
github.com/seredavin/helmfile-validate/pkg/helmfile/hcllang/hcl_loader.go:235.59,242.3 1 0
github.com/seredavin/helmfile-validate/pkg/helmfile/hcllang/hcl_loader.go:243.2,243.39 1 5
github.com/seredavin/helmfile-validate/pkg/helmfile/hcllang/hcl_loader.go:243.39,245.42 2 10
github.com/seredavin/helmfile-validate/pkg/helmfile/hcllang/hcl_loader.go:245.42,247.20 2 5
github.com/seredavin/helmfile-validate/pkg/helmfile/hcllang/hcl_loader.go:247.20,249.5 1 0
github.com/seredavin/helmfile-validate/pkg/helmfile/hcllang/hcl_loader.go:252.3,252.42 1 10
github.com/seredavin/helmfile-validate/pkg/helmfile/hcllang/hcl_loader.go:252.42,254.20 2 5
github.com/seredavin/helmfile-validate/pkg/helmfile/hcllang/hcl_loader.go:254.20,256.5 1 0
github.com/seredavin/helmfile-validate/pkg/helmfile/hcllang/hcl_loader.go:260.3,260.36 1 10
github.com/seredavin/helmfile-validate/pkg/helmfile/hcllang/hcl_loader.go:260.36,261.23 1 20
github.com/seredavin/helmfile-validate/pkg/helmfile/hcllang/hcl_loader.go:261.23,271.5 3 0
github.com/seredavin/helmfile-validate/pkg/helmfile/hcllang/hcl_loader.go:273.3,274.17 2 10
github.com/seredavin/helmfile-validate/pkg/helmfile/hcllang/hcl_loader.go:274.17,283.4 3 0
github.com/seredavin/helmfile-validate/pkg/helmfile/hcllang/hcl_loader.go:286.2,286.39 1 5
github.com/seredavin/helmfile-validate/pkg/helmfile/hcllang/hcl_loader.go:289.117,291.37 2 10
github.com/seredavin/helmfile-validate/pkg/helmfile/hcllang/hcl_loader.go:291.37,293.3 1 0
github.com/seredavin/helmfile-validate/pkg/helmfile/hcllang/hcl_loader.go:295.2,296.32 2 10
github.com/seredavin/helmfile-validate/pkg/helmfile/hcllang/hcl_loader.go:296.32,297.39 1 30
github.com/seredavin/helmfile-validate/pkg/helmfile/hcllang/hcl_loader.go:297.39,304.4 1 0
github.com/seredavin/helmfile-validate/pkg/helmfile/hcllang/hcl_loader.go:306.3,310.4 1 30
github.com/seredavin/helmfile-validate/pkg/helmfile/hcllang/hcl_loader.go:312.2,312.22 1 10
github.com/seredavin/helmfile-validate/pkg/helmfile/hcllang/hcl_loader.go:315.110,316.25 1 10
github.com/seredavin/helmfile-validate/pkg/helmfile/hcllang/hcl_loader.go:316.25,323.3 1 0
github.com/seredavin/helmfile-validate/pkg/helmfile/hcllang/hcl_loader.go:324.2,326.72 2 10
github.com/seredavin/helmfile-validate/pkg/helmfile/hcllang/hcl_loader.go:326.72,328.3 1 4
github.com/seredavin/helmfile-validate/pkg/helmfile/hcllang/hcl_loader.go:329.2,331.24 2 6
github.com/seredavin/helmfile-validate/pkg/helmfile/hcllang/hcl_loader.go:331.24,340.3 1 0
github.com/seredavin/helmfile-validate/pkg/helmfile/hcllang/hcl_loader.go:342.2,342.57 1 6
github.com/seredavin/helmfile-validate/pkg/helmfile/hcllang/hcl_loader.go:342.57,344.3 1 6
github.com/seredavin/helmfile-validate/pkg/helmfile/hcllang/hcl_loader.go:346.2,353.3 1 0
github.com/seredavin/helmfile-validate/pkg/helmfile/hcllang/hcl_loader.go:356.84,363.16 2 1
github.com/seredavin/helmfile-validate/pkg/helmfile/hcllang/hcl_loader.go:363.16,365.3 1 0
github.com/seredavin/helmfile-validate/pkg/helmfile/hcllang/hcl_loader.go:367.2,369.16 3 1
github.com/seredavin/helmfile-validate/pkg/helmfile/hcllang/hcl_loader.go:369.16,371.3 1 0
github.com/seredavin/helmfile-validate/pkg/helmfile/hcllang/hcl_loader.go:373.2,373.57 1 1
github.com/seredavin/helmfile-validate/pkg/helmfile/hcllang/hcl_loader.go:373.57,375.3 1 1
github.com/seredavin/helmfile-validate/pkg/helmfile/hcllang/hcl_loader.go:375.8,377.3 1 0
github.com/seredavin/helmfile-validate/pkg/helmfile/maputil/maputil.go:9.55,11.25 2 6
github.com/seredavin/helmfile-validate/pkg/helmfile/maputil/maputil.go:12.19,13.25 1 3
github.com/seredavin/helmfile-validate/pkg/helmfile/maputil/maputil.go:13.25,15.30 2 3
github.com/seredavin/helmfile-validate/pkg/helmfile/maputil/maputil.go:16.16,17.18 1 3
github.com/seredavin/helmfile-validate/pkg/helmfile/maputil/maputil.go:18.12,19.124 1 0
github.com/seredavin/helmfile-validate/pkg/helmfile/maputil/maputil.go:22.4,23.18 2 3
github.com/seredavin/helmfile-validate/pkg/helmfile/maputil/maputil.go:23.18,25.5 1 0
github.com/seredavin/helmfile-validate/pkg/helmfile/maputil/maputil.go:27.4,27.23 1 3
github.com/seredavin/helmfile-validate/pkg/helmfile/maputil/maputil.go:29.22,30.25 1 3
github.com/seredavin/helmfile-validate/pkg/helmfile/maputil/maputil.go:30.25,32.18 2 3
github.com/seredavin/helmfile-validate/pkg/helmfile/maputil/maputil.go:32.18,34.5 1 0
github.com/seredavin/helmfile-validate/pkg/helmfile/maputil/maputil.go:36.4,36.20 1 3
github.com/seredavin/helmfile-validate/pkg/helmfile/maputil/maputil.go:39.2,39.17 1 6
github.com/seredavin/helmfile-validate/pkg/helmfile/maputil/maputil.go:42.53,44.28 2 10
github.com/seredavin/helmfile-validate/pkg/helmfile/maputil/maputil.go:45.35,47.17 2 4
github.com/seredavin/helmfile-validate/pkg/helmfile/maputil/maputil.go:47.17,49.4 1 0
github.com/seredavin/helmfile-validate/pkg/helmfile/maputil/maputil.go:50.3,50.16 1 4
github.com/seredavin/helmfile-validate/pkg/helmfile/maputil/maputil.go:51.13,53.25 2 4
github.com/seredavin/helmfile-validate/pkg/helmfile/maputil/maputil.go:53.25,55.18 2 4
github.com/seredavin/helmfile-validate/pkg/helmfile/maputil/maputil.go:55.18,57.5 1 0
github.com/seredavin/helmfile-validate/pkg/helmfile/maputil/maputil.go:58.4,58.22 1 4
github.com/seredavin/helmfile-validate/pkg/helmfile/maputil/maputil.go:60.3,60.14 1 4
github.com/seredavin/helmfile-validate/pkg/helmfile/maputil/maputil.go:61.10,62.19 1 2
github.com/seredavin/helmfile-validate/pkg/helmfile/maputil/maputil.go:64.2,64.21 1 10
github.com/seredavin/helmfile-validate/pkg/helmfile/maputil/maputil.go:76.57,78.9 2 10
github.com/seredavin/helmfile-validate/pkg/helmfile/maputil/maputil.go:78.9,80.3 1 5
github.com/seredavin/helmfile-validate/pkg/helmfile/maputil/maputil.go:81.2,81.30 1 10
github.com/seredavin/helmfile-validate/pkg/helmfile/maputil/maputil.go:82.22,83.11 1 10
github.com/seredavin/helmfile-validate/pkg/helmfile/maputil/maputil.go:84.10,85.53 1 0
github.com/seredavin/helmfile-validate/pkg/helmfile/maputil/maputil.go:89.50,91.2 1 6
github.com/seredavin/helmfile-validate/pkg/helmfile/maputil/maputil.go:98.57,100.9 2 16
github.com/seredavin/helmfile-validate/pkg/helmfile/maputil/maputil.go:100.9,102.3 1 7
github.com/seredavin/helmfile-validate/pkg/helmfile/maputil/maputil.go:103.2,103.30 1 16
github.com/seredavin/helmfile-validate/pkg/helmfile/maputil/maputil.go:104.13,105.24 1 16
github.com/seredavin/helmfile-validate/pkg/helmfile/maputil/maputil.go:105.24,109.4 3 4
github.com/seredavin/helmfile-validate/pkg/helmfile/maputil/maputil.go:110.3,110.11 1 16
github.com/seredavin/helmfile-validate/pkg/helmfile/maputil/maputil.go:111.10,112.53 1 0
github.com/seredavin/helmfile-validate/pkg/helmfile/maputil/maputil.go:116.64,118.23 2 5
github.com/seredavin/helmfile-validate/pkg/helmfile/maputil/maputil.go:118.23,120.3 1 2
github.com/seredavin/helmfile-validate/pkg/helmfile/maputil/maputil.go:121.2,121.32 1 5
github.com/seredavin/helmfile-validate/pkg/helmfile/maputil/maputil.go:122.22,123.11 1 5
github.com/seredavin/helmfile-validate/pkg/helmfile/maputil/maputil.go:124.10,125.53 1 0
github.com/seredavin/helmfile-validate/pkg/helmfile/maputil/maputil.go:129.57,133.2 3 11
github.com/seredavin/helmfile-validate/pkg/helmfile/maputil/maputil.go:135.32,143.26 6 32
github.com/seredavin/helmfile-validate/pkg/helmfile/maputil/maputil.go:143.26,148.3 1 16
github.com/seredavin/helmfile-validate/pkg/helmfile/maputil/maputil.go:150.2,152.3 1 16
github.com/seredavin/helmfile-validate/pkg/helmfile/maputil/maputil.go:155.36,159.27 4 11
github.com/seredavin/helmfile-validate/pkg/helmfile/maputil/maputil.go:159.27,161.10 2 102
github.com/seredavin/helmfile-validate/pkg/helmfile/maputil/maputil.go:162.33,164.12 2 3
github.com/seredavin/helmfile-validate/pkg/helmfile/maputil/maputil.go:165.20,166.20 1 6
github.com/seredavin/helmfile-validate/pkg/helmfile/maputil/maputil.go:168.3,169.12 2 99
github.com/seredavin/helmfile-validate/pkg/helmfile/maputil/maputil.go:169.12,172.4 2 3
github.com/seredavin/helmfile-validate/pkg/helmfile/maputil/maputil.go:172.9,174.4 1 96
github.com/seredavin/helmfile-validate/pkg/helmfile/maputil/maputil.go:176.2,176.19 1 11
github.com/seredavin/helmfile-validate/pkg/helmfile/maputil/maputil.go:176.19,178.3 1 11
github.com/seredavin/helmfile-validate/pkg/helmfile/maputil/maputil.go:179.2,179.10 1 11
github.com/seredavin/helmfile-validate/pkg/helmfile/maputil/maputil.go:182.73,183.19 1 17
github.com/seredavin/helmfile-validate/pkg/helmfile/maputil/maputil.go:183.19,184.67 1 0
github.com/seredavin/helmfile-validate/pkg/helmfile/maputil/maputil.go:187.2,187.19 1 17
github.com/seredavin/helmfile-validate/pkg/helmfile/maputil/maputil.go:187.19,189.3 1 15
github.com/seredavin/helmfile-validate/pkg/helmfile/maputil/maputil.go:191.2,191.55 1 17
github.com/seredavin/helmfile-validate/pkg/helmfile/maputil/maputil.go:194.40,196.8 1 27
github.com/seredavin/helmfile-validate/pkg/helmfile/maputil/maputil.go:196.8,198.3 1 5
github.com/seredavin/helmfile-validate/pkg/helmfile/maputil/maputil.go:200.2,200.36 1 22
github.com/seredavin/helmfile-validate/pkg/helmfile/maputil/maputil.go:200.36,202.3 1 1
github.com/seredavin/helmfile-validate/pkg/helmfile/maputil/maputil.go:204.2,204.37 1 21
github.com/seredavin/helmfile-validate/pkg/helmfile/maputil/maputil.go:204.37,206.3 1 0
github.com/seredavin/helmfile-validate/pkg/helmfile/maputil/maputil.go:208.2,208.36 1 21
github.com/seredavin/helmfile-validate/pkg/helmfile/maputil/maputil.go:208.36,210.3 1 1
github.com/seredavin/helmfile-validate/pkg/helmfile/maputil/maputil.go:213.2,213.33 1 20
github.com/seredavin/helmfile-validate/pkg/helmfile/maputil/maputil.go:213.33,215.3 1 1
github.com/seredavin/helmfile-validate/pkg/helmfile/maputil/maputil.go:218.2,218.36 1 19
github.com/seredavin/helmfile-validate/pkg/helmfile/maputil/maputil.go:218.36,219.59 1 18
github.com/seredavin/helmfile-validate/pkg/helmfile/maputil/maputil.go:219.59,221.4 1 1
github.com/seredavin/helmfile-validate/pkg/helmfile/maputil/maputil.go:224.2,224.12 1 18
github.com/seredavin/helmfile-validate/pkg/helmfile/maputil/maputil.go:227.68,230.22 2 14
github.com/seredavin/helmfile-validate/pkg/helmfile/maputil/maputil.go:230.22,232.3 1 21
github.com/seredavin/helmfile-validate/pkg/helmfile/maputil/maputil.go:233.2,233.22 1 14
github.com/seredavin/helmfile-validate/pkg/helmfile/maputil/maputil.go:233.22,234.15 1 21
github.com/seredavin/helmfile-validate/pkg/helmfile/maputil/maputil.go:234.15,235.12 1 1
github.com/seredavin/helmfile-validate/pkg/helmfile/maputil/maputil.go:237.3,237.46 1 20
github.com/seredavin/helmfile-validate/pkg/helmfile/maputil/maputil.go:237.46,238.28 1 6
github.com/seredavin/helmfile-validate/pkg/helmfile/maputil/maputil.go:238.28,239.50 1 5
github.com/seredavin/helmfile-validate/pkg/helmfile/maputil/maputil.go:239.50,242.14 2 4
github.com/seredavin/helmfile-validate/pkg/helmfile/maputil/maputil.go:247.3,248.20 2 16
github.com/seredavin/helmfile-validate/pkg/helmfile/maputil/maputil.go:248.20,249.40 1 4
github.com/seredavin/helmfile-validate/pkg/helmfile/maputil/maputil.go:249.40,251.24 2 4
github.com/seredavin/helmfile-validate/pkg/helmfile/maputil/maputil.go:251.24,254.14 2 4
github.com/seredavin/helmfile-validate/pkg/helmfile/maputil/maputil.go:258.3,258.13 1 12
github.com/seredavin/helmfile-validate/pkg/helmfile/maputil/maputil.go:260.2,260.12 1 14
github.com/seredavin/helmfile-validate/pkg/helmfile/maputil/maputil.go:264.36,265.32 1 20
github.com/seredavin/helmfile-validate/pkg/helmfile/maputil/maputil.go:265.32,267.3 1 8
github.com/seredavin/helmfile-validate/pkg/helmfile/maputil/maputil.go:268.2,268.12 1 12
github.com/seredavin/helmfile-validate/pkg/helmfile/maputil/maputil.go:274.46,277.28 2 4
github.com/seredavin/helmfile-validate/pkg/helmfile/maputil/maputil.go:277.28,279.3 1 0
github.com/seredavin/helmfile-validate/pkg/helmfile/maputil/maputil.go:281.2,287.37 3 4
github.com/seredavin/helmfile-validate/pkg/helmfile/maputil/maputil.go:287.37,291.25 2 6
github.com/seredavin/helmfile-validate/pkg/helmfile/maputil/maputil.go:291.25,292.12 1 2
github.com/seredavin/helmfile-validate/pkg/helmfile/maputil/maputil.go:296.3,296.58 1 4
github.com/seredavin/helmfile-validate/pkg/helmfile/maputil/maputil.go:296.58,297.21 1 2
github.com/seredavin/helmfile-validate/pkg/helmfile/maputil/maputil.go:297.21,298.52 1 2
github.com/seredavin/helmfile-validate/pkg/helmfile/maputil/maputil.go:298.52,300.14 2 2
github.com/seredavin/helmfile-validate/pkg/helmfile/maputil/maputil.go:306.3,306.26 1 2
github.com/seredavin/helmfile-validate/pkg/helmfile/maputil/maputil.go:309.2,309.15 1 4
github.com/seredavin/helmfile-validate/pkg/helmfile/runtime/runtime.go:17.20,19.14 2 0
github.com/seredavin/helmfile-validate/pkg/helmfile/runtime/runtime.go:19.14,21.3 1 0
github.com/seredavin/helmfile-validate/pkg/helmfile/runtime/runtime.go:23.2,23.50 1 0
github.com/seredavin/helmfile-validate/pkg/helmfile/runtime/runtime.go:26.13,28.36 1 0
github.com/seredavin/helmfile-validate/pkg/helmfile/runtime/runtime.go:29.14,30.18 1 0
github.com/seredavin/helmfile-validate/pkg/helmfile/runtime/runtime.go:31.15,32.19 1 0
github.com/seredavin/helmfile-validate/pkg/helmfile/runtime/runtime.go:33.10,34.18 1 0
github.com/seredavin/helmfile-validate/pkg/helmfile/helmexec/exec.go:57.70,63.16 6 43
github.com/seredavin/helmfile-validate/pkg/helmfile/helmexec/exec.go:63.16,64.13 1 0
github.com/seredavin/helmfile-validate/pkg/helmfile/helmexec/exec.go:66.2,71.30 2 43
github.com/seredavin/helmfile-validate/pkg/helmfile/helmexec/exec.go:74.67,75.26 1 49
github.com/seredavin/helmfile-validate/pkg/helmfile/helmexec/exec.go:75.26,77.3 1 1
github.com/seredavin/helmfile-validate/pkg/helmfile/helmexec/exec.go:80.2,81.47 2 48
github.com/seredavin/helmfile-validate/pkg/helmfile/helmexec/exec.go:81.47,83.3 1 10
github.com/seredavin/helmfile-validate/pkg/helmfile/helmexec/exec.go:85.2,87.16 2 48
github.com/seredavin/helmfile-validate/pkg/helmfile/helmexec/exec.go:87.16,89.3 1 1
github.com/seredavin/helmfile-validate/pkg/helmfile/helmexec/exec.go:91.2,92.16 2 47
github.com/seredavin/helmfile-validate/pkg/helmfile/helmexec/exec.go:92.16,94.3 1 0
github.com/seredavin/helmfile-validate/pkg/helmfile/helmexec/exec.go:96.2,96.17 1 47
github.com/seredavin/helmfile-validate/pkg/helmfile/helmexec/exec.go:99.80,102.16 2 41
github.com/seredavin/helmfile-validate/pkg/helmfile/helmexec/exec.go:102.16,104.3 1 0
github.com/seredavin/helmfile-validate/pkg/helmfile/helmexec/exec.go:106.2,106.43 1 41
github.com/seredavin/helmfile-validate/pkg/helmfile/helmexec/exec.go:115.73,118.16 2 0
github.com/seredavin/helmfile-validate/pkg/helmfile/helmexec/exec.go:118.16,120.25 1 0
github.com/seredavin/helmfile-validate/pkg/helmfile/helmexec/exec.go:120.25,122.4 1 0
github.com/seredavin/helmfile-validate/pkg/helmfile/helmexec/exec.go:123.3,123.18 1 0
github.com/seredavin/helmfile-validate/pkg/helmfile/helmexec/exec.go:126.2,126.32 1 0
github.com/seredavin/helmfile-validate/pkg/helmfile/helmexec/exec.go:126.32,127.21 1 0
github.com/seredavin/helmfile-validate/pkg/helmfile/helmexec/exec.go:127.21,128.12 1 0
github.com/seredavin/helmfile-validate/pkg/helmfile/helmexec/exec.go:131.3,133.17 3 0
github.com/seredavin/helmfile-validate/pkg/helmfile/helmexec/exec.go:133.17,134.12 1 0
github.com/seredavin/helmfile-validate/pkg/helmfile/helmexec/exec.go:137.3,138.57 2 0
github.com/seredavin/helmfile-validate/pkg/helmfile/helmexec/exec.go:138.57,139.12 1 0
github.com/seredavin/helmfile-validate/pkg/helmfile/helmexec/exec.go:142.3,142.28 1 0
github.com/seredavin/helmfile-validate/pkg/helmfile/helmexec/exec.go:142.28,144.4 1 0
github.com/seredavin/helmfile-validate/pkg/helmfile/helmexec/exec.go:147.2,147.57 1 0
github.com/seredavin/helmfile-validate/pkg/helmfile/helmexec/exec.go:150.39,152.16 2 12
github.com/seredavin/helmfile-validate/pkg/helmfile/helmexec/exec.go:152.16,154.3 1 8
github.com/seredavin/helmfile-validate/pkg/helmfile/helmexec/exec.go:155.2,155.28 1 4
github.com/seredavin/helmfile-validate/pkg/helmfile/helmexec/exec.go:159.152,161.16 2 41
github.com/seredavin/helmfile-validate/pkg/helmfile/helmexec/exec.go:161.16,163.3 1 0
github.com/seredavin/helmfile-validate/pkg/helmfile/helmexec/exec.go:165.2,165.32 1 41
github.com/seredavin/helmfile-validate/pkg/helmfile/helmexec/exec.go:165.32,168.3 2 1
github.com/seredavin/helmfile-validate/pkg/helmfile/helmexec/exec.go:170.2,179.8 1 41
github.com/seredavin/helmfile-validate/pkg/helmfile/helmexec/exec.go:182.50,184.2 1 8
github.com/seredavin/helmfile-validate/pkg/helmfile/helmexec/exec.go:186.47,188.2 1 2
github.com/seredavin/helmfile-validate/pkg/helmfile/helmexec/exec.go:190.64,192.2 1 1
github.com/seredavin/helmfile-validate/pkg/helmfile/helmexec/exec.go:194.61,196.2 1 1
github.com/seredavin/helmfile-validate/pkg/helmfile/helmexec/exec.go:198.160,203.36 4 17
github.com/seredavin/helmfile-validate/pkg/helmfile/helmexec/exec.go:203.36,206.3 2 1
github.com/seredavin/helmfile-validate/pkg/helmfile/helmexec/exec.go:208.2,208.17 1 16
github.com/seredavin/helmfile-validate/pkg/helmfile/helmexec/exec.go:209.13,211.30 2 1
github.com/seredavin/helmfile-validate/pkg/helmfile/helmexec/exec.go:212.10,217.21 2 14
github.com/seredavin/helmfile-validate/pkg/helmfile/helmexec/exec.go:217.21,218.65 1 4
github.com/seredavin/helmfile-validate/pkg/helmfile/helmexec/exec.go:218.65,219.69 1 4
github.com/seredavin/helmfile-validate/pkg/helmfile/helmexec/exec.go:219.69,221.6 1 2
github.com/seredavin/helmfile-validate/pkg/helmfile/helmexec/exec.go:222.10,223.15 1 0
github.com/seredavin/helmfile-validate/pkg/helmfile/helmexec/exec.go:227.3,227.38 1 14
github.com/seredavin/helmfile-validate/pkg/helmfile/helmexec/exec.go:227.38,229.4 1 6
github.com/seredavin/helmfile-validate/pkg/helmfile/helmexec/exec.go:230.3,230.19 1 14
github.com/seredavin/helmfile-validate/pkg/helmfile/helmexec/exec.go:230.19,232.4 1 1
github.com/seredavin/helmfile-validate/pkg/helmfile/helmexec/exec.go:234.3,234.22 1 14
github.com/seredavin/helmfile-validate/pkg/helmfile/helmexec/exec.go:234.22,236.4 1 1
github.com/seredavin/helmfile-validate/pkg/helmfile/helmexec/exec.go:237.3,237.20 1 14
github.com/seredavin/helmfile-validate/pkg/helmfile/helmexec/exec.go:237.20,239.4 1 1
github.com/seredavin/helmfile-validate/pkg/helmfile/helmexec/exec.go:240.3,241.39 2 14
github.com/seredavin/helmfile-validate/pkg/helmfile/helmexec/exec.go:241.39,246.4 4 5
github.com/seredavin/helmfile-validate/pkg/helmfile/helmexec/exec.go:246.9,248.4 1 9
github.com/seredavin/helmfile-validate/pkg/helmfile/helmexec/exec.go:249.10,252.12 3 1
github.com/seredavin/helmfile-validate/pkg/helmfile/helmexec/exec.go:255.2,256.12 2 16
github.com/seredavin/helmfile-validate/pkg/helmfile/helmexec/exec.go:259.40,264.2 4 1
github.com/seredavin/helmfile-validate/pkg/helmfile/helmexec/exec.go:266.127,267.38 1 2
github.com/seredavin/helmfile-validate/pkg/helmfile/helmexec/exec.go:267.38,269.3 1 0
github.com/seredavin/helmfile-validate/pkg/helmfile/helmexec/exec.go:271.2,277.47 3 2
github.com/seredavin/helmfile-validate/pkg/helmfile/helmexec/exec.go:277.47,280.38 1 1
github.com/seredavin/helmfile-validate/pkg/helmfile/helmexec/exec.go:280.38,282.4 1 1
github.com/seredavin/helmfile-validate/pkg/helmfile/helmexec/exec.go:283.3,283.19 1 1
github.com/seredavin/helmfile-validate/pkg/helmfile/helmexec/exec.go:283.19,285.4 1 1
github.com/seredavin/helmfile-validate/pkg/helmfile/helmexec/exec.go:288.2,288.19 1 2
github.com/seredavin/helmfile-validate/pkg/helmfile/helmexec/exec.go:288.19,290.3 1 2
github.com/seredavin/helmfile-validate/pkg/helmfile/helmexec/exec.go:292.2,299.12 7 2
github.com/seredavin/helmfile-validate/pkg/helmfile/helmexec/exec.go:304.35,306.22 2 231
github.com/seredavin/helmfile-validate/pkg/helmfile/helmexec/exec.go:306.22,307.34 1 2541
github.com/seredavin/helmfile-validate/pkg/helmfile/helmexec/exec.go:307.34,309.4 1 370
github.com/seredavin/helmfile-validate/pkg/helmfile/helmexec/exec.go:310.3,310.39 1 2541
github.com/seredavin/helmfile-validate/pkg/helmfile/helmexec/exec.go:312.2,312.24 1 231
github.com/seredavin/helmfile-validate/pkg/helmfile/helmexec/exec.go:319.52,325.14 3 7
github.com/seredavin/helmfile-validate/pkg/helmfile/helmexec/exec.go:325.14,329.43 3 7
github.com/seredavin/helmfile-validate/pkg/helmfile/helmexec/exec.go:329.43,331.26 2 133
github.com/seredavin/helmfile-validate/pkg/helmfile/helmexec/exec.go:331.26,334.5 2 119
github.com/seredavin/helmfile-validate/pkg/helmfile/helmexec/exec.go:338.3,343.43 4 7
github.com/seredavin/helmfile-validate/pkg/helmfile/helmexec/exec.go:343.43,345.26 2 77
github.com/seredavin/helmfile-validate/pkg/helmfile/helmexec/exec.go:345.26,348.5 2 77
github.com/seredavin/helmfile-validate/pkg/helmfile/helmexec/exec.go:350.8,354.43 3 0
github.com/seredavin/helmfile-validate/pkg/helmfile/helmexec/exec.go:354.43,356.26 2 0
github.com/seredavin/helmfile-validate/pkg/helmfile/helmexec/exec.go:356.26,359.5 2 0
github.com/seredavin/helmfile-validate/pkg/helmfile/helmexec/exec.go:363.3,368.43 4 0
github.com/seredavin/helmfile-validate/pkg/helmfile/helmexec/exec.go:368.43,370.26 2 0
github.com/seredavin/helmfile-validate/pkg/helmfile/helmexec/exec.go:370.26,373.5 2 0
github.com/seredavin/helmfile-validate/pkg/helmfile/helmexec/exec.go:377.2,377.18 1 7
github.com/seredavin/helmfile-validate/pkg/helmfile/helmexec/exec.go:389.64,390.21 1 55
github.com/seredavin/helmfile-validate/pkg/helmfile/helmexec/exec.go:390.21,392.3 1 5
github.com/seredavin/helmfile-validate/pkg/helmfile/helmexec/exec.go:395.2,395.41 1 50
github.com/seredavin/helmfile-validate/pkg/helmfile/helmexec/exec.go:395.41,397.3 1 2
github.com/seredavin/helmfile-validate/pkg/helmfile/helmexec/exec.go:399.2,400.29 2 50
github.com/seredavin/helmfile-validate/pkg/helmfile/helmexec/exec.go:400.29,403.49 2 60
github.com/seredavin/helmfile-validate/pkg/helmfile/helmexec/exec.go:403.49,405.4 1 12
github.com/seredavin/helmfile-validate/pkg/helmfile/helmexec/exec.go:408.3,409.55 2 60
github.com/seredavin/helmfile-validate/pkg/helmfile/helmexec/exec.go:409.55,410.50 1 1114
github.com/seredavin/helmfile-validate/pkg/helmfile/helmexec/exec.go:410.50,412.10 2 39
github.com/seredavin/helmfile-validate/pkg/helmfile/helmexec/exec.go:416.3,416.16 1 60
github.com/seredavin/helmfile-validate/pkg/helmfile/helmexec/exec.go:416.16,418.4 1 39
github.com/seredavin/helmfile-validate/pkg/helmfile/helmexec/exec.go:420.2,420.17 1 50
github.com/seredavin/helmfile-validate/pkg/helmfile/helmexec/exec.go:423.74,429.15 4 6
github.com/seredavin/helmfile-validate/pkg/helmfile/helmexec/exec.go:429.15,431.3 1 6
github.com/seredavin/helmfile-validate/pkg/helmfile/helmexec/exec.go:433.2,442.53 3 6
github.com/seredavin/helmfile-validate/pkg/helmfile/helmexec/exec.go:442.53,444.3 1 0
github.com/seredavin/helmfile-validate/pkg/helmfile/helmexec/exec.go:446.2,448.12 3 6
github.com/seredavin/helmfile-validate/pkg/helmfile/helmexec/exec.go:451.52,457.15 4 2
github.com/seredavin/helmfile-validate/pkg/helmfile/helmexec/exec.go:457.15,459.3 1 2
github.com/seredavin/helmfile-validate/pkg/helmfile/helmexec/exec.go:461.2,464.53 2 2
github.com/seredavin/helmfile-validate/pkg/helmfile/helmexec/exec.go:464.53,466.3 1 0
github.com/seredavin/helmfile-validate/pkg/helmfile/helmexec/exec.go:468.2,470.12 3 2
github.com/seredavin/helmfile-validate/pkg/helmfile/helmexec/exec.go:473.108,483.2 7 3
github.com/seredavin/helmfile-validate/pkg/helmfile/helmexec/exec.go:485.92,492.2 6 1
github.com/seredavin/helmfile-validate/pkg/helmfile/helmexec/exec.go:494.95,513.2 11 0
github.com/seredavin/helmfile-validate/pkg/helmfile/helmexec/exec.go:515.102,517.16 2 0
github.com/seredavin/helmfile-validate/pkg/helmfile/helmexec/exec.go:517.16,519.3 1 0
github.com/seredavin/helmfile-validate/pkg/helmfile/helmexec/exec.go:521.2,527.9 4 0
github.com/seredavin/helmfile-validate/pkg/helmfile/helmexec/exec.go:527.9,540.21 10 0
github.com/seredavin/helmfile-validate/pkg/helmfile/helmexec/exec.go:540.21,542.4 1 0
github.com/seredavin/helmfile-validate/pkg/helmfile/helmexec/exec.go:542.9,544.4 1 0
github.com/seredavin/helmfile-validate/pkg/helmfile/helmexec/exec.go:545.3,546.17 2 0
github.com/seredavin/helmfile-validate/pkg/helmfile/helmexec/exec.go:546.17,549.4 2 0
github.com/seredavin/helmfile-validate/pkg/helmfile/helmexec/exec.go:550.3,552.32 2 0
github.com/seredavin/helmfile-validate/pkg/helmfile/helmexec/exec.go:552.32,554.4 1 0
github.com/seredavin/helmfile-validate/pkg/helmfile/helmexec/exec.go:555.3,557.17 3 0
github.com/seredavin/helmfile-validate/pkg/helmfile/helmexec/exec.go:557.17,560.4 2 0
github.com/seredavin/helmfile-validate/pkg/helmfile/helmexec/exec.go:565.3,565.67 1 0
github.com/seredavin/helmfile-validate/pkg/helmfile/helmexec/exec.go:565.67,571.18 4 0
github.com/seredavin/helmfile-validate/pkg/helmfile/helmexec/exec.go:571.18,573.5 1 0
github.com/seredavin/helmfile-validate/pkg/helmfile/helmexec/exec.go:574.4,574.35 1 0
github.com/seredavin/helmfile-validate/pkg/helmfile/helmexec/exec.go:577.3,577.29 1 0
github.com/seredavin/helmfile-validate/pkg/helmfile/helmexec/exec.go:578.8,586.24 5 0
github.com/seredavin/helmfile-validate/pkg/helmfile/helmexec/exec.go:586.24,588.4 1 0
github.com/seredavin/helmfile-validate/pkg/helmfile/helmexec/exec.go:591.2,593.21 2 0
github.com/seredavin/helmfile-validate/pkg/helmfile/helmexec/exec.go:593.21,594.51 1 0
github.com/seredavin/helmfile-validate/pkg/helmfile/helmexec/exec.go:594.51,598.18 4 0
github.com/seredavin/helmfile-validate/pkg/helmfile/helmexec/exec.go:598.18,600.5 1 0
github.com/seredavin/helmfile-validate/pkg/helmfile/helmexec/exec.go:601.4,601.17 1 0
github.com/seredavin/helmfile-validate/pkg/helmfile/helmexec/exec.go:601.17,603.5 1 0
github.com/seredavin/helmfile-validate/pkg/helmfile/helmexec/exec.go:605.4,606.18 2 0
github.com/seredavin/helmfile-validate/pkg/helmfile/helmexec/exec.go:606.18,608.5 1 0
github.com/seredavin/helmfile-validate/pkg/helmfile/helmexec/exec.go:610.4,610.30 1 0
github.com/seredavin/helmfile-validate/pkg/helmfile/helmexec/exec.go:614.2,615.16 2 0
github.com/seredavin/helmfile-validate/pkg/helmfile/helmexec/exec.go:615.16,617.3 1 0
github.com/seredavin/helmfile-validate/pkg/helmfile/helmexec/exec.go:619.2,621.25 2 0
github.com/seredavin/helmfile-validate/pkg/helmfile/helmexec/exec.go:624.87,632.26 5 2
github.com/seredavin/helmfile-validate/pkg/helmfile/helmexec/exec.go:632.26,633.43 1 4
github.com/seredavin/helmfile-validate/pkg/helmfile/helmexec/exec.go:633.43,635.9 2 0
github.com/seredavin/helmfile-validate/pkg/helmfile/helmexec/exec.go:639.2,639.18 1 2
github.com/seredavin/helmfile-validate/pkg/helmfile/helmexec/exec.go:639.18,649.3 1 0
github.com/seredavin/helmfile-validate/pkg/helmfile/helmexec/exec.go:649.8,652.3 1 2
github.com/seredavin/helmfile-validate/pkg/helmfile/helmexec/exec.go:654.2,654.12 1 2
github.com/seredavin/helmfile-validate/pkg/helmfile/helmexec/exec.go:657.127,659.44 2 5
github.com/seredavin/helmfile-validate/pkg/helmfile/helmexec/exec.go:659.44,661.3 1 0
github.com/seredavin/helmfile-validate/pkg/helmfile/helmexec/exec.go:661.8,663.3 1 5
github.com/seredavin/helmfile-validate/pkg/helmfile/helmexec/exec.go:664.2,667.18 4 5
github.com/seredavin/helmfile-validate/pkg/helmfile/helmexec/exec.go:667.18,670.3 2 0
github.com/seredavin/helmfile-validate/pkg/helmfile/helmexec/exec.go:674.2,674.20 1 5
github.com/seredavin/helmfile-validate/pkg/helmfile/helmexec/exec.go:674.20,676.3 1 5
github.com/seredavin/helmfile-validate/pkg/helmfile/helmexec/exec.go:678.2,682.26 3 5
github.com/seredavin/helmfile-validate/pkg/helmfile/helmexec/exec.go:682.26,683.47 1 7
github.com/seredavin/helmfile-validate/pkg/helmfile/helmexec/exec.go:683.47,685.9 2 0
github.com/seredavin/helmfile-validate/pkg/helmfile/helmexec/exec.go:688.2,688.29 1 5
github.com/seredavin/helmfile-validate/pkg/helmfile/helmexec/exec.go:688.29,690.48 2 0
github.com/seredavin/helmfile-validate/pkg/helmfile/helmexec/exec.go:690.48,691.23 1 0
github.com/seredavin/helmfile-validate/pkg/helmfile/helmexec/exec.go:691.23,693.5 1 0
github.com/seredavin/helmfile-validate/pkg/helmfile/helmexec/exec.go:694.4,694.14 1 0
github.com/seredavin/helmfile-validate/pkg/helmfile/helmexec/exec.go:696.8,696.28 1 5
github.com/seredavin/helmfile-validate/pkg/helmfile/helmexec/exec.go:696.28,698.3 1 5
github.com/seredavin/helmfile-validate/pkg/helmfile/helmexec/exec.go:699.2,699.12 1 5
github.com/seredavin/helmfile-validate/pkg/helmfile/helmexec/exec.go:707.94,710.29 2 10
github.com/seredavin/helmfile-validate/pkg/helmfile/helmexec/exec.go:710.29,711.15 1 26
github.com/seredavin/helmfile-validate/pkg/helmfile/helmexec/exec.go:712.18,715.52 1 4
github.com/seredavin/helmfile-validate/pkg/helmfile/helmexec/exec.go:715.52,717.5 1 4
github.com/seredavin/helmfile-validate/pkg/helmfile/helmexec/exec.go:718.21,721.52 1 3
github.com/seredavin/helmfile-validate/pkg/helmfile/helmexec/exec.go:721.52,723.5 1 2
github.com/seredavin/helmfile-validate/pkg/helmfile/helmexec/exec.go:724.11,726.37 1 19
github.com/seredavin/helmfile-validate/pkg/helmfile/helmexec/exec.go:730.2,730.17 1 10
github.com/seredavin/helmfile-validate/pkg/helmfile/helmexec/exec.go:733.69,739.2 4 1
github.com/seredavin/helmfile-validate/pkg/helmfile/helmexec/exec.go:741.64,746.2 4 2
github.com/seredavin/helmfile-validate/pkg/helmfile/helmexec/exec.go:748.81,752.47 4 3
github.com/seredavin/helmfile-validate/pkg/helmfile/helmexec/exec.go:752.47,759.80 4 2
github.com/seredavin/helmfile-validate/pkg/helmfile/helmexec/exec.go:759.80,761.4 1 0
github.com/seredavin/helmfile-validate/pkg/helmfile/helmexec/exec.go:762.8,764.3 1 1
github.com/seredavin/helmfile-validate/pkg/helmfile/helmexec/exec.go:765.2,767.12 3 3
github.com/seredavin/helmfile-validate/pkg/helmfile/helmexec/exec.go:770.66,772.47 2 1
github.com/seredavin/helmfile-validate/pkg/helmfile/helmexec/exec.go:772.47,776.3 1 0
github.com/seredavin/helmfile-validate/pkg/helmfile/helmexec/exec.go:777.2,783.12 6 1
github.com/seredavin/helmfile-validate/pkg/helmfile/helmexec/exec.go:786.92,793.2 6 2
github.com/seredavin/helmfile-validate/pkg/helmfile/helmexec/exec.go:795.90,803.2 7 2
github.com/seredavin/helmfile-validate/pkg/helmfile/helmexec/exec.go:805.65,809.64 2 0
github.com/seredavin/helmfile-validate/pkg/helmfile/helmexec/exec.go:809.64,811.3 1 0
github.com/seredavin/helmfile-validate/pkg/helmfile/helmexec/exec.go:814.2,817.82 2 0
github.com/seredavin/helmfile-validate/pkg/helmfile/helmexec/exec.go:817.82,818.45 1 0
github.com/seredavin/helmfile-validate/pkg/helmfile/helmexec/exec.go:818.45,821.4 2 0
github.com/seredavin/helmfile-validate/pkg/helmfile/helmexec/exec.go:822.3,823.126 2 0
github.com/seredavin/helmfile-validate/pkg/helmfile/helmexec/exec.go:826.2,827.12 2 0
github.com/seredavin/helmfile-validate/pkg/helmfile/helmexec/exec.go:830.64,843.45 6 0
github.com/seredavin/helmfile-validate/pkg/helmfile/helmexec/exec.go:843.45,845.3 1 0
github.com/seredavin/helmfile-validate/pkg/helmfile/helmexec/exec.go:847.2,847.33 1 0
github.com/seredavin/helmfile-validate/pkg/helmfile/helmexec/exec.go:847.33,850.23 3 0
github.com/seredavin/helmfile-validate/pkg/helmfile/helmexec/exec.go:850.23,852.4 1 0
github.com/seredavin/helmfile-validate/pkg/helmfile/helmexec/exec.go:854.3,855.17 2 0
github.com/seredavin/helmfile-validate/pkg/helmfile/helmexec/exec.go:855.17,857.4 1 0
github.com/seredavin/helmfile-validate/pkg/helmfile/helmexec/exec.go:858.3,858.17 1 0
github.com/seredavin/helmfile-validate/pkg/helmfile/helmexec/exec.go:861.2,861.12 1 0
github.com/seredavin/helmfile-validate/pkg/helmfile/helmexec/exec.go:864.53,869.2 4 0
github.com/seredavin/helmfile-validate/pkg/helmfile/helmexec/exec.go:871.112,873.25 2 47
github.com/seredavin/helmfile-validate/pkg/helmfile/helmexec/exec.go:873.25,875.3 1 4
github.com/seredavin/helmfile-validate/pkg/helmfile/helmexec/exec.go:876.2,876.28 1 47
github.com/seredavin/helmfile-validate/pkg/helmfile/helmexec/exec.go:876.28,878.3 1 45
github.com/seredavin/helmfile-validate/pkg/helmfile/helmexec/exec.go:879.2,879.27 1 47
github.com/seredavin/helmfile-validate/pkg/helmfile/helmexec/exec.go:879.27,881.3 1 44
github.com/seredavin/helmfile-validate/pkg/helmfile/helmexec/exec.go:882.2,885.37 4 47
github.com/seredavin/helmfile-validate/pkg/helmfile/helmexec/exec.go:885.37,887.3 1 0
github.com/seredavin/helmfile-validate/pkg/helmfile/helmexec/exec.go:888.2,889.22 2 47
github.com/seredavin/helmfile-validate/pkg/helmfile/helmexec/exec.go:892.102,894.25 2 7
github.com/seredavin/helmfile-validate/pkg/helmfile/helmexec/exec.go:894.25,896.3 1 0
github.com/seredavin/helmfile-validate/pkg/helmfile/helmexec/exec.go:897.2,897.28 1 7
github.com/seredavin/helmfile-validate/pkg/helmfile/helmexec/exec.go:897.28,899.3 1 4
github.com/seredavin/helmfile-validate/pkg/helmfile/helmexec/exec.go:900.2,900.27 1 7
github.com/seredavin/helmfile-validate/pkg/helmfile/helmexec/exec.go:900.27,902.3 1 4
github.com/seredavin/helmfile-validate/pkg/helmfile/helmexec/exec.go:903.2,906.22 4 7
github.com/seredavin/helmfile-validate/pkg/helmfile/helmexec/exec.go:909.56,914.23 5 1
github.com/seredavin/helmfile-validate/pkg/helmfile/helmexec/exec.go:914.23,916.3 1 0
github.com/seredavin/helmfile-validate/pkg/helmfile/helmexec/exec.go:916.8,918.3 1 1
github.com/seredavin/helmfile-validate/pkg/helmfile/helmexec/exec.go:919.2,919.22 1 1
github.com/seredavin/helmfile-validate/pkg/helmfile/helmexec/exec.go:922.38,923.18 1 41
github.com/seredavin/helmfile-validate/pkg/helmfile/helmexec/exec.go:923.18,925.3 1 9
github.com/seredavin/helmfile-validate/pkg/helmfile/helmexec/exec.go:928.52,929.18 1 8
github.com/seredavin/helmfile-validate/pkg/helmfile/helmexec/exec.go:929.18,930.15 1 0
github.com/seredavin/helmfile-validate/pkg/helmfile/helmexec/exec.go:930.15,932.4 1 0
github.com/seredavin/helmfile-validate/pkg/helmfile/helmexec/exec.go:933.3,933.37 1 0
github.com/seredavin/helmfile-validate/pkg/helmfile/helmexec/exec.go:937.36,939.2 1 16
github.com/seredavin/helmfile-validate/pkg/helmfile/helmexec/exec.go:941.36,943.2 1 8
github.com/seredavin/helmfile-validate/pkg/helmfile/helmexec/exec.go:945.42,951.2 1 2
github.com/seredavin/helmfile-validate/pkg/helmfile/helmexec/exec.go:953.62,956.2 2 3
github.com/seredavin/helmfile-validate/pkg/helmfile/helmexec/exec.go:958.73,965.74 2 5
github.com/seredavin/helmfile-validate/pkg/helmfile/helmexec/exec.go:965.74,968.3 2 2
github.com/seredavin/helmfile-validate/pkg/helmfile/helmexec/exec.go:968.8,971.3 2 3
github.com/seredavin/helmfile-validate/pkg/helmfile/helmexec/exec.go:972.2,973.33 2 5
github.com/seredavin/helmfile-validate/pkg/helmfile/helmexec/exec.go:976.73,979.18 3 1
github.com/seredavin/helmfile-validate/pkg/helmfile/helmexec/exec.go:979.18,981.3 1 0
github.com/seredavin/helmfile-validate/pkg/helmfile/helmexec/exec.go:982.2,984.18 3 1
github.com/seredavin/helmfile-validate/pkg/helmfile/helmexec/exec.go:984.18,986.3 1 0
github.com/seredavin/helmfile-validate/pkg/helmfile/helmexec/exec.go:987.2,987.22 1 1
github.com/seredavin/helmfile-validate/pkg/helmfile/helmexec/exit_error.go:8.142,14.25 4 3
github.com/seredavin/helmfile-validate/pkg/helmfile/helmexec/exit_error.go:14.25,15.83 1 10
github.com/seredavin/helmfile-validate/pkg/helmfile/helmexec/exit_error.go:15.83,17.4 1 2
github.com/seredavin/helmfile-validate/pkg/helmfile/helmexec/exit_error.go:18.3,18.91 1 10
github.com/seredavin/helmfile-validate/pkg/helmfile/helmexec/exit_error.go:21.2,25.21 3 3
github.com/seredavin/helmfile-validate/pkg/helmfile/helmexec/exit_error.go:25.21,27.3 1 0
github.com/seredavin/helmfile-validate/pkg/helmfile/helmexec/exit_error.go:29.2,29.23 1 3
github.com/seredavin/helmfile-validate/pkg/helmfile/helmexec/exit_error.go:29.23,31.3 1 0
github.com/seredavin/helmfile-validate/pkg/helmfile/helmexec/exit_error.go:33.2,36.3 1 3
github.com/seredavin/helmfile-validate/pkg/helmfile/helmexec/exit_error.go:40.41,49.26 5 19
github.com/seredavin/helmfile-validate/pkg/helmfile/helmexec/exit_error.go:49.26,50.35 1 19
github.com/seredavin/helmfile-validate/pkg/helmfile/helmexec/exit_error.go:50.35,52.4 1 0
github.com/seredavin/helmfile-validate/pkg/helmfile/helmexec/exit_error.go:54.3,54.14 1 19
github.com/seredavin/helmfile-validate/pkg/helmfile/helmexec/exit_error.go:54.14,56.4 1 19
github.com/seredavin/helmfile-validate/pkg/helmfile/helmexec/exit_error.go:59.2,59.19 1 19
github.com/seredavin/helmfile-validate/pkg/helmfile/helmexec/exit_error.go:68.35,70.2 1 2
github.com/seredavin/helmfile-validate/pkg/helmfile/helmexec/exit_error.go:72.37,74.2 1 0
github.com/seredavin/helmfile-validate/pkg/helmfile/helmexec/id.go:7.30,9.19 2 3
github.com/seredavin/helmfile-validate/pkg/helmfile/helmexec/id.go:9.19,11.3 1 15
github.com/seredavin/helmfile-validate/pkg/helmfile/helmexec/id.go:12.2,12.18 1 3
github.com/seredavin/helmfile-validate/pkg/helmfile/helmexec/log.go:13.62,18.2 1 1
github.com/seredavin/helmfile-validate/pkg/helmfile/helmexec/log.go:25.50,26.54 1 1
github.com/seredavin/helmfile-validate/pkg/helmfile/helmexec/log.go:26.54,28.3 1 2
github.com/seredavin/helmfile-validate/pkg/helmfile/helmexec/log.go:29.2,29.20 1 1
github.com/seredavin/helmfile-validate/pkg/helmfile/helmexec/runner.go:38.123,43.23 4 2
github.com/seredavin/helmfile-validate/pkg/helmfile/helmexec/runner.go:43.23,47.3 1 1
github.com/seredavin/helmfile-validate/pkg/helmfile/helmexec/runner.go:47.8,49.3 1 1
github.com/seredavin/helmfile-validate/pkg/helmfile/helmexec/runner.go:53.122,61.2 5 0
github.com/seredavin/helmfile-validate/pkg/helmfile/helmexec/runner.go:63.140,64.21 1 1
github.com/seredavin/helmfile-validate/pkg/helmfile/helmexec/runner.go:64.21,66.3 1 0
github.com/seredavin/helmfile-validate/pkg/helmfile/helmexec/runner.go:67.2,67.21 1 1
github.com/seredavin/helmfile-validate/pkg/helmfile/helmexec/runner.go:67.21,69.3 1 0
github.com/seredavin/helmfile-validate/pkg/helmfile/helmexec/runner.go:71.2,78.51 6 1
github.com/seredavin/helmfile-validate/pkg/helmfile/helmexec/runner.go:78.51,80.3 1 1
github.com/seredavin/helmfile-validate/pkg/helmfile/helmexec/runner.go:81.2,82.40 2 1
github.com/seredavin/helmfile-validate/pkg/helmfile/helmexec/runner.go:82.40,84.15 2 1
github.com/seredavin/helmfile-validate/pkg/helmfile/helmexec/runner.go:84.15,86.4 1 0
github.com/seredavin/helmfile-validate/pkg/helmfile/helmexec/runner.go:86.9,88.4 1 1
github.com/seredavin/helmfile-validate/pkg/helmfile/helmexec/runner.go:89.3,89.55 1 1
github.com/seredavin/helmfile-validate/pkg/helmfile/helmexec/runner.go:92.2,97.12 5 1
github.com/seredavin/helmfile-validate/pkg/helmfile/helmexec/runner.go:97.12,99.3 1 1
github.com/seredavin/helmfile-validate/pkg/helmfile/helmexec/runner.go:100.2,100.9 1 1
github.com/seredavin/helmfile-validate/pkg/helmfile/helmexec/runner.go:101.18,101.18 0 1
github.com/seredavin/helmfile-validate/pkg/helmfile/helmexec/runner.go:102.20,104.13 2 0
github.com/seredavin/helmfile-validate/pkg/helmfile/helmexec/runner.go:107.2,107.16 1 1
github.com/seredavin/helmfile-validate/pkg/helmfile/helmexec/runner.go:107.16,113.27 1 0
github.com/seredavin/helmfile-validate/pkg/helmfile/helmexec/runner.go:114.24,119.118 3 0
github.com/seredavin/helmfile-validate/pkg/helmfile/helmexec/runner.go:120.11,121.49 1 0
github.com/seredavin/helmfile-validate/pkg/helmfile/helmexec/runner.go:125.2,125.28 1 1
github.com/seredavin/helmfile-validate/pkg/helmfile/helmexec/runner.go:128.118,133.12 4 4
github.com/seredavin/helmfile-validate/pkg/helmfile/helmexec/runner.go:133.12,137.7 3 4
github.com/seredavin/helmfile-validate/pkg/helmfile/helmexec/runner.go:137.7,141.18 2 29689
github.com/seredavin/helmfile-validate/pkg/helmfile/helmexec/runner.go:141.18,142.22 1 4
github.com/seredavin/helmfile-validate/pkg/helmfile/helmexec/runner.go:142.22,143.11 1 4
github.com/seredavin/helmfile-validate/pkg/helmfile/helmexec/runner.go:145.5,145.14 1 0
github.com/seredavin/helmfile-validate/pkg/helmfile/helmexec/runner.go:148.4,149.37 2 29685
github.com/seredavin/helmfile-validate/pkg/helmfile/helmexec/runner.go:153.2,157.16 4 4
github.com/seredavin/helmfile-validate/pkg/helmfile/helmexec/runner.go:157.16,158.13 1 4
github.com/seredavin/helmfile-validate/pkg/helmfile/helmexec/runner.go:158.13,160.4 1 4
github.com/seredavin/helmfile-validate/pkg/helmfile/helmexec/runner.go:162.3,162.10 1 4
github.com/seredavin/helmfile-validate/pkg/helmfile/helmexec/runner.go:163.19,163.19 0 4
github.com/seredavin/helmfile-validate/pkg/helmfile/helmexec/runner.go:164.21,166.14 2 0
github.com/seredavin/helmfile-validate/pkg/helmfile/helmexec/runner.go:168.3,169.11 2 4
github.com/seredavin/helmfile-validate/pkg/helmfile/helmexec/runner.go:172.2,172.16 1 4
github.com/seredavin/helmfile-validate/pkg/helmfile/helmexec/runner.go:172.16,173.27 1 1
github.com/seredavin/helmfile-validate/pkg/helmfile/helmexec/runner.go:174.24,179.90 3 1
github.com/seredavin/helmfile-validate/pkg/helmfile/helmexec/runner.go:180.11,181.51 1 0
github.com/seredavin/helmfile-validate/pkg/helmfile/helmexec/runner.go:185.2,185.17 1 4
github.com/seredavin/helmfile-validate/pkg/helmfile/helmexec/runner.go:188.62,190.24 2 3
github.com/seredavin/helmfile-validate/pkg/helmfile/helmexec/runner.go:190.24,192.3 1 2
github.com/seredavin/helmfile-validate/pkg/helmfile/helmexec/runner.go:193.2,193.24 1 3
github.com/seredavin/helmfile-validate/pkg/helmfile/helmexec/runner.go:196.49,198.27 2 3
github.com/seredavin/helmfile-validate/pkg/helmfile/helmexec/runner.go:198.27,200.3 1 114
github.com/seredavin/helmfile-validate/pkg/helmfile/helmexec/runner.go:201.2,201.15 1 3
github.com/seredavin/helmfile-validate/pkg/helmfile/helmexec/runner.go:204.46,206.26 2 4
github.com/seredavin/helmfile-validate/pkg/helmfile/helmexec/runner.go:206.26,213.20 3 117
github.com/seredavin/helmfile-validate/pkg/helmfile/helmexec/runner.go:213.20,215.4 1 117
github.com/seredavin/helmfile-validate/pkg/helmfile/helmexec/runner.go:217.3,217.22 1 117
github.com/seredavin/helmfile-validate/pkg/helmfile/helmexec/runner.go:219.2,219.15 1 4
github.com/seredavin/helmfile-validate/pkg/helmfile/plugins/vals.go:23.44,25.17 2 2
github.com/seredavin/helmfile-validate/pkg/helmfile/plugins/vals.go:25.17,45.21 3 1
github.com/seredavin/helmfile-validate/pkg/helmfile/plugins/vals.go:45.21,47.4 1 1
github.com/seredavin/helmfile-validate/pkg/helmfile/plugins/vals.go:51.3,52.120 2 1
github.com/seredavin/helmfile-validate/pkg/helmfile/plugins/vals.go:52.120,54.4 1 0
github.com/seredavin/helmfile-validate/pkg/helmfile/plugins/vals.go:58.3,58.24 1 1
github.com/seredavin/helmfile-validate/pkg/helmfile/plugins/vals.go:58.24,60.4 1 1
github.com/seredavin/helmfile-validate/pkg/helmfile/plugins/vals.go:63.3,63.33 1 1
github.com/seredavin/helmfile-validate/pkg/helmfile/plugins/vals.go:66.2,66.22 1 2
github.com/seredavin/helmfile-validate/pkg/helmfile/policy/checker.go:28.84,31.23 2 5
github.com/seredavin/helmfile-validate/pkg/helmfile/policy/checker.go:31.23,33.3 1 0
github.com/seredavin/helmfile-validate/pkg/helmfile/policy/checker.go:34.2,36.28 3 5
github.com/seredavin/helmfile-validate/pkg/helmfile/policy/checker.go:36.28,37.70 1 11
github.com/seredavin/helmfile-validate/pkg/helmfile/policy/checker.go:37.70,38.35 1 11
github.com/seredavin/helmfile-validate/pkg/helmfile/policy/checker.go:38.35,40.19 2 11
github.com/seredavin/helmfile-validate/pkg/helmfile/policy/checker.go:40.19,42.6 1 8
github.com/seredavin/helmfile-validate/pkg/helmfile/policy/checker.go:47.2,47.21 1 5
github.com/seredavin/helmfile-validate/pkg/helmfile/policy/checker.go:47.21,49.3 1 2
github.com/seredavin/helmfile-validate/pkg/helmfile/policy/checker.go:50.2,50.37 1 3
github.com/seredavin/helmfile-validate/pkg/helmfile/policy/checker.go:50.37,51.49 1 6
github.com/seredavin/helmfile-validate/pkg/helmfile/policy/checker.go:51.49,53.4 1 1
github.com/seredavin/helmfile-validate/pkg/helmfile/policy/checker.go:55.2,55.19 1 2
github.com/seredavin/helmfile-validate/pkg/helmfile/policy/checker.go:64.61,65.34 1 0
github.com/seredavin/helmfile-validate/pkg/helmfile/policy/checker.go:65.34,66.57 1 0
github.com/seredavin/helmfile-validate/pkg/helmfile/policy/checker.go:66.57,68.4 1 0
github.com/seredavin/helmfile-validate/pkg/helmfile/policy/checker.go:70.2,70.19 1 0
github.com/seredavin/helmfile-validate/pkg/helmfile/policy/checker.go:74.37,77.2 2 34
github.com/seredavin/helmfile-validate/pkg/helmfile/policy/checker.go:80.66,84.30 3 24
github.com/seredavin/helmfile-validate/pkg/helmfile/policy/checker.go:84.30,86.20 2 84
github.com/seredavin/helmfile-validate/pkg/helmfile/policy/checker.go:86.20,87.12 1 24
github.com/seredavin/helmfile-validate/pkg/helmfile/policy/checker.go:89.3,89.58 1 60
github.com/seredavin/helmfile-validate/pkg/helmfile/policy/checker.go:89.58,91.4 1 5
github.com/seredavin/helmfile-validate/pkg/helmfile/policy/checker.go:93.3,93.46 1 60
github.com/seredavin/helmfile-validate/pkg/helmfile/policy/checker.go:93.46,96.4 2 48
github.com/seredavin/helmfile-validate/pkg/helmfile/policy/checker.go:98.2,98.16 1 24
github.com/seredavin/helmfile-validate/pkg/helmfile/policy/checker.go:102.83,106.28 3 12
github.com/seredavin/helmfile-validate/pkg/helmfile/policy/checker.go:106.28,107.23 1 30
github.com/seredavin/helmfile-validate/pkg/helmfile/policy/checker.go:107.23,109.4 1 22
github.com/seredavin/helmfile-validate/pkg/helmfile/policy/checker.go:112.2,112.23 1 12
github.com/seredavin/helmfile-validate/pkg/helmfile/policy/checker.go:112.23,114.3 1 0
github.com/seredavin/helmfile-validate/pkg/helmfile/policy/checker.go:116.2,116.25 1 12
github.com/seredavin/helmfile-validate/pkg/helmfile/policy/checker.go:116.25,118.3 1 1
github.com/seredavin/helmfile-validate/pkg/helmfile/policy/checker.go:120.2,120.38 1 11
github.com/seredavin/helmfile-validate/pkg/helmfile/policy/checker.go:120.38,123.60 3 11
github.com/seredavin/helmfile-validate/pkg/helmfile/policy/checker.go:123.60,125.4 1 5
github.com/seredavin/helmfile-validate/pkg/helmfile/policy/checker.go:127.2,127.19 1 6
github.com/seredavin/helmfile-validate/pkg/helmfile/remote/remote.go:34.13,39.26 3 1
github.com/seredavin/helmfile-validate/pkg/helmfile/remote/remote.go:39.26,41.3 1 1
github.com/seredavin/helmfile-validate/pkg/helmfile/remote/remote.go:44.24,45.47 1 48
github.com/seredavin/helmfile-validate/pkg/helmfile/remote/remote.go:45.47,47.3 1 0
github.com/seredavin/helmfile-validate/pkg/helmfile/remote/remote.go:49.2,50.16 2 48
github.com/seredavin/helmfile-validate/pkg/helmfile/remote/remote.go:50.16,53.3 1 0
github.com/seredavin/helmfile-validate/pkg/helmfile/remote/remote.go:54.2,54.39 1 48
github.com/seredavin/helmfile-validate/pkg/helmfile/remote/remote.go:78.82,79.71 1 10
github.com/seredavin/helmfile-validate/pkg/helmfile/remote/remote.go:79.71,81.3 1 0
github.com/seredavin/helmfile-validate/pkg/helmfile/remote/remote.go:82.2,83.16 2 10
github.com/seredavin/helmfile-validate/pkg/helmfile/remote/remote.go:83.16,84.41 1 0
github.com/seredavin/helmfile-validate/pkg/helmfile/remote/remote.go:84.41,86.4 1 0
github.com/seredavin/helmfile-validate/pkg/helmfile/remote/remote.go:87.3,87.17 1 0
github.com/seredavin/helmfile-validate/pkg/helmfile/remote/remote.go:89.2,89.21 1 10
github.com/seredavin/helmfile-validate/pkg/helmfile/remote/remote.go:96.41,98.2 1 1
github.com/seredavin/helmfile-validate/pkg/helmfile/remote/remote.go:104.40,105.46 1 0
github.com/seredavin/helmfile-validate/pkg/helmfile/remote/remote.go:105.46,107.3 1 0
github.com/seredavin/helmfile-validate/pkg/helmfile/remote/remote.go:108.2,108.13 1 0
github.com/seredavin/helmfile-validate/pkg/helmfile/remote/remote.go:111.49,114.21 3 23
github.com/seredavin/helmfile-validate/pkg/helmfile/remote/remote.go:114.21,117.3 2 16
github.com/seredavin/helmfile-validate/pkg/helmfile/remote/remote.go:117.8,120.22 2 7
github.com/seredavin/helmfile-validate/pkg/helmfile/remote/remote.go:120.22,122.4 1 6
github.com/seredavin/helmfile-validate/pkg/helmfile/remote/remote.go:125.2,126.16 2 17
github.com/seredavin/helmfile-validate/pkg/helmfile/remote/remote.go:126.16,128.3 1 0
github.com/seredavin/helmfile-validate/pkg/helmfile/remote/remote.go:130.2,130.20 1 17
github.com/seredavin/helmfile-validate/pkg/helmfile/remote/remote.go:130.20,132.3 1 1
github.com/seredavin/helmfile-validate/pkg/helmfile/remote/remote.go:134.2,135.30 2 16
github.com/seredavin/helmfile-validate/pkg/helmfile/remote/remote.go:135.30,137.19 2 3
github.com/seredavin/helmfile-validate/pkg/helmfile/remote/remote.go:137.19,139.4 1 3
github.com/seredavin/helmfile-validate/pkg/helmfile/remote/remote.go:140.3,140.56 1 3
github.com/seredavin/helmfile-validate/pkg/helmfile/remote/remote.go:143.2,151.8 1 16
github.com/seredavin/helmfile-validate/pkg/helmfile/remote/remote.go:154.48,156.16 2 6
github.com/seredavin/helmfile-validate/pkg/helmfile/remote/remote.go:156.16,158.3 1 0
github.com/seredavin/helmfile-validate/pkg/helmfile/remote/remote.go:160.2,161.16 2 6
github.com/seredavin/helmfile-validate/pkg/helmfile/remote/remote.go:161.16,163.3 1 0
github.com/seredavin/helmfile-validate/pkg/helmfile/remote/remote.go:164.2,165.18 2 6
github.com/seredavin/helmfile-validate/pkg/helmfile/remote/remote.go:165.18,167.3 1 6
github.com/seredavin/helmfile-validate/pkg/helmfile/remote/remote.go:169.2,177.8 1 6
github.com/seredavin/helmfile-validate/pkg/helmfile/remote/remote.go:180.55,183.21 2 6
github.com/seredavin/helmfile-validate/pkg/helmfile/remote/remote.go:183.21,185.3 1 0
github.com/seredavin/helmfile-validate/pkg/helmfile/remote/remote.go:186.2,188.42 2 6
github.com/seredavin/helmfile-validate/pkg/helmfile/remote/remote.go:188.42,190.3 1 6
github.com/seredavin/helmfile-validate/pkg/helmfile/remote/remote.go:191.2,191.55 1 0
github.com/seredavin/helmfile-validate/pkg/helmfile/remote/remote.go:194.76,196.16 2 14
github.com/seredavin/helmfile-validate/pkg/helmfile/remote/remote.go:196.16,198.3 1 0
github.com/seredavin/helmfile-validate/pkg/helmfile/remote/remote.go:201.2,201.47 1 14
github.com/seredavin/helmfile-validate/pkg/helmfile/remote/remote.go:201.47,203.3 1 0
github.com/seredavin/helmfile-validate/pkg/helmfile/remote/remote.go:205.2,217.27 10 14
github.com/seredavin/helmfile-validate/pkg/helmfile/remote/remote.go:217.27,219.3 1 0
github.com/seredavin/helmfile-validate/pkg/helmfile/remote/remote.go:219.8,219.33 1 14
github.com/seredavin/helmfile-validate/pkg/helmfile/remote/remote.go:219.33,221.3 1 0
github.com/seredavin/helmfile-validate/pkg/helmfile/remote/remote.go:223.2,231.20 7 14
github.com/seredavin/helmfile-validate/pkg/helmfile/remote/remote.go:231.20,233.22 2 12
github.com/seredavin/helmfile-validate/pkg/helmfile/remote/remote.go:233.22,235.4 1 2
github.com/seredavin/helmfile-validate/pkg/helmfile/remote/remote.go:236.3,237.53 2 12
github.com/seredavin/helmfile-validate/pkg/helmfile/remote/remote.go:238.8,240.3 1 2
github.com/seredavin/helmfile-validate/pkg/helmfile/remote/remote.go:242.2,249.26 4 14
github.com/seredavin/helmfile-validate/pkg/helmfile/remote/remote.go:249.26,253.3 3 2
github.com/seredavin/helmfile-validate/pkg/helmfile/remote/remote.go:255.2,259.2 4 14
github.com/seredavin/helmfile-validate/pkg/helmfile/remote/remote.go:259.2,260.38 1 14
github.com/seredavin/helmfile-validate/pkg/helmfile/remote/remote.go:260.38,262.4 1 0
github.com/seredavin/helmfile-validate/pkg/helmfile/remote/remote.go:264.3,264.27 1 14
github.com/seredavin/helmfile-validate/pkg/helmfile/remote/remote.go:264.27,267.24 3 2
github.com/seredavin/helmfile-validate/pkg/helmfile/remote/remote.go:267.24,269.5 1 1
github.com/seredavin/helmfile-validate/pkg/helmfile/remote/remote.go:270.9,270.50 1 12
github.com/seredavin/helmfile-validate/pkg/helmfile/remote/remote.go:270.50,272.4 1 6
github.com/seredavin/helmfile-validate/pkg/helmfile/remote/remote.go:275.2,275.30 1 14
github.com/seredavin/helmfile-validate/pkg/helmfile/remote/remote.go:275.30,277.19 2 8
github.com/seredavin/helmfile-validate/pkg/helmfile/remote/remote.go:277.19,279.4 1 4
github.com/seredavin/helmfile-validate/pkg/helmfile/remote/remote.go:279.9,281.4 1 4
github.com/seredavin/helmfile-validate/pkg/helmfile/remote/remote.go:283.3,283.21 1 8
github.com/seredavin/helmfile-validate/pkg/helmfile/remote/remote.go:283.21,285.4 1 7
github.com/seredavin/helmfile-validate/pkg/helmfile/remote/remote.go:287.3,289.10 2 8
github.com/seredavin/helmfile-validate/pkg/helmfile/remote/remote.go:290.49,292.18 2 1
github.com/seredavin/helmfile-validate/pkg/helmfile/remote/remote.go:292.18,294.5 1 0
github.com/seredavin/helmfile-validate/pkg/helmfile/remote/remote.go:295.76,297.18 2 0
github.com/seredavin/helmfile-validate/pkg/helmfile/remote/remote.go:297.18,299.5 1 0
github.com/seredavin/helmfile-validate/pkg/helmfile/remote/remote.go:300.11,301.22 1 7
github.com/seredavin/helmfile-validate/pkg/helmfile/remote/remote.go:301.22,303.5 1 7
github.com/seredavin/helmfile-validate/pkg/helmfile/remote/remote.go:305.4,305.72 1 7
github.com/seredavin/helmfile-validate/pkg/helmfile/remote/remote.go:305.72,307.21 2 0
github.com/seredavin/helmfile-validate/pkg/helmfile/remote/remote.go:307.21,309.6 1 0
github.com/seredavin/helmfile-validate/pkg/helmfile/remote/remote.go:310.5,310.19 1 0
github.com/seredavin/helmfile-validate/pkg/helmfile/remote/remote.go:314.2,314.47 1 14
github.com/seredavin/helmfile-validate/pkg/helmfile/remote/remote.go:333.51,346.48 5 0
github.com/seredavin/helmfile-validate/pkg/helmfile/remote/remote.go:346.48,348.3 1 0
github.com/seredavin/helmfile-validate/pkg/helmfile/remote/remote.go:350.2,350.12 1 0
github.com/seredavin/helmfile-validate/pkg/helmfile/remote/remote.go:353.51,355.16 2 0
github.com/seredavin/helmfile-validate/pkg/helmfile/remote/remote.go:355.16,357.3 1 0
github.com/seredavin/helmfile-validate/pkg/helmfile/remote/remote.go:358.2,362.16 4 0
github.com/seredavin/helmfile-validate/pkg/helmfile/remote/remote.go:362.16,364.3 1 0
github.com/seredavin/helmfile-validate/pkg/helmfile/remote/remote.go:366.2,367.16 2 0
github.com/seredavin/helmfile-validate/pkg/helmfile/remote/remote.go:367.16,369.3 1 0
github.com/seredavin/helmfile-validate/pkg/helmfile/remote/remote.go:371.2,372.16 2 0
github.com/seredavin/helmfile-validate/pkg/helmfile/remote/remote.go:372.16,374.3 1 0
github.com/seredavin/helmfile-validate/pkg/helmfile/remote/remote.go:380.2,385.29 2 0
github.com/seredavin/helmfile-validate/pkg/helmfile/remote/remote.go:385.29,388.3 1 0
github.com/seredavin/helmfile-validate/pkg/helmfile/remote/remote.go:389.2,390.16 2 0
github.com/seredavin/helmfile-validate/pkg/helmfile/remote/remote.go:390.16,392.3 1 0
github.com/seredavin/helmfile-validate/pkg/helmfile/remote/remote.go:395.2,402.33 4 0
github.com/seredavin/helmfile-validate/pkg/helmfile/remote/remote.go:402.33,404.17 2 0
github.com/seredavin/helmfile-validate/pkg/helmfile/remote/remote.go:404.17,406.4 1 0
github.com/seredavin/helmfile-validate/pkg/helmfile/remote/remote.go:409.2,409.16 1 0
github.com/seredavin/helmfile-validate/pkg/helmfile/remote/remote.go:409.16,411.3 1 0
github.com/seredavin/helmfile-validate/pkg/helmfile/remote/remote.go:413.2,414.16 2 0
github.com/seredavin/helmfile-validate/pkg/helmfile/remote/remote.go:414.16,416.3 1 0
github.com/seredavin/helmfile-validate/pkg/helmfile/remote/remote.go:417.2,417.33 1 0
github.com/seredavin/helmfile-validate/pkg/helmfile/remote/remote.go:417.33,419.17 2 0
github.com/seredavin/helmfile-validate/pkg/helmfile/remote/remote.go:419.17,421.4 1 0
github.com/seredavin/helmfile-validate/pkg/helmfile/remote/remote.go:424.2,426.12 2 0
github.com/seredavin/helmfile-validate/pkg/helmfile/remote/remote.go:429.53,431.16 2 0
github.com/seredavin/helmfile-validate/pkg/helmfile/remote/remote.go:431.16,433.3 1 0
github.com/seredavin/helmfile-validate/pkg/helmfile/remote/remote.go:434.2,438.16 4 0
github.com/seredavin/helmfile-validate/pkg/helmfile/remote/remote.go:438.16,440.3 1 0
github.com/seredavin/helmfile-validate/pkg/helmfile/remote/remote.go:442.2,443.16 2 0
github.com/seredavin/helmfile-validate/pkg/helmfile/remote/remote.go:443.16,445.3 1 0
github.com/seredavin/helmfile-validate/pkg/helmfile/remote/remote.go:447.2,449.16 2 0
github.com/seredavin/helmfile-validate/pkg/helmfile/remote/remote.go:449.16,452.3 2 0
github.com/seredavin/helmfile-validate/pkg/helmfile/remote/remote.go:454.2,454.15 1 0
github.com/seredavin/helmfile-validate/pkg/helmfile/remote/remote.go:454.15,456.17 2 0
github.com/seredavin/helmfile-validate/pkg/helmfile/remote/remote.go:456.17,458.4 1 0
github.com/seredavin/helmfile-validate/pkg/helmfile/remote/remote.go:461.2,462.16 2 0
github.com/seredavin/helmfile-validate/pkg/helmfile/remote/remote.go:462.16,464.3 1 0
github.com/seredavin/helmfile-validate/pkg/helmfile/remote/remote.go:465.2,465.33 1 0
github.com/seredavin/helmfile-validate/pkg/helmfile/remote/remote.go:465.33,467.17 2 0
github.com/seredavin/helmfile-validate/pkg/helmfile/remote/remote.go:467.17,469.4 1 0
github.com/seredavin/helmfile-validate/pkg/helmfile/remote/remote.go:472.2,474.12 2 0
github.com/seredavin/helmfile-validate/pkg/helmfile/remote/remote.go:477.62,480.16 3 0
github.com/seredavin/helmfile-validate/pkg/helmfile/remote/remote.go:480.16,482.3 1 0
github.com/seredavin/helmfile-validate/pkg/helmfile/remote/remote.go:485.2,490.29 3 0
github.com/seredavin/helmfile-validate/pkg/helmfile/remote/remote.go:490.29,493.3 1 0
github.com/seredavin/helmfile-validate/pkg/helmfile/remote/remote.go:494.2,495.16 2 0
github.com/seredavin/helmfile-validate/pkg/helmfile/remote/remote.go:495.16,497.3 1 0
github.com/seredavin/helmfile-validate/pkg/helmfile/remote/remote.go:499.2,506.16 6 0
github.com/seredavin/helmfile-validate/pkg/helmfile/remote/remote.go:506.16,508.3 1 0
github.com/seredavin/helmfile-validate/pkg/helmfile/remote/remote.go:509.2,509.58 1 0
github.com/seredavin/helmfile-validate/pkg/helmfile/remote/remote.go:509.58,511.3 1 0
github.com/seredavin/helmfile-validate/pkg/helmfile/remote/remote.go:511.8,513.3 1 0
github.com/seredavin/helmfile-validate/pkg/helmfile/remote/remote.go:514.2,524.29 4 0
github.com/seredavin/helmfile-validate/pkg/helmfile/remote/remote.go:524.29,527.3 1 0
github.com/seredavin/helmfile-validate/pkg/helmfile/remote/remote.go:528.2,529.16 2 0
github.com/seredavin/helmfile-validate/pkg/helmfile/remote/remote.go:529.16,532.3 2 0
github.com/seredavin/helmfile-validate/pkg/helmfile/remote/remote.go:533.2,542.26 6 0
github.com/seredavin/helmfile-validate/pkg/helmfile/remote/remote.go:545.40,548.15 3 0
github.com/seredavin/helmfile-validate/pkg/helmfile/remote/remote.go:548.15,550.3 1 0
github.com/seredavin/helmfile-validate/pkg/helmfile/remote/remote.go:551.2,551.15 1 0
github.com/seredavin/helmfile-validate/pkg/helmfile/remote/remote.go:551.15,553.3 1 0
github.com/seredavin/helmfile-validate/pkg/helmfile/remote/remote.go:554.2,554.12 1 0
github.com/seredavin/helmfile-validate/pkg/helmfile/remote/remote.go:557.55,559.16 2 0
github.com/seredavin/helmfile-validate/pkg/helmfile/remote/remote.go:559.16,561.3 1 0
github.com/seredavin/helmfile-validate/pkg/helmfile/remote/remote.go:563.2,563.30 1 0
github.com/seredavin/helmfile-validate/pkg/helmfile/remote/remote.go:563.30,565.3 1 0
github.com/seredavin/helmfile-validate/pkg/helmfile/remote/remote.go:567.2,570.25 3 0
github.com/seredavin/helmfile-validate/pkg/helmfile/remote/remote.go:573.94,583.23 2 0
github.com/seredavin/helmfile-validate/pkg/helmfile/remote/remote.go:583.23,586.3 1 0
github.com/seredavin/helmfile-validate/pkg/helmfile/remote/remote.go:588.2,588.15 1 0
github.com/seredavin/helmfile-validate/pkg/helmfile/tracking/tracking.go:19.79,27.51 3 0
github.com/seredavin/helmfile-validate/pkg/helmfile/tracking/tracking.go:27.51,30.3 2 0
github.com/seredavin/helmfile-validate/pkg/helmfile/tracking/tracking.go:33.2,34.52 2 0
github.com/seredavin/helmfile-validate/pkg/helmfile/tracking/tracking.go:34.52,36.17 2 0
github.com/seredavin/helmfile-validate/pkg/helmfile/tracking/tracking.go:36.17,37.34 1 0
github.com/seredavin/helmfile-validate/pkg/helmfile/tracking/tracking.go:37.34,39.5 1 0
github.com/seredavin/helmfile-validate/pkg/helmfile/tracking/tracking.go:41.3,41.22 1 0
github.com/seredavin/helmfile-validate/pkg/helmfile/tracking/tracking.go:45.2,46.57 2 0
github.com/seredavin/helmfile-validate/pkg/helmfile/tracking/tracking.go:46.57,48.17 2 0
github.com/seredavin/helmfile-validate/pkg/helmfile/tracking/tracking.go:48.17,49.34 1 0
github.com/seredavin/helmfile-validate/pkg/helmfile/tracking/tracking.go:49.34,52.5 2 0
github.com/seredavin/helmfile-validate/pkg/helmfile/tracking/tracking.go:54.3,54.22 1 0
github.com/seredavin/helmfile-validate/pkg/helmfile/tracking/tracking.go:57.2,57.12 1 0
github.com/seredavin/helmfile-validate/pkg/helmfile/tracking/tracking.go:61.55,66.16 4 0
github.com/seredavin/helmfile-validate/pkg/helmfile/tracking/tracking.go:66.16,68.3 1 0
github.com/seredavin/helmfile-validate/pkg/helmfile/tracking/tracking.go:68.8,71.3 1 0
github.com/seredavin/helmfile-validate/pkg/helmfile/tracking/tracking.go:75.55,79.33 4 0
github.com/seredavin/helmfile-validate/pkg/helmfile/tracking/tracking.go:79.33,81.3 1 0
github.com/seredavin/helmfile-validate/pkg/helmfile/tracking/tracking.go:82.2,82.14 1 0
github.com/seredavin/helmfile-validate/pkg/helmfile/testhelper/require_log.go:14.61,21.19 5 0
github.com/seredavin/helmfile-validate/pkg/helmfile/testhelper/require_log.go:21.19,23.3 1 0
github.com/seredavin/helmfile-validate/pkg/helmfile/testhelper/require_log.go:24.2,38.49 7 0
github.com/seredavin/helmfile-validate/pkg/helmfile/testhelper/require_log.go:38.49,39.59 1 0
github.com/seredavin/helmfile-validate/pkg/helmfile/testhelper/require_log.go:39.59,41.4 1 0
github.com/seredavin/helmfile-validate/pkg/helmfile/testhelper/require_log.go:42.3,42.69 1 0
github.com/seredavin/helmfile-validate/pkg/helmfile/testhelper/require_log.go:42.69,44.4 1 0
github.com/seredavin/helmfile-validate/pkg/helmfile/testhelper/require_log.go:45.3,45.9 1 0
github.com/seredavin/helmfile-validate/pkg/helmfile/testhelper/require_log.go:48.2,49.16 2 0
github.com/seredavin/helmfile-validate/pkg/helmfile/testhelper/require_log.go:49.16,56.3 1 0
github.com/seredavin/helmfile-validate/pkg/helmfile/testhelper/require_log.go:58.2,68.3 3 0
github.com/seredavin/helmfile-validate/pkg/helmfile/testhelper/testfs.go:27.49,29.25 2 0
github.com/seredavin/helmfile-validate/pkg/helmfile/testhelper/testfs.go:29.25,30.97 1 0
github.com/seredavin/helmfile-validate/pkg/helmfile/testhelper/testfs.go:30.97,32.4 1 0
github.com/seredavin/helmfile-validate/pkg/helmfile/testhelper/testfs.go:34.2,42.42 1 0
github.com/seredavin/helmfile-validate/pkg/helmfile/testhelper/testfs.go:42.42,42.52 1 0
github.com/seredavin/helmfile-validate/pkg/helmfile/testhelper/testfs.go:46.49,60.2 3 0
github.com/seredavin/helmfile-validate/pkg/helmfile/testhelper/testfs.go:62.49,64.34 2 0
github.com/seredavin/helmfile-validate/pkg/helmfile/testhelper/testfs.go:64.34,66.3 1 0
github.com/seredavin/helmfile-validate/pkg/helmfile/testhelper/testfs.go:66.8,68.3 1 0
github.com/seredavin/helmfile-validate/pkg/helmfile/testhelper/testfs.go:69.2,69.11 1 0
github.com/seredavin/helmfile-validate/pkg/helmfile/testhelper/testfs.go:72.56,74.2 1 0
github.com/seredavin/helmfile-validate/pkg/helmfile/testhelper/testfs.go:76.54,78.34 2 0
github.com/seredavin/helmfile-validate/pkg/helmfile/testhelper/testfs.go:78.34,80.3 1 0
github.com/seredavin/helmfile-validate/pkg/helmfile/testhelper/testfs.go:80.8,82.3 1 0
github.com/seredavin/helmfile-validate/pkg/helmfile/testhelper/testfs.go:83.2,83.11 1 0
github.com/seredavin/helmfile-validate/pkg/helmfile/testhelper/testfs.go:86.60,89.38 3 0
github.com/seredavin/helmfile-validate/pkg/helmfile/testhelper/testfs.go:89.38,91.3 1 0
github.com/seredavin/helmfile-validate/pkg/helmfile/testhelper/testfs.go:91.8,93.3 1 0
github.com/seredavin/helmfile-validate/pkg/helmfile/testhelper/testfs.go:94.2,94.9 1 0
github.com/seredavin/helmfile-validate/pkg/helmfile/testhelper/testfs.go:94.9,96.3 1 0
github.com/seredavin/helmfile-validate/pkg/helmfile/testhelper/testfs.go:98.2,103.25 5 0
github.com/seredavin/helmfile-validate/pkg/helmfile/testhelper/testfs.go:106.45,113.2 5 0
github.com/seredavin/helmfile-validate/pkg/helmfile/testhelper/testfs.go:115.40,119.2 3 0
github.com/seredavin/helmfile-validate/pkg/helmfile/testhelper/testfs.go:121.60,123.40 2 0
github.com/seredavin/helmfile-validate/pkg/helmfile/testhelper/testfs.go:123.40,125.3 1 0
github.com/seredavin/helmfile-validate/pkg/helmfile/testhelper/testfs.go:125.8,127.3 1 0
github.com/seredavin/helmfile-validate/pkg/helmfile/testhelper/testfs.go:129.2,130.8 2 0
github.com/seredavin/helmfile-validate/pkg/helmfile/testhelper/testfs.go:130.8,132.3 1 0
github.com/seredavin/helmfile-validate/pkg/helmfile/testhelper/testfs.go:134.2,135.28 2 0
github.com/seredavin/helmfile-validate/pkg/helmfile/testhelper/testfs.go:135.28,137.17 2 0
github.com/seredavin/helmfile-validate/pkg/helmfile/testhelper/testfs.go:137.17,139.4 1 0
github.com/seredavin/helmfile-validate/pkg/helmfile/testhelper/testfs.go:140.3,140.14 1 0
github.com/seredavin/helmfile-validate/pkg/helmfile/testhelper/testfs.go:140.14,142.4 1 0
github.com/seredavin/helmfile-validate/pkg/helmfile/testhelper/testfs.go:144.2,144.21 1 0
github.com/seredavin/helmfile-validate/pkg/helmfile/testhelper/testfs.go:147.51,150.34 3 0
github.com/seredavin/helmfile-validate/pkg/helmfile/testhelper/testfs.go:150.34,152.3 1 0
github.com/seredavin/helmfile-validate/pkg/helmfile/testhelper/testfs.go:152.8,154.3 1 0
github.com/seredavin/helmfile-validate/pkg/helmfile/testhelper/testfs.go:155.2,155.49 1 0
github.com/seredavin/helmfile-validate/pkg/helmfile/testhelper/testfs.go:158.42,160.2 1 0
github.com/seredavin/helmfile-validate/pkg/helmfile/testhelper/testfs.go:162.42,163.30 1 0
github.com/seredavin/helmfile-validate/pkg/helmfile/testhelper/testfs.go:163.30,166.3 2 0
github.com/seredavin/helmfile-validate/pkg/helmfile/testhelper/testfs.go:167.2,167.51 1 0
github.com/seredavin/helmfile-validate/pkg/helmfile/testhelper/testfs.go:177.45,179.2 1 0
github.com/seredavin/helmfile-validate/pkg/helmfile/testhelper/testfs.go:182.58,186.2 3 0
github.com/seredavin/helmfile-validate/pkg/helmfile/testutil/mocks.go:19.42,21.2 1 0
github.com/seredavin/helmfile-validate/pkg/helmfile/testutil/mocks.go:28.58,30.2 1 0
github.com/seredavin/helmfile-validate/pkg/helmfile/testutil/mocks.go:32.38,34.2 1 0
github.com/seredavin/helmfile-validate/pkg/helmfile/testutil/mocks.go:36.38,38.2 1 0
github.com/seredavin/helmfile-validate/pkg/helmfile/testutil/mocks.go:40.45,43.2 2 0
github.com/seredavin/helmfile-validate/pkg/helmfile/testutil/mocks.go:45.45,48.2 2 0
github.com/seredavin/helmfile-validate/pkg/helmfile/testutil/mocks.go:50.64,54.2 3 0
github.com/seredavin/helmfile-validate/pkg/helmfile/testutil/mocks.go:56.39,57.34 1 0
github.com/seredavin/helmfile-validate/pkg/helmfile/testutil/mocks.go:60.88,63.2 2 0
github.com/seredavin/helmfile-validate/pkg/helmfile/testutil/mocks.go:64.89,67.2 2 0
github.com/seredavin/helmfile-validate/pkg/helmfile/testutil/mocks.go:68.74,71.2 2 0
github.com/seredavin/helmfile-validate/pkg/helmfile/testutil/mocks.go:72.60,75.2 2 0
github.com/seredavin/helmfile-validate/pkg/helmfile/testutil/mocks.go:77.82,80.2 2 0
github.com/seredavin/helmfile-validate/pkg/helmfile/testutil/mocks.go:82.58,84.2 1 0
github.com/seredavin/helmfile-validate/pkg/helmfile/testutil/mocks.go:85.55,87.2 1 0
github.com/seredavin/helmfile-validate/pkg/helmfile/testutil/mocks.go:88.72,90.2 1 0
github.com/seredavin/helmfile-validate/pkg/helmfile/testutil/mocks.go:91.69,93.2 1 0
github.com/seredavin/helmfile-validate/pkg/helmfile/testutil/mocks.go:95.168,98.2 2 0
github.com/seredavin/helmfile-validate/pkg/helmfile/testutil/mocks.go:99.48,102.2 2 0
github.com/seredavin/helmfile-validate/pkg/helmfile/testutil/mocks.go:103.129,106.2 2 0
github.com/seredavin/helmfile-validate/pkg/helmfile/testutil/mocks.go:107.125,110.2 2 0
github.com/seredavin/helmfile-validate/pkg/helmfile/testutil/mocks.go:111.144,114.2 2 0
github.com/seredavin/helmfile-validate/pkg/helmfile/testutil/mocks.go:115.112,118.2 2 0
github.com/seredavin/helmfile-validate/pkg/helmfile/testutil/mocks.go:119.109,122.2 2 0
github.com/seredavin/helmfile-validate/pkg/helmfile/testutil/mocks.go:124.112,127.2 2 0
github.com/seredavin/helmfile-validate/pkg/helmfile/testutil/mocks.go:129.119,132.2 2 0
github.com/seredavin/helmfile-validate/pkg/helmfile/testutil/mocks.go:133.107,136.2 2 0
github.com/seredavin/helmfile-validate/pkg/helmfile/testutil/mocks.go:137.72,140.2 2 0
github.com/seredavin/helmfile-validate/pkg/helmfile/testutil/mocks.go:141.77,144.2 2 0
github.com/seredavin/helmfile-validate/pkg/helmfile/testutil/mocks.go:145.44,148.2 2 0
github.com/seredavin/helmfile-validate/pkg/helmfile/testutil/mocks.go:150.44,153.2 2 0
github.com/seredavin/helmfile-validate/pkg/helmfile/testutil/mocks.go:155.59,158.2 2 0
github.com/seredavin/helmfile-validate/pkg/helmfile/testutil/mocks.go:160.70,163.2 2 0
github.com/seredavin/helmfile-validate/pkg/helmfile/testutil/mocks.go:165.81,168.2 2 0
github.com/seredavin/helmfile-validate/pkg/helmfile/testutil/testutil.go:12.46,14.16 2 4
github.com/seredavin/helmfile-validate/pkg/helmfile/testutil/testutil.go:14.16,16.3 1 0
github.com/seredavin/helmfile-validate/pkg/helmfile/testutil/testutil.go:17.2,18.15 2 4
github.com/seredavin/helmfile-validate/pkg/helmfile/testutil/testutil.go:18.15,21.3 2 4
github.com/seredavin/helmfile-validate/pkg/helmfile/testutil/testutil.go:22.2,28.12 7 4
github.com/seredavin/helmfile-validate/pkg/helmfile/testutil/testutil.go:28.12,33.3 4 4
github.com/seredavin/helmfile-validate/pkg/helmfile/testutil/testutil.go:34.2,37.22 4 4
github.com/seredavin/helmfile-validate/pkg/helmfile/testutil/testutil.go:37.22,39.3 1 0
github.com/seredavin/helmfile-validate/pkg/helmfile/testutil/testutil.go:40.2,40.19 1 4
github.com/seredavin/helmfile-validate/pkg/helmfile/yaml/yaml.go:19.38,20.22 1 2
github.com/seredavin/helmfile-validate/pkg/helmfile/yaml/yaml.go:20.22,24.3 3 1
github.com/seredavin/helmfile-validate/pkg/helmfile/yaml/yaml.go:25.2,25.25 1 1
github.com/seredavin/helmfile-validate/pkg/helmfile/yaml/yaml.go:28.37,32.15 4 2
github.com/seredavin/helmfile-validate/pkg/helmfile/yaml/yaml.go:32.15,34.3 1 2
github.com/seredavin/helmfile-validate/pkg/helmfile/yaml/yaml.go:35.2,35.23 1 2
github.com/seredavin/helmfile-validate/pkg/helmfile/yaml/yaml.go:42.59,43.22 1 0
github.com/seredavin/helmfile-validate/pkg/helmfile/yaml/yaml.go:43.22,46.28 3 0
github.com/seredavin/helmfile-validate/pkg/helmfile/yaml/yaml.go:46.28,48.4 1 0
github.com/seredavin/helmfile-validate/pkg/helmfile/yaml/yaml.go:51.2,54.27 3 0
github.com/seredavin/helmfile-validate/pkg/helmfile/yaml/yaml.go:54.27,56.3 1 0
github.com/seredavin/helmfile-validate/pkg/helmfile/yaml/yaml.go:59.42,60.22 1 0
github.com/seredavin/helmfile-validate/pkg/helmfile/yaml/yaml.go:60.22,62.3 1 0
github.com/seredavin/helmfile-validate/pkg/helmfile/yaml/yaml.go:64.2,64.30 1 0
github.com/seredavin/helmfile-validate/pkg/helmfile/tmpl/context.go:14.44,16.2 1 0
github.com/seredavin/helmfile-validate/pkg/helmfile/tmpl/context.go:18.60,20.2 1 0
github.com/seredavin/helmfile-validate/pkg/helmfile/tmpl/context_funcs.go:33.54,35.2 1 0
github.com/seredavin/helmfile-validate/pkg/helmfile/tmpl/context_funcs.go:41.13,43.2 1 1
github.com/seredavin/helmfile-validate/pkg/helmfile/tmpl/context_funcs.go:45.52,65.17 2 29
github.com/seredavin/helmfile-validate/pkg/helmfile/tmpl/context_funcs.go:65.17,67.68 1 0
github.com/seredavin/helmfile-validate/pkg/helmfile/tmpl/context_funcs.go:67.68,69.4 1 0
github.com/seredavin/helmfile-validate/pkg/helmfile/tmpl/context_funcs.go:70.3,70.87 1 0
github.com/seredavin/helmfile-validate/pkg/helmfile/tmpl/context_funcs.go:70.87,72.4 1 0
github.com/seredavin/helmfile-validate/pkg/helmfile/tmpl/context_funcs.go:73.3,73.54 1 0
github.com/seredavin/helmfile-validate/pkg/helmfile/tmpl/context_funcs.go:73.54,75.4 1 0
github.com/seredavin/helmfile-validate/pkg/helmfile/tmpl/context_funcs.go:76.3,76.55 1 0
github.com/seredavin/helmfile-validate/pkg/helmfile/tmpl/context_funcs.go:76.55,78.4 1 0
github.com/seredavin/helmfile-validate/pkg/helmfile/tmpl/context_funcs.go:79.3,79.67 1 0
github.com/seredavin/helmfile-validate/pkg/helmfile/tmpl/context_funcs.go:79.67,81.4 1 0
github.com/seredavin/helmfile-validate/pkg/helmfile/tmpl/context_funcs.go:83.2,83.29 1 29
github.com/seredavin/helmfile-validate/pkg/helmfile/tmpl/context_funcs.go:83.29,85.68 1 1
github.com/seredavin/helmfile-validate/pkg/helmfile/tmpl/context_funcs.go:85.68,87.4 1 1
github.com/seredavin/helmfile-validate/pkg/helmfile/tmpl/context_funcs.go:88.3,88.87 1 1
github.com/seredavin/helmfile-validate/pkg/helmfile/tmpl/context_funcs.go:88.87,90.4 1 0
github.com/seredavin/helmfile-validate/pkg/helmfile/tmpl/context_funcs.go:91.3,91.54 1 1
github.com/seredavin/helmfile-validate/pkg/helmfile/tmpl/context_funcs.go:91.54,93.4 1 1
github.com/seredavin/helmfile-validate/pkg/helmfile/tmpl/context_funcs.go:94.3,94.55 1 1
github.com/seredavin/helmfile-validate/pkg/helmfile/tmpl/context_funcs.go:94.55,96.4 1 0
github.com/seredavin/helmfile-validate/pkg/helmfile/tmpl/context_funcs.go:97.3,97.62 1 1
github.com/seredavin/helmfile-validate/pkg/helmfile/tmpl/context_funcs.go:97.62,99.4 1 0
github.com/seredavin/helmfile-validate/pkg/helmfile/tmpl/context_funcs.go:102.2,102.16 1 29
github.com/seredavin/helmfile-validate/pkg/helmfile/tmpl/context_funcs.go:106.110,108.21 2 7
github.com/seredavin/helmfile-validate/pkg/helmfile/tmpl/context_funcs.go:108.21,110.3 1 6
github.com/seredavin/helmfile-validate/pkg/helmfile/tmpl/context_funcs.go:112.2,113.25 2 7
github.com/seredavin/helmfile-validate/pkg/helmfile/tmpl/context_funcs.go:113.25,114.19 1 11
github.com/seredavin/helmfile-validate/pkg/helmfile/tmpl/context_funcs.go:115.15,116.37 1 11
github.com/seredavin/helmfile-validate/pkg/helmfile/tmpl/context_funcs.go:117.11,118.109 1 0
github.com/seredavin/helmfile-validate/pkg/helmfile/tmpl/context_funcs.go:122.2,125.25 3 7
github.com/seredavin/helmfile-validate/pkg/helmfile/tmpl/context_funcs.go:125.25,126.19 1 2
github.com/seredavin/helmfile-validate/pkg/helmfile/tmpl/context_funcs.go:127.15,128.37 1 1
github.com/seredavin/helmfile-validate/pkg/helmfile/tmpl/context_funcs.go:129.11,130.109 1 1
github.com/seredavin/helmfile-validate/pkg/helmfile/tmpl/context_funcs.go:134.2,136.17 3 6
github.com/seredavin/helmfile-validate/pkg/helmfile/tmpl/context_funcs.go:136.17,138.26 2 1
github.com/seredavin/helmfile-validate/pkg/helmfile/tmpl/context_funcs.go:138.26,140.4 1 1
github.com/seredavin/helmfile-validate/pkg/helmfile/tmpl/context_funcs.go:143.2,145.20 2 6
github.com/seredavin/helmfile-validate/pkg/helmfile/tmpl/context_funcs.go:145.20,147.17 2 0
github.com/seredavin/helmfile-validate/pkg/helmfile/tmpl/context_funcs.go:147.17,149.4 1 0
github.com/seredavin/helmfile-validate/pkg/helmfile/tmpl/context_funcs.go:151.3,151.21 1 0
github.com/seredavin/helmfile-validate/pkg/helmfile/tmpl/context_funcs.go:151.21,152.17 1 0
github.com/seredavin/helmfile-validate/pkg/helmfile/tmpl/context_funcs.go:152.17,154.5 1 0
github.com/seredavin/helmfile-validate/pkg/helmfile/tmpl/context_funcs.go:156.4,160.8 3 0
github.com/seredavin/helmfile-validate/pkg/helmfile/tmpl/context_funcs.go:160.8,162.19 2 0
github.com/seredavin/helmfile-validate/pkg/helmfile/tmpl/context_funcs.go:162.19,164.6 1 0
github.com/seredavin/helmfile-validate/pkg/helmfile/tmpl/context_funcs.go:166.5,168.18 2 0
github.com/seredavin/helmfile-validate/pkg/helmfile/tmpl/context_funcs.go:168.18,170.6 1 0
github.com/seredavin/helmfile-validate/pkg/helmfile/tmpl/context_funcs.go:175.2,177.20 2 6
github.com/seredavin/helmfile-validate/pkg/helmfile/tmpl/context_funcs.go:177.20,181.17 2 6
github.com/seredavin/helmfile-validate/pkg/helmfile/tmpl/context_funcs.go:181.17,183.4 1 1
github.com/seredavin/helmfile-validate/pkg/helmfile/tmpl/context_funcs.go:185.3,187.13 2 5
github.com/seredavin/helmfile-validate/pkg/helmfile/tmpl/context_funcs.go:190.2,190.33 1 6
github.com/seredavin/helmfile-validate/pkg/helmfile/tmpl/context_funcs.go:190.33,192.3 1 1
github.com/seredavin/helmfile-validate/pkg/helmfile/tmpl/context_funcs.go:194.2,194.27 1 5
github.com/seredavin/helmfile-validate/pkg/helmfile/tmpl/context_funcs.go:197.86,199.2 1 3
github.com/seredavin/helmfile-validate/pkg/helmfile/tmpl/context_funcs.go:201.57,203.30 2 0
github.com/seredavin/helmfile-validate/pkg/helmfile/tmpl/context_funcs.go:203.30,205.3 1 0
github.com/seredavin/helmfile-validate/pkg/helmfile/tmpl/context_funcs.go:205.8,207.3 1 0
github.com/seredavin/helmfile-validate/pkg/helmfile/tmpl/context_funcs.go:209.2,210.16 2 0
github.com/seredavin/helmfile-validate/pkg/helmfile/tmpl/context_funcs.go:210.16,212.3 1 0
github.com/seredavin/helmfile-validate/pkg/helmfile/tmpl/context_funcs.go:213.2,213.36 1 0
github.com/seredavin/helmfile-validate/pkg/helmfile/tmpl/context_funcs.go:213.36,215.3 1 0
github.com/seredavin/helmfile-validate/pkg/helmfile/tmpl/context_funcs.go:216.2,216.19 1 0
github.com/seredavin/helmfile-validate/pkg/helmfile/tmpl/context_funcs.go:219.56,221.30 2 0
github.com/seredavin/helmfile-validate/pkg/helmfile/tmpl/context_funcs.go:221.30,223.3 1 0
github.com/seredavin/helmfile-validate/pkg/helmfile/tmpl/context_funcs.go:223.8,225.3 1 0
github.com/seredavin/helmfile-validate/pkg/helmfile/tmpl/context_funcs.go:227.2,228.16 2 0
github.com/seredavin/helmfile-validate/pkg/helmfile/tmpl/context_funcs.go:228.16,230.3 1 0
github.com/seredavin/helmfile-validate/pkg/helmfile/tmpl/context_funcs.go:231.2,231.36 1 0
github.com/seredavin/helmfile-validate/pkg/helmfile/tmpl/context_funcs.go:231.36,233.3 1 0
github.com/seredavin/helmfile-validate/pkg/helmfile/tmpl/context_funcs.go:234.2,234.19 1 0
github.com/seredavin/helmfile-validate/pkg/helmfile/tmpl/context_funcs.go:237.61,239.30 2 4
github.com/seredavin/helmfile-validate/pkg/helmfile/tmpl/context_funcs.go:239.30,241.3 1 1
github.com/seredavin/helmfile-validate/pkg/helmfile/tmpl/context_funcs.go:241.8,243.3 1 3
github.com/seredavin/helmfile-validate/pkg/helmfile/tmpl/context_funcs.go:245.2,245.26 1 4
github.com/seredavin/helmfile-validate/pkg/helmfile/tmpl/context_funcs.go:245.26,247.3 1 0
github.com/seredavin/helmfile-validate/pkg/helmfile/tmpl/context_funcs.go:249.2,250.16 2 4
github.com/seredavin/helmfile-validate/pkg/helmfile/tmpl/context_funcs.go:250.16,252.3 1 0
github.com/seredavin/helmfile-validate/pkg/helmfile/tmpl/context_funcs.go:253.2,253.27 1 4
github.com/seredavin/helmfile-validate/pkg/helmfile/tmpl/context_funcs.go:256.58,258.26 2 1
github.com/seredavin/helmfile-validate/pkg/helmfile/tmpl/context_funcs.go:258.26,260.3 1 0
github.com/seredavin/helmfile-validate/pkg/helmfile/tmpl/context_funcs.go:260.8,262.3 1 1
github.com/seredavin/helmfile-validate/pkg/helmfile/tmpl/context_funcs.go:264.2,265.16 2 1
github.com/seredavin/helmfile-validate/pkg/helmfile/tmpl/context_funcs.go:265.16,267.3 1 0
github.com/seredavin/helmfile-validate/pkg/helmfile/tmpl/context_funcs.go:269.2,270.32 2 1
github.com/seredavin/helmfile-validate/pkg/helmfile/tmpl/context_funcs.go:270.32,271.20 1 4
github.com/seredavin/helmfile-validate/pkg/helmfile/tmpl/context_funcs.go:271.20,272.12 1 1
github.com/seredavin/helmfile-validate/pkg/helmfile/tmpl/context_funcs.go:274.3,274.59 1 3
github.com/seredavin/helmfile-validate/pkg/helmfile/tmpl/context_funcs.go:277.2,277.19 1 1
github.com/seredavin/helmfile-validate/pkg/helmfile/tmpl/context_funcs.go:280.70,282.26 2 1
github.com/seredavin/helmfile-validate/pkg/helmfile/tmpl/context_funcs.go:282.26,284.3 1 0
github.com/seredavin/helmfile-validate/pkg/helmfile/tmpl/context_funcs.go:284.8,286.3 1 1
github.com/seredavin/helmfile-validate/pkg/helmfile/tmpl/context_funcs.go:287.2,288.16 2 1
github.com/seredavin/helmfile-validate/pkg/helmfile/tmpl/context_funcs.go:288.16,290.3 1 0
github.com/seredavin/helmfile-validate/pkg/helmfile/tmpl/context_funcs.go:291.2,291.21 1 1
github.com/seredavin/helmfile-validate/pkg/helmfile/tmpl/context_funcs.go:294.62,296.16 2 2
github.com/seredavin/helmfile-validate/pkg/helmfile/tmpl/context_funcs.go:296.16,298.3 1 0
github.com/seredavin/helmfile-validate/pkg/helmfile/tmpl/context_funcs.go:299.2,299.26 1 2
github.com/seredavin/helmfile-validate/pkg/helmfile/tmpl/context_funcs.go:302.36,304.16 2 11
github.com/seredavin/helmfile-validate/pkg/helmfile/tmpl/context_funcs.go:304.16,306.3 1 0
github.com/seredavin/helmfile-validate/pkg/helmfile/tmpl/context_funcs.go:307.2,307.26 1 11
github.com/seredavin/helmfile-validate/pkg/helmfile/tmpl/context_funcs.go:310.40,313.56 2 14
github.com/seredavin/helmfile-validate/pkg/helmfile/tmpl/context_funcs.go:313.56,315.3 1 0
github.com/seredavin/helmfile-validate/pkg/helmfile/tmpl/context_funcs.go:317.2,318.16 2 14
github.com/seredavin/helmfile-validate/pkg/helmfile/tmpl/context_funcs.go:318.16,320.3 1 0
github.com/seredavin/helmfile-validate/pkg/helmfile/tmpl/context_funcs.go:322.2,322.15 1 14
github.com/seredavin/helmfile-validate/pkg/helmfile/tmpl/context_funcs.go:325.76,331.30 6 3
github.com/seredavin/helmfile-validate/pkg/helmfile/tmpl/context_funcs.go:331.30,334.41 2 2
github.com/seredavin/helmfile-validate/pkg/helmfile/tmpl/context_funcs.go:335.23,337.15 2 2
github.com/seredavin/helmfile-validate/pkg/helmfile/tmpl/context_funcs.go:337.15,339.5 1 0
github.com/seredavin/helmfile-validate/pkg/helmfile/tmpl/context_funcs.go:340.4,340.12 1 2
github.com/seredavin/helmfile-validate/pkg/helmfile/tmpl/context_funcs.go:341.20,343.15 2 0
github.com/seredavin/helmfile-validate/pkg/helmfile/tmpl/context_funcs.go:343.15,345.5 1 0
github.com/seredavin/helmfile-validate/pkg/helmfile/tmpl/context_funcs.go:346.4,346.12 1 0
github.com/seredavin/helmfile-validate/pkg/helmfile/tmpl/context_funcs.go:347.11,348.109 1 0
github.com/seredavin/helmfile-validate/pkg/helmfile/tmpl/context_funcs.go:351.3,351.35 1 2
github.com/seredavin/helmfile-validate/pkg/helmfile/tmpl/context_funcs.go:352.36,353.23 1 2
github.com/seredavin/helmfile-validate/pkg/helmfile/tmpl/context_funcs.go:354.11,355.109 1 0
github.com/seredavin/helmfile-validate/pkg/helmfile/tmpl/context_funcs.go:359.2,359.40 1 3
github.com/seredavin/helmfile-validate/pkg/helmfile/tmpl/context_funcs.go:360.22,361.28 1 2
github.com/seredavin/helmfile-validate/pkg/helmfile/tmpl/context_funcs.go:362.19,363.28 1 1
github.com/seredavin/helmfile-validate/pkg/helmfile/tmpl/context_funcs.go:364.10,365.110 1 0
github.com/seredavin/helmfile-validate/pkg/helmfile/tmpl/context_funcs.go:367.2,367.20 1 3
github.com/seredavin/helmfile-validate/pkg/helmfile/tmpl/context_funcs.go:370.47,371.63 1 5
github.com/seredavin/helmfile-validate/pkg/helmfile/tmpl/context_funcs.go:371.63,373.3 1 2
github.com/seredavin/helmfile-validate/pkg/helmfile/tmpl/context_funcs.go:375.2,375.65 1 3
github.com/seredavin/helmfile-validate/pkg/helmfile/tmpl/context_funcs.go:378.50,379.16 1 9
github.com/seredavin/helmfile-validate/pkg/helmfile/tmpl/context_funcs.go:379.16,381.3 1 3
github.com/seredavin/helmfile-validate/pkg/helmfile/tmpl/context_funcs.go:381.8,381.38 1 6
github.com/seredavin/helmfile-validate/pkg/helmfile/tmpl/context_funcs.go:381.38,382.16 1 6
github.com/seredavin/helmfile-validate/pkg/helmfile/tmpl/context_funcs.go:382.16,384.4 1 3
github.com/seredavin/helmfile-validate/pkg/helmfile/tmpl/context_funcs.go:387.2,387.17 1 3
github.com/seredavin/helmfile-validate/pkg/helmfile/tmpl/context_tmpl.go:21.52,34.35 4 27
github.com/seredavin/helmfile-validate/pkg/helmfile/tmpl/context_tmpl.go:34.35,36.3 1 27
github.com/seredavin/helmfile-validate/pkg/helmfile/tmpl/context_tmpl.go:39.2,39.41 1 27
github.com/seredavin/helmfile-validate/pkg/helmfile/tmpl/context_tmpl.go:39.41,41.3 1 459
github.com/seredavin/helmfile-validate/pkg/helmfile/tmpl/context_tmpl.go:44.2,44.31 1 27
github.com/seredavin/helmfile-validate/pkg/helmfile/tmpl/context_tmpl.go:44.31,46.3 1 27
github.com/seredavin/helmfile-validate/pkg/helmfile/tmpl/context_tmpl.go:48.2,48.16 1 27
github.com/seredavin/helmfile-validate/pkg/helmfile/tmpl/context_tmpl.go:59.51,62.16 3 28
github.com/seredavin/helmfile-validate/pkg/helmfile/tmpl/context_tmpl.go:62.16,64.3 1 0
github.com/seredavin/helmfile-validate/pkg/helmfile/tmpl/context_tmpl.go:65.2,65.29 1 28
github.com/seredavin/helmfile-validate/pkg/helmfile/tmpl/context_tmpl.go:65.29,67.17 2 3
github.com/seredavin/helmfile-validate/pkg/helmfile/tmpl/context_tmpl.go:67.17,69.4 1 0
github.com/seredavin/helmfile-validate/pkg/helmfile/tmpl/context_tmpl.go:70.3,70.77 1 3
github.com/seredavin/helmfile-validate/pkg/helmfile/tmpl/context_tmpl.go:72.2,72.22 1 28
github.com/seredavin/helmfile-validate/pkg/helmfile/tmpl/context_tmpl.go:80.61,84.17 3 27
github.com/seredavin/helmfile-validate/pkg/helmfile/tmpl/context_tmpl.go:84.17,86.3 1 0
github.com/seredavin/helmfile-validate/pkg/helmfile/tmpl/context_tmpl.go:86.8,88.3 1 27
github.com/seredavin/helmfile-validate/pkg/helmfile/tmpl/context_tmpl.go:90.2,93.75 2 27
github.com/seredavin/helmfile-validate/pkg/helmfile/tmpl/context_tmpl.go:93.75,95.39 2 1
github.com/seredavin/helmfile-validate/pkg/helmfile/tmpl/context_tmpl.go:95.39,96.28 1 0
github.com/seredavin/helmfile-validate/pkg/helmfile/tmpl/context_tmpl.go:96.28,98.5 1 0
github.com/seredavin/helmfile-validate/pkg/helmfile/tmpl/context_tmpl.go:99.4,99.25 1 0
github.com/seredavin/helmfile-validate/pkg/helmfile/tmpl/context_tmpl.go:100.9,102.4 1 1
github.com/seredavin/helmfile-validate/pkg/helmfile/tmpl/context_tmpl.go:103.3,105.27 3 1
github.com/seredavin/helmfile-validate/pkg/helmfile/tmpl/context_tmpl.go:107.2,110.16 3 27
github.com/seredavin/helmfile-validate/pkg/helmfile/tmpl/context_tmpl.go:110.16,112.3 1 0
github.com/seredavin/helmfile-validate/pkg/helmfile/tmpl/context_tmpl.go:113.2,113.27 1 27
github.com/seredavin/helmfile-validate/pkg/helmfile/tmpl/context_tmpl.go:113.27,115.17 2 1
github.com/seredavin/helmfile-validate/pkg/helmfile/tmpl/context_tmpl.go:115.17,117.4 1 0
github.com/seredavin/helmfile-validate/pkg/helmfile/tmpl/context_tmpl.go:120.2,120.18 1 27
github.com/seredavin/helmfile-validate/pkg/helmfile/tmpl/context_tmpl.go:128.88,130.16 2 27
github.com/seredavin/helmfile-validate/pkg/helmfile/tmpl/context_tmpl.go:130.16,132.3 1 0
github.com/seredavin/helmfile-validate/pkg/helmfile/tmpl/context_tmpl.go:133.2,134.16 2 27
github.com/seredavin/helmfile-validate/pkg/helmfile/tmpl/context_tmpl.go:134.16,136.3 1 2
github.com/seredavin/helmfile-validate/pkg/helmfile/tmpl/context_tmpl.go:138.2,140.19 3 25
github.com/seredavin/helmfile-validate/pkg/helmfile/tmpl/context_tmpl.go:140.19,142.3 1 23
github.com/seredavin/helmfile-validate/pkg/helmfile/tmpl/context_tmpl.go:143.2,145.20 2 25
github.com/seredavin/helmfile-validate/pkg/helmfile/tmpl/context_tmpl.go:145.20,147.3 1 6
github.com/seredavin/helmfile-validate/pkg/helmfile/tmpl/context_tmpl.go:149.2,149.24 1 19
github.com/seredavin/helmfile-validate/pkg/helmfile/tmpl/expand_secret_ref.go:20.52,24.16 4 4
github.com/seredavin/helmfile-validate/pkg/helmfile/tmpl/expand_secret_ref.go:24.16,26.3 1 1
github.com/seredavin/helmfile-validate/pkg/helmfile/tmpl/expand_secret_ref.go:28.2,29.9 2 3
github.com/seredavin/helmfile-validate/pkg/helmfile/tmpl/expand_secret_ref.go:29.9,31.3 1 1
github.com/seredavin/helmfile-validate/pkg/helmfile/tmpl/expand_secret_ref.go:33.2,34.9 2 2
github.com/seredavin/helmfile-validate/pkg/helmfile/tmpl/expand_secret_ref.go:34.9,36.3 1 1
github.com/seredavin/helmfile-validate/pkg/helmfile/tmpl/expand_secret_ref.go:38.2,38.20 1 1
github.com/seredavin/helmfile-validate/pkg/helmfile/tmpl/expand_secret_ref.go:41.71,44.17 2 4
github.com/seredavin/helmfile-validate/pkg/helmfile/tmpl/expand_secret_ref.go:44.17,46.27 2 1
github.com/seredavin/helmfile-validate/pkg/helmfile/tmpl/expand_secret_ref.go:46.27,48.18 2 0
github.com/seredavin/helmfile-validate/pkg/helmfile/tmpl/expand_secret_ref.go:48.18,50.5 1 0
github.com/seredavin/helmfile-validate/pkg/helmfile/tmpl/expand_secret_ref.go:51.4,51.30 1 0
github.com/seredavin/helmfile-validate/pkg/helmfile/tmpl/expand_secret_ref.go:54.2,54.26 1 4
github.com/seredavin/helmfile-validate/pkg/helmfile/tmpl/expand_secret_ref.go:54.26,56.3 1 0
github.com/seredavin/helmfile-validate/pkg/helmfile/tmpl/expand_secret_ref.go:58.2,59.16 2 4
github.com/seredavin/helmfile-validate/pkg/helmfile/tmpl/expand_secret_ref.go:59.16,61.3 1 1
github.com/seredavin/helmfile-validate/pkg/helmfile/tmpl/expand_secret_ref.go:63.2,63.23 1 3
github.com/seredavin/helmfile-validate/pkg/helmfile/tmpl/expand_secrets_mock.go:24.63,28.2 3 4
github.com/seredavin/helmfile-validate/pkg/helmfile/tmpl/expand_secrets_mock.go:31.62,33.2 1 4
github.com/seredavin/helmfile-validate/pkg/helmfile/tmpl/expand_secrets_mock.go:36.80,41.2 4 4
github.com/seredavin/helmfile-validate/pkg/helmfile/tmpl/expand_secrets_mock.go:44.67,46.2 1 4
github.com/seredavin/helmfile-validate/pkg/helmfile/tmpl/file_renderer.go:17.90,26.2 1 2
github.com/seredavin/helmfile-validate/pkg/helmfile/tmpl/file_renderer.go:28.68,39.2 2 0
github.com/seredavin/helmfile-validate/pkg/helmfile/tmpl/file_renderer.go:41.87,43.16 2 1
github.com/seredavin/helmfile-validate/pkg/helmfile/tmpl/file_renderer.go:43.16,45.3 1 0
github.com/seredavin/helmfile-validate/pkg/helmfile/tmpl/file_renderer.go:47.2,47.49 1 1
github.com/seredavin/helmfile-validate/pkg/helmfile/tmpl/file_renderer.go:52.67,55.58 3 2
github.com/seredavin/helmfile-validate/pkg/helmfile/tmpl/file_renderer.go:55.58,57.17 2 1
github.com/seredavin/helmfile-validate/pkg/helmfile/tmpl/file_renderer.go:57.17,59.4 1 0
github.com/seredavin/helmfile-validate/pkg/helmfile/tmpl/file_renderer.go:60.3,60.30 1 1
github.com/seredavin/helmfile-validate/pkg/helmfile/tmpl/file_renderer.go:61.8,64.17 3 1
github.com/seredavin/helmfile-validate/pkg/helmfile/tmpl/file_renderer.go:64.17,66.4 1 0
github.com/seredavin/helmfile-validate/pkg/helmfile/tmpl/file_renderer.go:68.2,68.23 1 2
github.com/seredavin/helmfile-validate/pkg/helmfile/tmpl/file_renderer.go:71.93,73.2 1 1
github.com/seredavin/helmfile-validate/pkg/helmfile/tmpl/file_renderer.go:75.86,77.16 2 0
github.com/seredavin/helmfile-validate/pkg/helmfile/tmpl/file_renderer.go:77.16,79.3 1 0
github.com/seredavin/helmfile-validate/pkg/helmfile/tmpl/file_renderer.go:80.2,80.26 1 0
github.com/seredavin/helmfile-validate/pkg/helmfile/tmpl/get_or_nil.go:13.39,15.2 1 0
github.com/seredavin/helmfile-validate/pkg/helmfile/tmpl/get_or_nil.go:17.52,21.22 4 42
github.com/seredavin/helmfile-validate/pkg/helmfile/tmpl/get_or_nil.go:22.9,25.19 3 34
github.com/seredavin/helmfile-validate/pkg/helmfile/tmpl/get_or_nil.go:26.9,29.19 3 8
github.com/seredavin/helmfile-validate/pkg/helmfile/tmpl/get_or_nil.go:30.10,31.169 1 0
github.com/seredavin/helmfile-validate/pkg/helmfile/tmpl/get_or_nil.go:34.2,34.16 1 42
github.com/seredavin/helmfile-validate/pkg/helmfile/tmpl/get_or_nil.go:34.16,36.3 1 6
github.com/seredavin/helmfile-validate/pkg/helmfile/tmpl/get_or_nil.go:37.2,40.32 4 36
github.com/seredavin/helmfile-validate/pkg/helmfile/tmpl/get_or_nil.go:41.23,42.18 1 2
github.com/seredavin/helmfile-validate/pkg/helmfile/tmpl/get_or_nil.go:44.2,44.32 1 36
github.com/seredavin/helmfile-validate/pkg/helmfile/tmpl/get_or_nil.go:45.22,47.10 2 20
github.com/seredavin/helmfile-validate/pkg/helmfile/tmpl/get_or_nil.go:47.10,48.14 1 8
github.com/seredavin/helmfile-validate/pkg/helmfile/tmpl/get_or_nil.go:48.14,50.5 1 3
github.com/seredavin/helmfile-validate/pkg/helmfile/tmpl/get_or_nil.go:51.4,51.100 1 5
github.com/seredavin/helmfile-validate/pkg/helmfile/tmpl/get_or_nil.go:53.25,55.10 2 3
github.com/seredavin/helmfile-validate/pkg/helmfile/tmpl/get_or_nil.go:55.10,56.14 1 2
github.com/seredavin/helmfile-validate/pkg/helmfile/tmpl/get_or_nil.go:56.14,58.5 1 1
github.com/seredavin/helmfile-validate/pkg/helmfile/tmpl/get_or_nil.go:59.4,59.100 1 1
github.com/seredavin/helmfile-validate/pkg/helmfile/tmpl/get_or_nil.go:61.3,61.16 1 1
github.com/seredavin/helmfile-validate/pkg/helmfile/tmpl/get_or_nil.go:62.19,64.10 2 0
github.com/seredavin/helmfile-validate/pkg/helmfile/tmpl/get_or_nil.go:64.10,65.14 1 0
github.com/seredavin/helmfile-validate/pkg/helmfile/tmpl/get_or_nil.go:65.14,67.5 1 0
github.com/seredavin/helmfile-validate/pkg/helmfile/tmpl/get_or_nil.go:68.4,68.100 1 0
github.com/seredavin/helmfile-validate/pkg/helmfile/tmpl/get_or_nil.go:70.10,72.43 2 13
github.com/seredavin/helmfile-validate/pkg/helmfile/tmpl/get_or_nil.go:72.43,74.4 1 1
github.com/seredavin/helmfile-validate/pkg/helmfile/tmpl/get_or_nil.go:74.9,74.40 1 12
github.com/seredavin/helmfile-validate/pkg/helmfile/tmpl/get_or_nil.go:74.40,76.4 1 1
github.com/seredavin/helmfile-validate/pkg/helmfile/tmpl/get_or_nil.go:77.3,78.19 2 11
github.com/seredavin/helmfile-validate/pkg/helmfile/tmpl/get_or_nil.go:78.19,79.14 1 2
github.com/seredavin/helmfile-validate/pkg/helmfile/tmpl/get_or_nil.go:79.14,81.5 1 0
github.com/seredavin/helmfile-validate/pkg/helmfile/tmpl/get_or_nil.go:82.4,82.98 1 2
github.com/seredavin/helmfile-validate/pkg/helmfile/tmpl/get_or_nil.go:84.3,84.20 1 9
github.com/seredavin/helmfile-validate/pkg/helmfile/tmpl/get_or_nil.go:87.2,87.12 1 21
github.com/seredavin/helmfile-validate/pkg/helmfile/tmpl/get_or_nil.go:87.12,89.3 1 3
github.com/seredavin/helmfile-validate/pkg/helmfile/tmpl/get_or_nil.go:90.2,90.44 1 18
github.com/seredavin/helmfile-validate/pkg/helmfile/tmpl/get_or_nil.go:93.48,95.16 2 6
github.com/seredavin/helmfile-validate/pkg/helmfile/tmpl/get_or_nil.go:95.16,96.21 1 4
github.com/seredavin/helmfile-validate/pkg/helmfile/tmpl/get_or_nil.go:97.22,98.19 1 4
github.com/seredavin/helmfile-validate/pkg/helmfile/tmpl/get_or_nil.go:99.11,100.19 1 0
github.com/seredavin/helmfile-validate/pkg/helmfile/tmpl/get_or_nil.go:103.2,103.15 1 2
github.com/seredavin/helmfile-validate/pkg/helmfile/tmpl/text_renderer.go:17.98,26.2 1 2
github.com/seredavin/helmfile-validate/pkg/helmfile/tmpl/text_renderer.go:28.80,30.16 2 3
github.com/seredavin/helmfile-validate/pkg/helmfile/tmpl/text_renderer.go:30.16,32.3 1 2
github.com/seredavin/helmfile-validate/pkg/helmfile/tmpl/text_renderer.go:33.2,33.26 1 1
github.com/seredavin/helmfile-validate/pkg/helmfile/app/app.go:77.36,104.2 3 0
github.com/seredavin/helmfile-validate/pkg/helmfile/app/app.go:106.26,109.16 3 0
github.com/seredavin/helmfile-validate/pkg/helmfile/app/app.go:109.16,110.67 1 0
github.com/seredavin/helmfile-validate/pkg/helmfile/app/app.go:113.2,113.26 1 0
github.com/seredavin/helmfile-validate/pkg/helmfile/app/app.go:113.26,115.3 1 0
github.com/seredavin/helmfile-validate/pkg/helmfile/app/app.go:117.2,117.12 1 0
github.com/seredavin/helmfile-validate/pkg/helmfile/app/app.go:120.48,128.2 3 0
github.com/seredavin/helmfile-validate/pkg/helmfile/app/app.go:130.48,131.62 1 1
github.com/seredavin/helmfile-validate/pkg/helmfile/app/app.go:131.62,134.3 2 1
github.com/seredavin/helmfile-validate/pkg/helmfile/app/app.go:137.50,138.62 1 0
github.com/seredavin/helmfile-validate/pkg/helmfile/app/app.go:138.62,141.22 2 0
github.com/seredavin/helmfile-validate/pkg/helmfile/app/app.go:141.22,143.4 1 0
github.com/seredavin/helmfile-validate/pkg/helmfile/app/app.go:145.3,145.9 1 0
github.com/seredavin/helmfile-validate/pkg/helmfile/app/app.go:149.48,154.55 3 64
github.com/seredavin/helmfile-validate/pkg/helmfile/app/app.go:154.55,173.13 6 64
github.com/seredavin/helmfile-validate/pkg/helmfile/app/app.go:173.13,175.4 1 64
github.com/seredavin/helmfile-validate/pkg/helmfile/app/app.go:177.3,177.17 1 64
github.com/seredavin/helmfile-validate/pkg/helmfile/app/app.go:177.17,179.4 1 44
github.com/seredavin/helmfile-validate/pkg/helmfile/app/app.go:181.3,181.21 1 64
github.com/seredavin/helmfile-validate/pkg/helmfile/app/app.go:181.21,183.4 1 0
github.com/seredavin/helmfile-validate/pkg/helmfile/app/app.go:185.3,187.23 2 64
github.com/seredavin/helmfile-validate/pkg/helmfile/app/app.go:187.23,188.31 1 10
github.com/seredavin/helmfile-validate/pkg/helmfile/app/app.go:189.29,190.19 1 0
github.com/seredavin/helmfile-validate/pkg/helmfile/app/app.go:191.12,193.58 1 0
github.com/seredavin/helmfile-validate/pkg/helmfile/app/app.go:194.13,195.44 1 0
github.com/seredavin/helmfile-validate/pkg/helmfile/app/app.go:197.12,198.43 1 10
github.com/seredavin/helmfile-validate/pkg/helmfile/app/app.go:202.3,202.31 1 64
github.com/seredavin/helmfile-validate/pkg/helmfile/app/app.go:205.2,205.16 1 64
github.com/seredavin/helmfile-validate/pkg/helmfile/app/app.go:205.16,207.3 1 13
github.com/seredavin/helmfile-validate/pkg/helmfile/app/app.go:209.2,209.75 1 51
github.com/seredavin/helmfile-validate/pkg/helmfile/app/app.go:209.75,219.3 3 37
github.com/seredavin/helmfile-validate/pkg/helmfile/app/app.go:221.2,221.12 1 14
github.com/seredavin/helmfile-validate/pkg/helmfile/app/app.go:224.56,225.63 1 17
github.com/seredavin/helmfile-validate/pkg/helmfile/app/app.go:225.63,248.13 4 14
github.com/seredavin/helmfile-validate/pkg/helmfile/app/app.go:248.13,250.4 1 14
github.com/seredavin/helmfile-validate/pkg/helmfile/app/app.go:252.3,252.21 1 14
github.com/seredavin/helmfile-validate/pkg/helmfile/app/app.go:252.21,254.4 1 0
github.com/seredavin/helmfile-validate/pkg/helmfile/app/app.go:256.3,256.18 1 14
github.com/seredavin/helmfile-validate/pkg/helmfile/app/app.go:260.62,261.63 1 0
github.com/seredavin/helmfile-validate/pkg/helmfile/app/app.go:261.63,268.13 1 0
github.com/seredavin/helmfile-validate/pkg/helmfile/app/app.go:268.13,270.4 1 0
github.com/seredavin/helmfile-validate/pkg/helmfile/app/app.go:272.3,272.21 1 0
github.com/seredavin/helmfile-validate/pkg/helmfile/app/app.go:272.21,274.4 1 0
github.com/seredavin/helmfile-validate/pkg/helmfile/app/app.go:276.3,276.9 1 0
github.com/seredavin/helmfile-validate/pkg/helmfile/app/app.go:284.37,285.52 1 0
github.com/seredavin/helmfile-validate/pkg/helmfile/app/app.go:285.52,289.27 3 0
github.com/seredavin/helmfile-validate/pkg/helmfile/app/app.go:289.27,293.4 3 0
github.com/seredavin/helmfile-validate/pkg/helmfile/app/app.go:295.3,295.22 1 0
github.com/seredavin/helmfile-validate/pkg/helmfile/app/app.go:298.2,299.31 2 0
github.com/seredavin/helmfile-validate/pkg/helmfile/app/app.go:299.31,301.3 1 0
github.com/seredavin/helmfile-validate/pkg/helmfile/app/app.go:303.2,303.36 1 0
github.com/seredavin/helmfile-validate/pkg/helmfile/app/app.go:306.48,309.63 2 10
github.com/seredavin/helmfile-validate/pkg/helmfile/app/app.go:309.63,321.13 2 10
github.com/seredavin/helmfile-validate/pkg/helmfile/app/app.go:321.13,323.4 1 10
github.com/seredavin/helmfile-validate/pkg/helmfile/app/app.go:325.3,325.21 1 10
github.com/seredavin/helmfile-validate/pkg/helmfile/app/app.go:325.21,327.4 1 0
github.com/seredavin/helmfile-validate/pkg/helmfile/app/app.go:329.3,329.24 1 10
github.com/seredavin/helmfile-validate/pkg/helmfile/app/app.go:329.24,331.4 1 0
github.com/seredavin/helmfile-validate/pkg/helmfile/app/app.go:333.3,333.9 1 10
github.com/seredavin/helmfile-validate/pkg/helmfile/app/app.go:336.2,336.16 1 10
github.com/seredavin/helmfile-validate/pkg/helmfile/app/app.go:336.16,338.3 1 2
github.com/seredavin/helmfile-validate/pkg/helmfile/app/app.go:340.2,340.33 1 8
github.com/seredavin/helmfile-validate/pkg/helmfile/app/app.go:340.33,342.3 1 0
github.com/seredavin/helmfile-validate/pkg/helmfile/app/app.go:344.2,344.12 1 8
github.com/seredavin/helmfile-validate/pkg/helmfile/app/app.go:347.50,348.63 1 0
github.com/seredavin/helmfile-validate/pkg/helmfile/app/app.go:348.63,357.13 1 0
github.com/seredavin/helmfile-validate/pkg/helmfile/app/app.go:357.14,357.15 0 0
github.com/seredavin/helmfile-validate/pkg/helmfile/app/app.go:359.3,359.21 1 0
github.com/seredavin/helmfile-validate/pkg/helmfile/app/app.go:359.21,361.4 1 0
github.com/seredavin/helmfile-validate/pkg/helmfile/app/app.go:363.3,363.9 1 0
github.com/seredavin/helmfile-validate/pkg/helmfile/app/app.go:367.48,368.63 1 7
github.com/seredavin/helmfile-validate/pkg/helmfile/app/app.go:368.63,382.13 2 7
github.com/seredavin/helmfile-validate/pkg/helmfile/app/app.go:382.13,384.4 1 7
github.com/seredavin/helmfile-validate/pkg/helmfile/app/app.go:386.3,386.21 1 7
github.com/seredavin/helmfile-validate/pkg/helmfile/app/app.go:386.21,388.4 1 0
github.com/seredavin/helmfile-validate/pkg/helmfile/app/app.go:390.3,390.9 1 7
github.com/seredavin/helmfile-validate/pkg/helmfile/app/app.go:394.50,403.63 5 53
github.com/seredavin/helmfile-validate/pkg/helmfile/app/app.go:403.63,418.13 2 53
github.com/seredavin/helmfile-validate/pkg/helmfile/app/app.go:418.13,426.4 5 53
github.com/seredavin/helmfile-validate/pkg/helmfile/app/app.go:428.3,428.21 1 53
github.com/seredavin/helmfile-validate/pkg/helmfile/app/app.go:428.21,430.4 1 0
github.com/seredavin/helmfile-validate/pkg/helmfile/app/app.go:432.3,432.9 1 53
github.com/seredavin/helmfile-validate/pkg/helmfile/app/app.go:435.2,435.16 1 53
github.com/seredavin/helmfile-validate/pkg/helmfile/app/app.go:435.16,437.3 1 8
github.com/seredavin/helmfile-validate/pkg/helmfile/app/app.go:439.2,439.33 1 45
github.com/seredavin/helmfile-validate/pkg/helmfile/app/app.go:439.33,443.3 2 0
github.com/seredavin/helmfile-validate/pkg/helmfile/app/app.go:445.2,445.12 1 45
github.com/seredavin/helmfile-validate/pkg/helmfile/app/app.go:448.54,449.63 1 0
github.com/seredavin/helmfile-validate/pkg/helmfile/app/app.go:449.63,454.13 1 0
github.com/seredavin/helmfile-validate/pkg/helmfile/app/app.go:454.13,456.4 1 0
github.com/seredavin/helmfile-validate/pkg/helmfile/app/app.go:458.3,458.17 1 0
github.com/seredavin/helmfile-validate/pkg/helmfile/app/app.go:458.17,460.4 1 0
github.com/seredavin/helmfile-validate/pkg/helmfile/app/app.go:462.3,462.9 1 0
github.com/seredavin/helmfile-validate/pkg/helmfile/app/app.go:466.54,467.63 1 8
github.com/seredavin/helmfile-validate/pkg/helmfile/app/app.go:467.63,468.22 1 8
github.com/seredavin/helmfile-validate/pkg/helmfile/app/app.go:468.22,476.14 1 8
github.com/seredavin/helmfile-validate/pkg/helmfile/app/app.go:476.14,478.5 1 8
github.com/seredavin/helmfile-validate/pkg/helmfile/app/app.go:479.4,479.18 1 8
github.com/seredavin/helmfile-validate/pkg/helmfile/app/app.go:479.18,481.5 1 0
github.com/seredavin/helmfile-validate/pkg/helmfile/app/app.go:482.9,484.4 1 0
github.com/seredavin/helmfile-validate/pkg/helmfile/app/app.go:485.3,485.9 1 8
github.com/seredavin/helmfile-validate/pkg/helmfile/app/app.go:489.48,490.62 1 0
github.com/seredavin/helmfile-validate/pkg/helmfile/app/app.go:490.62,491.18 1 0
github.com/seredavin/helmfile-validate/pkg/helmfile/app/app.go:491.18,495.4 1 0
github.com/seredavin/helmfile-validate/pkg/helmfile/app/app.go:497.3,502.13 1 0
github.com/seredavin/helmfile-validate/pkg/helmfile/app/app.go:502.13,504.4 1 0
github.com/seredavin/helmfile-validate/pkg/helmfile/app/app.go:506.3,506.17 1 0
github.com/seredavin/helmfile-validate/pkg/helmfile/app/app.go:506.17,508.4 1 0
github.com/seredavin/helmfile-validate/pkg/helmfile/app/app.go:510.3,510.9 1 0
github.com/seredavin/helmfile-validate/pkg/helmfile/app/app.go:514.56,516.63 2 1
github.com/seredavin/helmfile-validate/pkg/helmfile/app/app.go:516.63,521.13 1 1
github.com/seredavin/helmfile-validate/pkg/helmfile/app/app.go:521.13,523.18 2 1
github.com/seredavin/helmfile-validate/pkg/helmfile/app/app.go:523.18,525.5 1 0
github.com/seredavin/helmfile-validate/pkg/helmfile/app/app.go:527.3,527.18 1 1
github.com/seredavin/helmfile-validate/pkg/helmfile/app/app.go:531.55,532.62 1 2
github.com/seredavin/helmfile-validate/pkg/helmfile/app/app.go:532.62,537.13 1 3
github.com/seredavin/helmfile-validate/pkg/helmfile/app/app.go:537.13,538.23 1 3
github.com/seredavin/helmfile-validate/pkg/helmfile/app/app.go:538.23,539.39 1 0
github.com/seredavin/helmfile-validate/pkg/helmfile/app/app.go:539.39,543.20 3 0
github.com/seredavin/helmfile-validate/pkg/helmfile/app/app.go:543.20,546.7 2 0
github.com/seredavin/helmfile-validate/pkg/helmfile/app/app.go:548.6,551.20 3 0
github.com/seredavin/helmfile-validate/pkg/helmfile/app/app.go:551.20,554.7 2 0
github.com/seredavin/helmfile-validate/pkg/helmfile/app/app.go:556.6,556.45 1 0
github.com/seredavin/helmfile-validate/pkg/helmfile/app/app.go:560.4,561.18 2 3
github.com/seredavin/helmfile-validate/pkg/helmfile/app/app.go:561.18,564.5 2 0
github.com/seredavin/helmfile-validate/pkg/helmfile/app/app.go:566.4,567.18 2 3
github.com/seredavin/helmfile-validate/pkg/helmfile/app/app.go:567.18,570.5 2 0
github.com/seredavin/helmfile-validate/pkg/helmfile/app/app.go:571.4,573.20 2 3
github.com/seredavin/helmfile-validate/pkg/helmfile/app/app.go:576.3,576.17 1 3
github.com/seredavin/helmfile-validate/pkg/helmfile/app/app.go:576.17,578.4 1 0
github.com/seredavin/helmfile-validate/pkg/helmfile/app/app.go:580.3,580.21 1 3
github.com/seredavin/helmfile-validate/pkg/helmfile/app/app.go:584.33,588.16 3 1
github.com/seredavin/helmfile-validate/pkg/helmfile/app/app.go:588.16,590.3 1 0
github.com/seredavin/helmfile-validate/pkg/helmfile/app/app.go:592.2,594.12 2 1
github.com/seredavin/helmfile-validate/pkg/helmfile/app/app.go:597.56,600.62 2 19
github.com/seredavin/helmfile-validate/pkg/helmfile/app/app.go:600.62,604.22 3 38
github.com/seredavin/helmfile-validate/pkg/helmfile/app/app.go:604.22,609.14 1 29
github.com/seredavin/helmfile-validate/pkg/helmfile/app/app.go:609.14,611.19 2 29
github.com/seredavin/helmfile-validate/pkg/helmfile/app/app.go:611.19,612.16 1 0
github.com/seredavin/helmfile-validate/pkg/helmfile/app/app.go:614.5,614.24 1 29
github.com/seredavin/helmfile-validate/pkg/helmfile/app/app.go:616.9,618.4 1 9
github.com/seredavin/helmfile-validate/pkg/helmfile/app/app.go:620.3,620.17 1 38
github.com/seredavin/helmfile-validate/pkg/helmfile/app/app.go:620.17,622.4 1 0
github.com/seredavin/helmfile-validate/pkg/helmfile/app/app.go:624.3,624.29 1 38
github.com/seredavin/helmfile-validate/pkg/helmfile/app/app.go:624.29,626.4 1 38
github.com/seredavin/helmfile-validate/pkg/helmfile/app/app.go:628.3,628.9 1 38
github.com/seredavin/helmfile-validate/pkg/helmfile/app/app.go:631.2,635.33 3 19
github.com/seredavin/helmfile-validate/pkg/helmfile/app/app.go:635.33,637.3 1 38
github.com/seredavin/helmfile-validate/pkg/helmfile/app/app.go:639.2,639.16 1 19
github.com/seredavin/helmfile-validate/pkg/helmfile/app/app.go:639.16,641.3 1 2
github.com/seredavin/helmfile-validate/pkg/helmfile/app/app.go:644.2,644.43 1 17
github.com/seredavin/helmfile-validate/pkg/helmfile/app/app.go:644.43,645.53 1 194
github.com/seredavin/helmfile-validate/pkg/helmfile/app/app.go:645.53,647.4 1 139
github.com/seredavin/helmfile-validate/pkg/helmfile/app/app.go:648.3,648.45 1 55
github.com/seredavin/helmfile-validate/pkg/helmfile/app/app.go:651.2,651.26 1 17
github.com/seredavin/helmfile-validate/pkg/helmfile/app/app.go:651.26,653.3 1 3
github.com/seredavin/helmfile-validate/pkg/helmfile/app/app.go:653.8,655.3 1 14
github.com/seredavin/helmfile-validate/pkg/helmfile/app/app.go:657.2,657.12 1 17
github.com/seredavin/helmfile-validate/pkg/helmfile/app/app.go:660.54,663.39 2 38
github.com/seredavin/helmfile-validate/pkg/helmfile/app/app.go:663.39,665.22 2 76
github.com/seredavin/helmfile-validate/pkg/helmfile/app/app.go:665.22,667.4 1 0
github.com/seredavin/helmfile-validate/pkg/helmfile/app/app.go:668.3,668.44 1 76
github.com/seredavin/helmfile-validate/pkg/helmfile/app/app.go:668.44,670.4 1 2
github.com/seredavin/helmfile-validate/pkg/helmfile/app/app.go:672.3,673.27 2 76
github.com/seredavin/helmfile-validate/pkg/helmfile/app/app.go:673.27,675.4 1 254
github.com/seredavin/helmfile-validate/pkg/helmfile/app/app.go:676.3,678.26 2 76
github.com/seredavin/helmfile-validate/pkg/helmfile/app/app.go:678.26,681.4 2 254
github.com/seredavin/helmfile-validate/pkg/helmfile/app/app.go:682.3,685.17 3 76
github.com/seredavin/helmfile-validate/pkg/helmfile/app/app.go:685.17,687.4 1 0
github.com/seredavin/helmfile-validate/pkg/helmfile/app/app.go:689.3,697.5 1 76
github.com/seredavin/helmfile-validate/pkg/helmfile/app/app.go:700.2,700.22 1 38
github.com/seredavin/helmfile-validate/pkg/helmfile/app/app.go:703.57,704.16 1 331
github.com/seredavin/helmfile-validate/pkg/helmfile/app/app.go:704.16,706.3 1 0
github.com/seredavin/helmfile-validate/pkg/helmfile/app/app.go:708.2,709.16 2 331
github.com/seredavin/helmfile-validate/pkg/helmfile/app/app.go:709.16,711.3 1 0
github.com/seredavin/helmfile-validate/pkg/helmfile/app/app.go:713.2,714.16 2 331
github.com/seredavin/helmfile-validate/pkg/helmfile/app/app.go:714.16,716.3 1 0
github.com/seredavin/helmfile-validate/pkg/helmfile/app/app.go:718.2,720.43 2 331
github.com/seredavin/helmfile-validate/pkg/helmfile/app/app.go:720.43,722.3 1 0
github.com/seredavin/helmfile-validate/pkg/helmfile/app/app.go:724.2,728.59 3 331
github.com/seredavin/helmfile-validate/pkg/helmfile/app/app.go:728.59,729.20 1 0
github.com/seredavin/helmfile-validate/pkg/helmfile/app/app.go:729.20,731.4 1 0
github.com/seredavin/helmfile-validate/pkg/helmfile/app/app.go:732.3,732.95 1 0
github.com/seredavin/helmfile-validate/pkg/helmfile/app/app.go:735.2,735.15 1 331
github.com/seredavin/helmfile-validate/pkg/helmfile/app/app.go:738.101,740.16 2 331
github.com/seredavin/helmfile-validate/pkg/helmfile/app/app.go:740.16,742.3 1 0
github.com/seredavin/helmfile-validate/pkg/helmfile/app/app.go:744.2,744.44 1 331
github.com/seredavin/helmfile-validate/pkg/helmfile/app/app.go:744.44,747.38 3 331
github.com/seredavin/helmfile-validate/pkg/helmfile/app/app.go:747.38,750.4 2 0
github.com/seredavin/helmfile-validate/pkg/helmfile/app/app.go:750.9,753.4 2 331
github.com/seredavin/helmfile-validate/pkg/helmfile/app/app.go:755.3,758.23 3 331
github.com/seredavin/helmfile-validate/pkg/helmfile/app/app.go:758.23,760.4 1 0
github.com/seredavin/helmfile-validate/pkg/helmfile/app/app.go:761.3,761.38 1 331
github.com/seredavin/helmfile-validate/pkg/helmfile/app/app.go:761.38,763.4 1 331
github.com/seredavin/helmfile-validate/pkg/helmfile/app/app.go:764.3,764.17 1 331
github.com/seredavin/helmfile-validate/pkg/helmfile/app/app.go:764.17,766.4 1 41
github.com/seredavin/helmfile-validate/pkg/helmfile/app/app.go:769.2,769.12 1 290
github.com/seredavin/helmfile-validate/pkg/helmfile/app/app.go:772.97,774.2 1 370
github.com/seredavin/helmfile-validate/pkg/helmfile/app/app.go:776.124,778.19 2 426
github.com/seredavin/helmfile-validate/pkg/helmfile/app/app.go:778.19,780.3 1 420
github.com/seredavin/helmfile-validate/pkg/helmfile/app/app.go:782.2,799.26 2 426
github.com/seredavin/helmfile-validate/pkg/helmfile/app/app.go:807.49,812.2 1 642
github.com/seredavin/helmfile-validate/pkg/helmfile/app/app.go:819.72,823.20 3 346
github.com/seredavin/helmfile-validate/pkg/helmfile/app/app.go:823.20,825.3 1 1
github.com/seredavin/helmfile-validate/pkg/helmfile/app/app.go:827.2,828.15 2 346
github.com/seredavin/helmfile-validate/pkg/helmfile/app/app.go:828.15,830.3 1 1
github.com/seredavin/helmfile-validate/pkg/helmfile/app/app.go:831.2,836.32 4 346
github.com/seredavin/helmfile-validate/pkg/helmfile/app/app.go:836.32,847.17 2 1
github.com/seredavin/helmfile-validate/pkg/helmfile/app/app.go:847.17,849.4 1 0
github.com/seredavin/helmfile-validate/pkg/helmfile/app/app.go:850.3,850.22 1 1
github.com/seredavin/helmfile-validate/pkg/helmfile/app/app.go:853.2,853.26 1 346
github.com/seredavin/helmfile-validate/pkg/helmfile/app/app.go:856.118,858.2 1 94
github.com/seredavin/helmfile-validate/pkg/helmfile/app/app.go:863.184,866.37 3 56
github.com/seredavin/helmfile-validate/pkg/helmfile/app/app.go:866.37,869.3 2 0
github.com/seredavin/helmfile-validate/pkg/helmfile/app/app.go:869.8,872.3 2 56
github.com/seredavin/helmfile-validate/pkg/helmfile/app/app.go:874.2,875.22 2 56
github.com/seredavin/helmfile-validate/pkg/helmfile/app/app.go:875.22,878.3 2 0
github.com/seredavin/helmfile-validate/pkg/helmfile/app/app.go:880.2,881.27 2 56
github.com/seredavin/helmfile-validate/pkg/helmfile/app/app.go:881.27,883.3 1 56
github.com/seredavin/helmfile-validate/pkg/helmfile/app/app.go:885.2,886.16 2 56
github.com/seredavin/helmfile-validate/pkg/helmfile/app/app.go:886.16,887.37 1 16
github.com/seredavin/helmfile-validate/pkg/helmfile/app/app.go:888.30,889.37 1 16
github.com/seredavin/helmfile-validate/pkg/helmfile/app/app.go:890.34,891.11 1 16
github.com/seredavin/helmfile-validate/pkg/helmfile/app/app.go:892.12,894.11 2 0
github.com/seredavin/helmfile-validate/pkg/helmfile/app/app.go:896.11,898.10 2 0
github.com/seredavin/helmfile-validate/pkg/helmfile/app/app.go:902.2,902.15 1 40
github.com/seredavin/helmfile-validate/pkg/helmfile/app/app.go:902.15,904.3 1 0
github.com/seredavin/helmfile-validate/pkg/helmfile/app/app.go:906.2,908.44 2 40
github.com/seredavin/helmfile-validate/pkg/helmfile/app/app.go:908.44,909.102 1 0
github.com/seredavin/helmfile-validate/pkg/helmfile/app/app.go:909.102,912.4 2 0
github.com/seredavin/helmfile-validate/pkg/helmfile/app/app.go:915.2,916.16 2 40
github.com/seredavin/helmfile-validate/pkg/helmfile/app/app.go:916.16,919.3 2 0
github.com/seredavin/helmfile-validate/pkg/helmfile/app/app.go:921.2,924.15 4 40
github.com/seredavin/helmfile-validate/pkg/helmfile/app/app.go:924.15,927.3 2 40
github.com/seredavin/helmfile-validate/pkg/helmfile/app/app.go:929.2,931.19 2 40
github.com/seredavin/helmfile-validate/pkg/helmfile/app/app.go:931.19,934.3 2 0
github.com/seredavin/helmfile-validate/pkg/helmfile/app/app.go:935.2,935.21 1 40
github.com/seredavin/helmfile-validate/pkg/helmfile/app/app.go:935.21,938.3 2 0
github.com/seredavin/helmfile-validate/pkg/helmfile/app/app.go:941.2,941.15 1 40
github.com/seredavin/helmfile-validate/pkg/helmfile/app/app.go:941.15,943.3 1 40
github.com/seredavin/helmfile-validate/pkg/helmfile/app/app.go:945.2,945.43 1 40
github.com/seredavin/helmfile-validate/pkg/helmfile/app/app.go:945.43,946.102 1 0
github.com/seredavin/helmfile-validate/pkg/helmfile/app/app.go:946.102,948.4 1 0
github.com/seredavin/helmfile-validate/pkg/helmfile/app/app.go:952.177,953.33 1 0
github.com/seredavin/helmfile-validate/pkg/helmfile/app/app.go:953.33,960.94 2 0
github.com/seredavin/helmfile-validate/pkg/helmfile/app/app.go:960.94,962.4 1 0
github.com/seredavin/helmfile-validate/pkg/helmfile/app/app.go:962.9,964.4 1 0
github.com/seredavin/helmfile-validate/pkg/helmfile/app/app.go:966.3,966.99 1 0
github.com/seredavin/helmfile-validate/pkg/helmfile/app/app.go:966.99,967.22 1 0
github.com/seredavin/helmfile-validate/pkg/helmfile/app/app.go:968.34,968.34 0 0
github.com/seredavin/helmfile-validate/pkg/helmfile/app/app.go:969.12,970.62 1 0
github.com/seredavin/helmfile-validate/pkg/helmfile/app/app.go:974.2,974.12 1 0
github.com/seredavin/helmfile-validate/pkg/helmfile/app/app.go:977.149,985.29 4 351
github.com/seredavin/helmfile-validate/pkg/helmfile/app/app.go:985.29,991.45 4 20
github.com/seredavin/helmfile-validate/pkg/helmfile/app/app.go:991.45,993.28 2 56
github.com/seredavin/helmfile-validate/pkg/helmfile/app/app.go:993.28,996.5 2 56
github.com/seredavin/helmfile-validate/pkg/helmfile/app/app.go:999.3,1003.28 4 20
github.com/seredavin/helmfile-validate/pkg/helmfile/app/app.go:1003.28,1004.18 1 0
github.com/seredavin/helmfile-validate/pkg/helmfile/app/app.go:1004.18,1006.5 1 0
github.com/seredavin/helmfile-validate/pkg/helmfile/app/app.go:1010.3,1010.23 1 20
github.com/seredavin/helmfile-validate/pkg/helmfile/app/app.go:1010.23,1012.4 1 40
github.com/seredavin/helmfile-validate/pkg/helmfile/app/app.go:1013.8,1015.80 1 331
github.com/seredavin/helmfile-validate/pkg/helmfile/app/app.go:1015.80,1018.29 2 331
github.com/seredavin/helmfile-validate/pkg/helmfile/app/app.go:1018.29,1020.5 1 237
github.com/seredavin/helmfile-validate/pkg/helmfile/app/app.go:1022.4,1026.18 3 331
github.com/seredavin/helmfile-validate/pkg/helmfile/app/app.go:1026.18,1027.39 1 13
github.com/seredavin/helmfile-validate/pkg/helmfile/app/app.go:1028.32,1029.39 1 13
github.com/seredavin/helmfile-validate/pkg/helmfile/app/app.go:1030.36,1031.17 1 2
github.com/seredavin/helmfile-validate/pkg/helmfile/app/app.go:1032.14,1033.31 1 11
github.com/seredavin/helmfile-validate/pkg/helmfile/app/app.go:1035.13,1036.30 1 0
github.com/seredavin/helmfile-validate/pkg/helmfile/app/app.go:1039.4,1041.38 2 318
github.com/seredavin/helmfile-validate/pkg/helmfile/app/app.go:1041.38,1042.30 1 318
github.com/seredavin/helmfile-validate/pkg/helmfile/app/app.go:1042.30,1044.37 2 41
github.com/seredavin/helmfile-validate/pkg/helmfile/app/app.go:1044.37,1051.98 2 94
github.com/seredavin/helmfile-validate/pkg/helmfile/app/app.go:1051.98,1053.8 1 60
github.com/seredavin/helmfile-validate/pkg/helmfile/app/app.go:1053.13,1055.8 1 34
github.com/seredavin/helmfile-validate/pkg/helmfile/app/app.go:1057.7,1057.81 1 94
github.com/seredavin/helmfile-validate/pkg/helmfile/app/app.go:1057.81,1058.26 1 34
github.com/seredavin/helmfile-validate/pkg/helmfile/app/app.go:1059.38,1059.38 0 29
github.com/seredavin/helmfile-validate/pkg/helmfile/app/app.go:1060.16,1061.66 1 5
github.com/seredavin/helmfile-validate/pkg/helmfile/app/app.go:1063.13,1065.8 1 60
github.com/seredavin/helmfile-validate/pkg/helmfile/app/app.go:1067.6,1067.70 1 36
github.com/seredavin/helmfile-validate/pkg/helmfile/app/app.go:1069.5,1069.15 1 313
github.com/seredavin/helmfile-validate/pkg/helmfile/app/app.go:1072.4,1072.21 1 318
github.com/seredavin/helmfile-validate/pkg/helmfile/app/app.go:1072.21,1074.19 2 306
github.com/seredavin/helmfile-validate/pkg/helmfile/app/app.go:1074.19,1076.6 1 5
github.com/seredavin/helmfile-validate/pkg/helmfile/app/app.go:1079.4,1080.22 2 313
github.com/seredavin/helmfile-validate/pkg/helmfile/app/app.go:1080.22,1082.5 1 1
github.com/seredavin/helmfile-validate/pkg/helmfile/app/app.go:1084.4,1090.17 3 312
github.com/seredavin/helmfile-validate/pkg/helmfile/app/app.go:1090.17,1093.22 3 312
github.com/seredavin/helmfile-validate/pkg/helmfile/app/app.go:1093.22,1095.6 1 312
github.com/seredavin/helmfile-validate/pkg/helmfile/app/app.go:1095.11,1095.31 1 0
github.com/seredavin/helmfile-validate/pkg/helmfile/app/app.go:1095.31,1097.6 1 0
github.com/seredavin/helmfile-validate/pkg/helmfile/app/app.go:1100.4,1104.20 3 312
github.com/seredavin/helmfile-validate/pkg/helmfile/app/app.go:1104.20,1106.19 2 12
github.com/seredavin/helmfile-validate/pkg/helmfile/app/app.go:1106.19,1108.6 1 0
github.com/seredavin/helmfile-validate/pkg/helmfile/app/app.go:1111.4,1111.14 1 312
github.com/seredavin/helmfile-validate/pkg/helmfile/app/app.go:1115.2,1115.16 1 351
github.com/seredavin/helmfile-validate/pkg/helmfile/app/app.go:1115.16,1117.3 1 41
github.com/seredavin/helmfile-validate/pkg/helmfile/app/app.go:1119.2,1119.24 1 310
github.com/seredavin/helmfile-validate/pkg/helmfile/app/app.go:1119.24,1121.3 1 52
github.com/seredavin/helmfile-validate/pkg/helmfile/app/app.go:1123.2,1123.12 1 258
github.com/seredavin/helmfile-validate/pkg/helmfile/app/app.go:1129.46,1130.28 1 10
github.com/seredavin/helmfile-validate/pkg/helmfile/app/app.go:1130.28,1132.4 1 10
github.com/seredavin/helmfile-validate/pkg/helmfile/app/app.go:1135.56,1136.28 1 53
github.com/seredavin/helmfile-validate/pkg/helmfile/app/app.go:1136.28,1138.4 1 53
github.com/seredavin/helmfile-validate/pkg/helmfile/app/app.go:1141.45,1142.28 1 88
github.com/seredavin/helmfile-validate/pkg/helmfile/app/app.go:1142.28,1144.4 1 88
github.com/seredavin/helmfile-validate/pkg/helmfile/app/app.go:1148.111,1150.118 2 257
github.com/seredavin/helmfile-validate/pkg/helmfile/app/app.go:1150.118,1152.17 2 345
github.com/seredavin/helmfile-validate/pkg/helmfile/app/app.go:1152.17,1154.4 1 0
github.com/seredavin/helmfile-validate/pkg/helmfile/app/app.go:1156.3,1157.17 2 345
github.com/seredavin/helmfile-validate/pkg/helmfile/app/app.go:1157.17,1159.4 1 0
github.com/seredavin/helmfile-validate/pkg/helmfile/app/app.go:1160.3,1160.17 1 345
github.com/seredavin/helmfile-validate/pkg/helmfile/app/app.go:1163.2,1163.12 1 257
github.com/seredavin/helmfile-validate/pkg/helmfile/app/app.go:1166.53,1175.32 5 177
github.com/seredavin/helmfile-validate/pkg/helmfile/app/app.go:1175.32,1177.27 2 356
github.com/seredavin/helmfile-validate/pkg/helmfile/app/app.go:1177.27,1179.4 1 398
github.com/seredavin/helmfile-validate/pkg/helmfile/app/app.go:1180.3,1180.66 1 356
github.com/seredavin/helmfile-validate/pkg/helmfile/app/app.go:1183.2,1185.21 2 177
github.com/seredavin/helmfile-validate/pkg/helmfile/app/app.go:1188.49,1197.32 5 1
github.com/seredavin/helmfile-validate/pkg/helmfile/app/app.go:1197.32,1198.27 1 4
github.com/seredavin/helmfile-validate/pkg/helmfile/app/app.go:1198.27,1202.4 3 8
github.com/seredavin/helmfile-validate/pkg/helmfile/app/app.go:1205.2,1207.45 2 1
github.com/seredavin/helmfile-validate/pkg/helmfile/app/app.go:1211.203,1213.16 2 181
github.com/seredavin/helmfile-validate/pkg/helmfile/app/app.go:1213.16,1215.3 1 4
github.com/seredavin/helmfile-validate/pkg/helmfile/app/app.go:1217.2,1217.78 1 177
github.com/seredavin/helmfile-validate/pkg/helmfile/app/app.go:1220.226,1223.19 2 177
github.com/seredavin/helmfile-validate/pkg/helmfile/app/app.go:1223.19,1225.3 1 132
github.com/seredavin/helmfile-validate/pkg/helmfile/app/app.go:1227.2,1231.32 3 177
github.com/seredavin/helmfile-validate/pkg/helmfile/app/app.go:1231.32,1234.32 2 356
github.com/seredavin/helmfile-validate/pkg/helmfile/app/app.go:1234.32,1236.4 1 398
github.com/seredavin/helmfile-validate/pkg/helmfile/app/app.go:1238.3,1239.29 2 356
github.com/seredavin/helmfile-validate/pkg/helmfile/app/app.go:1239.29,1242.4 2 398
github.com/seredavin/helmfile-validate/pkg/helmfile/app/app.go:1244.3,1251.20 5 356
github.com/seredavin/helmfile-validate/pkg/helmfile/app/app.go:1251.20,1253.4 1 0
github.com/seredavin/helmfile-validate/pkg/helmfile/app/app.go:1255.3,1255.25 1 356
github.com/seredavin/helmfile-validate/pkg/helmfile/app/app.go:1258.2,1258.17 1 177
github.com/seredavin/helmfile-validate/pkg/helmfile/app/app.go:1265.208,1270.24 2 257
github.com/seredavin/helmfile-validate/pkg/helmfile/app/app.go:1270.24,1272.3 1 151
github.com/seredavin/helmfile-validate/pkg/helmfile/app/app.go:1274.2,1276.34 2 257
github.com/seredavin/helmfile-validate/pkg/helmfile/app/app.go:1276.34,1278.3 1 5
github.com/seredavin/helmfile-validate/pkg/helmfile/app/app.go:1280.2,1280.20 1 257
github.com/seredavin/helmfile-validate/pkg/helmfile/app/app.go:1280.20,1282.3 1 5
github.com/seredavin/helmfile-validate/pkg/helmfile/app/app.go:1284.2,1284.22 1 257
github.com/seredavin/helmfile-validate/pkg/helmfile/app/app.go:1284.22,1286.3 1 5
github.com/seredavin/helmfile-validate/pkg/helmfile/app/app.go:1288.2,1291.17 3 257
github.com/seredavin/helmfile-validate/pkg/helmfile/app/app.go:1291.17,1292.49 1 88
github.com/seredavin/helmfile-validate/pkg/helmfile/app/app.go:1292.49,1293.73 1 184
github.com/seredavin/helmfile-validate/pkg/helmfile/app/app.go:1293.73,1296.5 2 177
github.com/seredavin/helmfile-validate/pkg/helmfile/app/app.go:1302.2,1302.71 1 257
github.com/seredavin/helmfile-validate/pkg/helmfile/app/app.go:1302.71,1306.17 3 352
github.com/seredavin/helmfile-validate/pkg/helmfile/app/app.go:1306.17,1308.4 1 0
github.com/seredavin/helmfile-validate/pkg/helmfile/app/app.go:1311.3,1312.15 2 352
github.com/seredavin/helmfile-validate/pkg/helmfile/app/app.go:1315.2,1315.86 1 257
github.com/seredavin/helmfile-validate/pkg/helmfile/app/app.go:1318.140,1319.27 1 184
github.com/seredavin/helmfile-validate/pkg/helmfile/app/app.go:1319.27,1321.17 2 83
github.com/seredavin/helmfile-validate/pkg/helmfile/app/app.go:1321.17,1323.4 1 3
github.com/seredavin/helmfile-validate/pkg/helmfile/app/app.go:1326.2,1326.53 1 181
github.com/seredavin/helmfile-validate/pkg/helmfile/app/app.go:1326.53,1328.3 1 4
github.com/seredavin/helmfile-validate/pkg/helmfile/app/app.go:1330.2,1334.24 3 177
github.com/seredavin/helmfile-validate/pkg/helmfile/app/app.go:1337.58,1343.29 3 336
github.com/seredavin/helmfile-validate/pkg/helmfile/app/app.go:1343.29,1346.3 2 769
github.com/seredavin/helmfile-validate/pkg/helmfile/app/app.go:1347.2,1347.41 1 336
github.com/seredavin/helmfile-validate/pkg/helmfile/app/app.go:1347.41,1348.12 1 765
github.com/seredavin/helmfile-validate/pkg/helmfile/app/app.go:1348.12,1351.28 2 4
github.com/seredavin/helmfile-validate/pkg/helmfile/app/app.go:1351.28,1353.5 1 2
github.com/seredavin/helmfile-validate/pkg/helmfile/app/app.go:1355.4,1355.30 1 4
github.com/seredavin/helmfile-validate/pkg/helmfile/app/app.go:1355.30,1357.5 1 4
github.com/seredavin/helmfile-validate/pkg/helmfile/app/app.go:1359.4,1359.148 1 4
github.com/seredavin/helmfile-validate/pkg/helmfile/app/app.go:1363.2,1363.12 1 332
github.com/seredavin/helmfile-validate/pkg/helmfile/app/app.go:1366.177,1367.105 1 0
github.com/seredavin/helmfile-validate/pkg/helmfile/app/app.go:1367.105,1368.72 1 0
github.com/seredavin/helmfile-validate/pkg/helmfile/app/app.go:1368.72,1370.4 1 0
github.com/seredavin/helmfile-validate/pkg/helmfile/app/app.go:1374.163,1375.76 1 181
github.com/seredavin/helmfile-validate/pkg/helmfile/app/app.go:1375.76,1379.3 3 356
github.com/seredavin/helmfile-validate/pkg/helmfile/app/app.go:1382.92,1384.16 2 682
github.com/seredavin/helmfile-validate/pkg/helmfile/app/app.go:1384.16,1386.3 1 0
github.com/seredavin/helmfile-validate/pkg/helmfile/app/app.go:1387.2,1387.27 1 682
github.com/seredavin/helmfile-validate/pkg/helmfile/app/app.go:1387.27,1389.3 1 0
github.com/seredavin/helmfile-validate/pkg/helmfile/app/app.go:1390.2,1393.25 3 682
github.com/seredavin/helmfile-validate/pkg/helmfile/app/app.go:1393.25,1394.10 1 342
github.com/seredavin/helmfile-validate/pkg/helmfile/app/app.go:1395.41,1396.39 1 336
github.com/seredavin/helmfile-validate/pkg/helmfile/app/app.go:1397.46,1398.31 1 6
github.com/seredavin/helmfile-validate/pkg/helmfile/app/app.go:1399.11,1400.88 1 0
github.com/seredavin/helmfile-validate/pkg/helmfile/app/app.go:1402.8,1405.85 3 340
github.com/seredavin/helmfile-validate/pkg/helmfile/app/app.go:1405.85,1407.4 1 0
github.com/seredavin/helmfile-validate/pkg/helmfile/app/app.go:1408.3,1408.10 1 340
github.com/seredavin/helmfile-validate/pkg/helmfile/app/app.go:1409.43,1410.33 1 264
github.com/seredavin/helmfile-validate/pkg/helmfile/app/app.go:1412.49,1413.39 1 62
github.com/seredavin/helmfile-validate/pkg/helmfile/app/app.go:1416.3,1416.10 1 340
github.com/seredavin/helmfile-validate/pkg/helmfile/app/app.go:1417.57,1418.25 1 14
github.com/seredavin/helmfile-validate/pkg/helmfile/app/app.go:1418.25,1420.5 1 0
github.com/seredavin/helmfile-validate/pkg/helmfile/app/app.go:1422.4,1422.42 1 14
github.com/seredavin/helmfile-validate/pkg/helmfile/app/app.go:1423.26,1424.37 1 326
github.com/seredavin/helmfile-validate/pkg/helmfile/app/app.go:1425.11,1426.276 1 0
github.com/seredavin/helmfile-validate/pkg/helmfile/app/app.go:1430.2,1433.16 3 20
github.com/seredavin/helmfile-validate/pkg/helmfile/app/app.go:1433.16,1435.3 1 0
github.com/seredavin/helmfile-validate/pkg/helmfile/app/app.go:1436.2,1437.16 2 20
github.com/seredavin/helmfile-validate/pkg/helmfile/app/app.go:1437.16,1439.3 1 0
github.com/seredavin/helmfile-validate/pkg/helmfile/app/app.go:1441.2,1444.18 3 20
github.com/seredavin/helmfile-validate/pkg/helmfile/app/app.go:1444.18,1445.41 1 0
github.com/seredavin/helmfile-validate/pkg/helmfile/app/app.go:1445.41,1447.4 1 0
github.com/seredavin/helmfile-validate/pkg/helmfile/app/app.go:1448.8,1449.41 1 20
github.com/seredavin/helmfile-validate/pkg/helmfile/app/app.go:1449.41,1451.4 1 42
github.com/seredavin/helmfile-validate/pkg/helmfile/app/app.go:1454.2,1456.19 2 20
github.com/seredavin/helmfile-validate/pkg/helmfile/app/app.go:1459.122,1461.16 2 156
github.com/seredavin/helmfile-validate/pkg/helmfile/app/app.go:1461.16,1463.3 1 0
github.com/seredavin/helmfile-validate/pkg/helmfile/app/app.go:1465.2,1467.29 3 156
github.com/seredavin/helmfile-validate/pkg/helmfile/app/app.go:1467.29,1472.51 4 313
github.com/seredavin/helmfile-validate/pkg/helmfile/app/app.go:1472.51,1474.4 1 1
github.com/seredavin/helmfile-validate/pkg/helmfile/app/app.go:1477.2,1480.32 3 155
github.com/seredavin/helmfile-validate/pkg/helmfile/app/app.go:1480.32,1482.3 1 570
github.com/seredavin/helmfile-validate/pkg/helmfile/app/app.go:1484.2,1490.34 3 155
github.com/seredavin/helmfile-validate/pkg/helmfile/app/app.go:1490.34,1496.19 4 570
github.com/seredavin/helmfile-validate/pkg/helmfile/app/app.go:1496.19,1498.12 2 566
github.com/seredavin/helmfile-validate/pkg/helmfile/app/app.go:1501.3,1501.37 1 4
github.com/seredavin/helmfile-validate/pkg/helmfile/app/app.go:1501.37,1502.12 1 1
github.com/seredavin/helmfile-validate/pkg/helmfile/app/app.go:1508.3,1509.14 2 3
github.com/seredavin/helmfile-validate/pkg/helmfile/app/app.go:1509.14,1512.4 2 1
github.com/seredavin/helmfile-validate/pkg/helmfile/app/app.go:1515.2,1515.54 1 155
github.com/seredavin/helmfile-validate/pkg/helmfile/app/app.go:1515.54,1517.3 1 0
github.com/seredavin/helmfile-validate/pkg/helmfile/app/app.go:1519.2,1521.32 2 155
github.com/seredavin/helmfile-validate/pkg/helmfile/app/app.go:1521.32,1523.3 1 83
github.com/seredavin/helmfile-validate/pkg/helmfile/app/app.go:1525.2,1527.36 2 155
github.com/seredavin/helmfile-validate/pkg/helmfile/app/app.go:1530.74,1537.16 5 53
github.com/seredavin/helmfile-validate/pkg/helmfile/app/app.go:1537.16,1539.3 1 1
github.com/seredavin/helmfile-validate/pkg/helmfile/app/app.go:1540.2,1540.32 1 52
github.com/seredavin/helmfile-validate/pkg/helmfile/app/app.go:1540.32,1542.3 1 4
github.com/seredavin/helmfile-validate/pkg/helmfile/app/app.go:1548.2,1551.16 3 48
github.com/seredavin/helmfile-validate/pkg/helmfile/app/app.go:1551.16,1553.3 1 3
github.com/seredavin/helmfile-validate/pkg/helmfile/app/app.go:1555.2,1557.26 2 45
github.com/seredavin/helmfile-validate/pkg/helmfile/app/app.go:1557.26,1558.24 1 91
github.com/seredavin/helmfile-validate/pkg/helmfile/app/app.go:1558.24,1560.4 1 106
github.com/seredavin/helmfile-validate/pkg/helmfile/app/app.go:1565.2,1592.19 6 45
github.com/seredavin/helmfile-validate/pkg/helmfile/app/app.go:1592.19,1594.3 1 0
github.com/seredavin/helmfile-validate/pkg/helmfile/app/app.go:1596.2,1597.40 2 45
github.com/seredavin/helmfile-validate/pkg/helmfile/app/app.go:1597.40,1599.3 1 14
github.com/seredavin/helmfile-validate/pkg/helmfile/app/app.go:1601.2,1602.40 2 45
github.com/seredavin/helmfile-validate/pkg/helmfile/app/app.go:1602.40,1604.3 1 79
github.com/seredavin/helmfile-validate/pkg/helmfile/app/app.go:1606.2,1607.37 2 45
github.com/seredavin/helmfile-validate/pkg/helmfile/app/app.go:1607.37,1612.31 5 106
github.com/seredavin/helmfile-validate/pkg/helmfile/app/app.go:1612.31,1614.4 1 13
github.com/seredavin/helmfile-validate/pkg/helmfile/app/app.go:1617.2,1618.20 2 45
github.com/seredavin/helmfile-validate/pkg/helmfile/app/app.go:1618.20,1620.3 1 42
github.com/seredavin/helmfile-validate/pkg/helmfile/app/app.go:1622.2,1629.38 3 45
github.com/seredavin/helmfile-validate/pkg/helmfile/app/app.go:1629.38,1631.3 1 42
github.com/seredavin/helmfile-validate/pkg/helmfile/app/app.go:1633.2,1640.66 4 45
github.com/seredavin/helmfile-validate/pkg/helmfile/app/app.go:1640.66,1641.266 1 45
github.com/seredavin/helmfile-validate/pkg/helmfile/app/app.go:1641.266,1642.37 1 91
github.com/seredavin/helmfile-validate/pkg/helmfile/app/app.go:1642.37,1644.73 2 106
github.com/seredavin/helmfile-validate/pkg/helmfile/app/app.go:1644.73,1646.6 1 0
github.com/seredavin/helmfile-validate/pkg/helmfile/app/app.go:1649.4,1649.14 1 91
github.com/seredavin/helmfile-validate/pkg/helmfile/app/app.go:1650.32,1652.4 1 0
github.com/seredavin/helmfile-validate/pkg/helmfile/app/app.go:1655.3,1655.35 1 45
github.com/seredavin/helmfile-validate/pkg/helmfile/app/app.go:1655.35,1656.214 1 11
github.com/seredavin/helmfile-validate/pkg/helmfile/app/app.go:1656.214,1659.38 2 14
github.com/seredavin/helmfile-validate/pkg/helmfile/app/app.go:1659.38,1661.72 2 14
github.com/seredavin/helmfile-validate/pkg/helmfile/app/app.go:1661.72,1663.7 1 14
github.com/seredavin/helmfile-validate/pkg/helmfile/app/app.go:1666.5,1668.94 2 14
github.com/seredavin/helmfile-validate/pkg/helmfile/app/app.go:1671.4,1671.29 1 11
github.com/seredavin/helmfile-validate/pkg/helmfile/app/app.go:1671.29,1673.5 1 0
github.com/seredavin/helmfile-validate/pkg/helmfile/app/app.go:1677.3,1677.35 1 45
github.com/seredavin/helmfile-validate/pkg/helmfile/app/app.go:1677.35,1678.265 1 40
github.com/seredavin/helmfile-validate/pkg/helmfile/app/app.go:1678.265,1681.38 2 71
github.com/seredavin/helmfile-validate/pkg/helmfile/app/app.go:1681.38,1683.72 2 79
github.com/seredavin/helmfile-validate/pkg/helmfile/app/app.go:1683.72,1685.7 1 79
github.com/seredavin/helmfile-validate/pkg/helmfile/app/app.go:1688.5,1707.94 3 71
github.com/seredavin/helmfile-validate/pkg/helmfile/app/app.go:1710.4,1710.27 1 40
github.com/seredavin/helmfile-validate/pkg/helmfile/app/app.go:1710.27,1712.5 1 0
github.com/seredavin/helmfile-validate/pkg/helmfile/app/app.go:1716.2,1718.39 2 45
github.com/seredavin/helmfile-validate/pkg/helmfile/app/app.go:1718.39,1720.64 2 13
github.com/seredavin/helmfile-validate/pkg/helmfile/app/app.go:1720.64,1722.4 1 0
github.com/seredavin/helmfile-validate/pkg/helmfile/app/app.go:1724.2,1724.62 1 45
github.com/seredavin/helmfile-validate/pkg/helmfile/app/app.go:1724.62,1726.3 1 3
github.com/seredavin/helmfile-validate/pkg/helmfile/app/app.go:1728.2,1728.30 1 42
github.com/seredavin/helmfile-validate/pkg/helmfile/app/app.go:1731.83,1738.16 5 8
github.com/seredavin/helmfile-validate/pkg/helmfile/app/app.go:1738.16,1740.3 1 0
github.com/seredavin/helmfile-validate/pkg/helmfile/app/app.go:1741.2,1741.22 1 8
github.com/seredavin/helmfile-validate/pkg/helmfile/app/app.go:1741.22,1743.3 1 0
github.com/seredavin/helmfile-validate/pkg/helmfile/app/app.go:1745.2,1746.16 2 8
github.com/seredavin/helmfile-validate/pkg/helmfile/app/app.go:1746.16,1748.3 1 0
github.com/seredavin/helmfile-validate/pkg/helmfile/app/app.go:1750.2,1751.29 2 8
github.com/seredavin/helmfile-validate/pkg/helmfile/app/app.go:1751.29,1755.3 3 30
github.com/seredavin/helmfile-validate/pkg/helmfile/app/app.go:1757.2,1758.27 2 8
github.com/seredavin/helmfile-validate/pkg/helmfile/app/app.go:1758.27,1762.19 4 30
github.com/seredavin/helmfile-validate/pkg/helmfile/app/app.go:1762.19,1764.4 1 0
github.com/seredavin/helmfile-validate/pkg/helmfile/app/app.go:1767.2,1767.39 1 8
github.com/seredavin/helmfile-validate/pkg/helmfile/app/app.go:1767.39,1769.65 2 0
github.com/seredavin/helmfile-validate/pkg/helmfile/app/app.go:1769.65,1771.4 1 0
github.com/seredavin/helmfile-validate/pkg/helmfile/app/app.go:1774.2,1775.27 2 8
github.com/seredavin/helmfile-validate/pkg/helmfile/app/app.go:1775.27,1777.3 1 30
github.com/seredavin/helmfile-validate/pkg/helmfile/app/app.go:1779.2,1789.62 4 8
github.com/seredavin/helmfile-validate/pkg/helmfile/app/app.go:1789.62,1792.32 2 8
github.com/seredavin/helmfile-validate/pkg/helmfile/app/app.go:1792.32,1793.214 1 8
github.com/seredavin/helmfile-validate/pkg/helmfile/app/app.go:1793.214,1795.5 1 20
github.com/seredavin/helmfile-validate/pkg/helmfile/app/app.go:1797.4,1797.29 1 8
github.com/seredavin/helmfile-validate/pkg/helmfile/app/app.go:1797.29,1799.5 1 0
github.com/seredavin/helmfile-validate/pkg/helmfile/app/app.go:1802.2,1803.19 2 8
github.com/seredavin/helmfile-validate/pkg/helmfile/app/app.go:1810.61,1811.26 1 96
github.com/seredavin/helmfile-validate/pkg/helmfile/app/app.go:1811.26,1813.3 1 0
github.com/seredavin/helmfile-validate/pkg/helmfile/app/app.go:1816.2,1816.39 1 96
github.com/seredavin/helmfile-validate/pkg/helmfile/app/app.go:1816.39,1818.3 1 96
github.com/seredavin/helmfile-validate/pkg/helmfile/app/app.go:1820.2,1821.16 2 0
github.com/seredavin/helmfile-validate/pkg/helmfile/app/app.go:1821.16,1824.3 1 0
github.com/seredavin/helmfile-validate/pkg/helmfile/app/app.go:1826.2,1826.16 1 0
github.com/seredavin/helmfile-validate/pkg/helmfile/app/app.go:1829.81,1835.72 2 64
github.com/seredavin/helmfile-validate/pkg/helmfile/app/app.go:1835.72,1871.3 8 51
github.com/seredavin/helmfile-validate/pkg/helmfile/app/app.go:1873.2,1873.64 1 64
github.com/seredavin/helmfile-validate/pkg/helmfile/app/app.go:1876.75,1879.73 2 10
github.com/seredavin/helmfile-validate/pkg/helmfile/app/app.go:1879.73,1887.20 4 8
github.com/seredavin/helmfile-validate/pkg/helmfile/app/app.go:1887.20,1889.4 1 0
github.com/seredavin/helmfile-validate/pkg/helmfile/app/app.go:1891.3,1896.25 3 8
github.com/seredavin/helmfile-validate/pkg/helmfile/app/app.go:1896.25,1897.55 1 0
github.com/seredavin/helmfile-validate/pkg/helmfile/app/app.go:1897.55,1898.21 1 0
github.com/seredavin/helmfile-validate/pkg/helmfile/app/app.go:1898.21,1902.6 2 0
github.com/seredavin/helmfile-validate/pkg/helmfile/app/app.go:1906.3,1906.18 1 8
github.com/seredavin/helmfile-validate/pkg/helmfile/app/app.go:1909.2,1909.35 1 10
github.com/seredavin/helmfile-validate/pkg/helmfile/app/app.go:1912.72,1919.16 5 0
github.com/seredavin/helmfile-validate/pkg/helmfile/app/app.go:1919.16,1921.3 1 0
github.com/seredavin/helmfile-validate/pkg/helmfile/app/app.go:1922.2,1922.32 1 0
github.com/seredavin/helmfile-validate/pkg/helmfile/app/app.go:1922.32,1924.3 1 0
github.com/seredavin/helmfile-validate/pkg/helmfile/app/app.go:1928.2,1931.37 3 0
github.com/seredavin/helmfile-validate/pkg/helmfile/app/app.go:1931.37,1932.18 1 0
github.com/seredavin/helmfile-validate/pkg/helmfile/app/app.go:1932.18,1934.4 1 0
github.com/seredavin/helmfile-validate/pkg/helmfile/app/app.go:1937.2,1947.19 5 0
github.com/seredavin/helmfile-validate/pkg/helmfile/app/app.go:1947.19,1949.3 1 0
github.com/seredavin/helmfile-validate/pkg/helmfile/app/app.go:1951.2,1951.23 1 0
github.com/seredavin/helmfile-validate/pkg/helmfile/app/app.go:1951.23,1952.214 1 0
github.com/seredavin/helmfile-validate/pkg/helmfile/app/app.go:1952.214,1954.4 1 0
github.com/seredavin/helmfile-validate/pkg/helmfile/app/app.go:1956.3,1956.28 1 0
github.com/seredavin/helmfile-validate/pkg/helmfile/app/app.go:1956.28,1958.4 1 0
github.com/seredavin/helmfile-validate/pkg/helmfile/app/app.go:1960.2,1960.19 1 0
github.com/seredavin/helmfile-validate/pkg/helmfile/app/app.go:1963.66,1968.16 4 7
github.com/seredavin/helmfile-validate/pkg/helmfile/app/app.go:1968.16,1970.3 1 0
github.com/seredavin/helmfile-validate/pkg/helmfile/app/app.go:1971.2,1971.32 1 7
github.com/seredavin/helmfile-validate/pkg/helmfile/app/app.go:1971.32,1973.3 1 1
github.com/seredavin/helmfile-validate/pkg/helmfile/app/app.go:1979.2,1982.16 3 6
github.com/seredavin/helmfile-validate/pkg/helmfile/app/app.go:1982.16,1984.3 1 0
github.com/seredavin/helmfile-validate/pkg/helmfile/app/app.go:1986.2,1988.29 2 6
github.com/seredavin/helmfile-validate/pkg/helmfile/app/app.go:1988.29,1989.24 1 16
github.com/seredavin/helmfile-validate/pkg/helmfile/app/app.go:1989.24,1991.4 1 16
github.com/seredavin/helmfile-validate/pkg/helmfile/app/app.go:1996.2,1999.16 3 6
github.com/seredavin/helmfile-validate/pkg/helmfile/app/app.go:1999.16,2001.3 1 0
github.com/seredavin/helmfile-validate/pkg/helmfile/app/app.go:2003.2,2004.29 2 6
github.com/seredavin/helmfile-validate/pkg/helmfile/app/app.go:2004.29,2008.3 3 1
github.com/seredavin/helmfile-validate/pkg/helmfile/app/app.go:2010.2,2011.36 2 6
github.com/seredavin/helmfile-validate/pkg/helmfile/app/app.go:2011.36,2013.76 2 16
github.com/seredavin/helmfile-validate/pkg/helmfile/app/app.go:2013.76,2014.19 1 15
github.com/seredavin/helmfile-validate/pkg/helmfile/app/app.go:2014.19,2016.5 1 14
github.com/seredavin/helmfile-validate/pkg/helmfile/app/app.go:2023.2,2024.29 2 6
github.com/seredavin/helmfile-validate/pkg/helmfile/app/app.go:2024.29,2028.3 3 14
github.com/seredavin/helmfile-validate/pkg/helmfile/app/app.go:2030.2,2031.36 2 6
github.com/seredavin/helmfile-validate/pkg/helmfile/app/app.go:2031.36,2036.31 5 16
github.com/seredavin/helmfile-validate/pkg/helmfile/app/app.go:2036.31,2038.4 1 1
github.com/seredavin/helmfile-validate/pkg/helmfile/app/app.go:2041.2,2041.39 1 6
github.com/seredavin/helmfile-validate/pkg/helmfile/app/app.go:2041.39,2043.63 2 1
github.com/seredavin/helmfile-validate/pkg/helmfile/app/app.go:2043.63,2045.4 1 0
github.com/seredavin/helmfile-validate/pkg/helmfile/app/app.go:2048.2,2049.37 2 6
github.com/seredavin/helmfile-validate/pkg/helmfile/app/app.go:2049.37,2051.3 1 14
github.com/seredavin/helmfile-validate/pkg/helmfile/app/app.go:2052.2,2052.37 1 6
github.com/seredavin/helmfile-validate/pkg/helmfile/app/app.go:2052.37,2054.3 1 1
github.com/seredavin/helmfile-validate/pkg/helmfile/app/app.go:2056.2,2069.18 5 6
github.com/seredavin/helmfile-validate/pkg/helmfile/app/app.go:2069.18,2071.3 1 6
github.com/seredavin/helmfile-validate/pkg/helmfile/app/app.go:2073.2,2082.66 5 6
github.com/seredavin/helmfile-validate/pkg/helmfile/app/app.go:2082.66,2083.32 1 6
github.com/seredavin/helmfile-validate/pkg/helmfile/app/app.go:2083.32,2084.214 1 1
github.com/seredavin/helmfile-validate/pkg/helmfile/app/app.go:2084.214,2087.38 2 1
github.com/seredavin/helmfile-validate/pkg/helmfile/app/app.go:2087.38,2089.69 2 1
github.com/seredavin/helmfile-validate/pkg/helmfile/app/app.go:2089.69,2091.7 1 1
github.com/seredavin/helmfile-validate/pkg/helmfile/app/app.go:2094.5,2096.94 2 1
github.com/seredavin/helmfile-validate/pkg/helmfile/app/app.go:2099.4,2099.29 1 1
github.com/seredavin/helmfile-validate/pkg/helmfile/app/app.go:2099.29,2101.5 1 0
github.com/seredavin/helmfile-validate/pkg/helmfile/app/app.go:2104.3,2104.32 1 6
github.com/seredavin/helmfile-validate/pkg/helmfile/app/app.go:2104.32,2105.247 1 6
github.com/seredavin/helmfile-validate/pkg/helmfile/app/app.go:2105.247,2108.38 2 14
github.com/seredavin/helmfile-validate/pkg/helmfile/app/app.go:2108.38,2110.69 2 14
github.com/seredavin/helmfile-validate/pkg/helmfile/app/app.go:2110.69,2112.7 1 14
github.com/seredavin/helmfile-validate/pkg/helmfile/app/app.go:2115.5,2133.90 3 14
github.com/seredavin/helmfile-validate/pkg/helmfile/app/app.go:2136.4,2136.25 1 6
github.com/seredavin/helmfile-validate/pkg/helmfile/app/app.go:2136.25,2138.5 1 0
github.com/seredavin/helmfile-validate/pkg/helmfile/app/app.go:2141.2,2142.19 2 6
github.com/seredavin/helmfile-validate/pkg/helmfile/app/app.go:2145.74,2146.68 1 14
github.com/seredavin/helmfile-validate/pkg/helmfile/app/app.go:2146.68,2154.20 4 12
github.com/seredavin/helmfile-validate/pkg/helmfile/app/app.go:2154.20,2156.4 1 0
github.com/seredavin/helmfile-validate/pkg/helmfile/app/app.go:2158.3,2171.105 2 12
github.com/seredavin/helmfile-validate/pkg/helmfile/app/app.go:2175.118,2179.16 3 88
github.com/seredavin/helmfile-validate/pkg/helmfile/app/app.go:2179.16,2181.3 1 0
github.com/seredavin/helmfile-validate/pkg/helmfile/app/app.go:2182.2,2182.32 1 88
github.com/seredavin/helmfile-validate/pkg/helmfile/app/app.go:2182.32,2184.3 1 5
github.com/seredavin/helmfile-validate/pkg/helmfile/app/app.go:2190.2,2193.32 3 83
github.com/seredavin/helmfile-validate/pkg/helmfile/app/app.go:2193.32,2195.3 1 12
github.com/seredavin/helmfile-validate/pkg/helmfile/app/app.go:2197.2,2205.16 2 83
github.com/seredavin/helmfile-validate/pkg/helmfile/app/app.go:2205.16,2207.3 1 8
github.com/seredavin/helmfile-validate/pkg/helmfile/app/app.go:2209.2,2210.29 2 75
github.com/seredavin/helmfile-validate/pkg/helmfile/app/app.go:2210.29,2211.24 1 171
github.com/seredavin/helmfile-validate/pkg/helmfile/app/app.go:2211.24,2213.4 1 185
github.com/seredavin/helmfile-validate/pkg/helmfile/app/app.go:2216.2,2219.46 3 75
github.com/seredavin/helmfile-validate/pkg/helmfile/app/app.go:2219.46,2222.25 3 185
github.com/seredavin/helmfile-validate/pkg/helmfile/app/app.go:2222.25,2224.4 1 45
github.com/seredavin/helmfile-validate/pkg/helmfile/app/app.go:2224.9,2226.4 1 140
github.com/seredavin/helmfile-validate/pkg/helmfile/app/app.go:2229.2,2231.23 2 75
github.com/seredavin/helmfile-validate/pkg/helmfile/app/app.go:2231.23,2236.248 1 70
github.com/seredavin/helmfile-validate/pkg/helmfile/app/app.go:2236.248,2239.4 2 145
github.com/seredavin/helmfile-validate/pkg/helmfile/app/app.go:2239.22,2241.4 1 4
github.com/seredavin/helmfile-validate/pkg/helmfile/app/app.go:2244.2,2244.34 1 71
github.com/seredavin/helmfile-validate/pkg/helmfile/app/app.go:2244.34,2245.30 1 0
github.com/seredavin/helmfile-validate/pkg/helmfile/app/app.go:2245.30,2247.89 2 0
github.com/seredavin/helmfile-validate/pkg/helmfile/app/app.go:2247.89,2249.5 1 0
github.com/seredavin/helmfile-validate/pkg/helmfile/app/app.go:2253.2,2253.21 1 71
github.com/seredavin/helmfile-validate/pkg/helmfile/app/app.go:2253.21,2254.41 1 51
github.com/seredavin/helmfile-validate/pkg/helmfile/app/app.go:2254.41,2256.4 1 31
github.com/seredavin/helmfile-validate/pkg/helmfile/app/app.go:2264.2,2268.19 3 71
github.com/seredavin/helmfile-validate/pkg/helmfile/app/app.go:2271.58,2279.16 6 0
github.com/seredavin/helmfile-validate/pkg/helmfile/app/app.go:2279.16,2281.3 1 0
github.com/seredavin/helmfile-validate/pkg/helmfile/app/app.go:2283.2,2283.22 1 0
github.com/seredavin/helmfile-validate/pkg/helmfile/app/app.go:2283.22,2285.3 1 0
github.com/seredavin/helmfile-validate/pkg/helmfile/app/app.go:2289.2,2293.85 3 0
github.com/seredavin/helmfile-validate/pkg/helmfile/app/app.go:2296.80,2301.16 4 0
github.com/seredavin/helmfile-validate/pkg/helmfile/app/app.go:2301.16,2303.3 1 0
github.com/seredavin/helmfile-validate/pkg/helmfile/app/app.go:2304.2,2304.24 1 0
github.com/seredavin/helmfile-validate/pkg/helmfile/app/app.go:2304.24,2306.3 1 0
github.com/seredavin/helmfile-validate/pkg/helmfile/app/app.go:2310.2,2313.29 3 0
github.com/seredavin/helmfile-validate/pkg/helmfile/app/app.go:2313.29,2316.24 3 0
github.com/seredavin/helmfile-validate/pkg/helmfile/app/app.go:2316.24,2318.4 1 0
github.com/seredavin/helmfile-validate/pkg/helmfile/app/app.go:2321.2,2326.30 2 0
github.com/seredavin/helmfile-validate/pkg/helmfile/app/app.go:2326.30,2329.37 2 0
github.com/seredavin/helmfile-validate/pkg/helmfile/app/app.go:2329.37,2331.4 1 0
github.com/seredavin/helmfile-validate/pkg/helmfile/app/app.go:2333.3,2340.56 3 0
github.com/seredavin/helmfile-validate/pkg/helmfile/app/app.go:2343.2,2343.19 1 0
github.com/seredavin/helmfile-validate/pkg/helmfile/app/app.go:2355.32,2357.21 2 117
github.com/seredavin/helmfile-validate/pkg/helmfile/app/app.go:2357.21,2359.3 1 37
github.com/seredavin/helmfile-validate/pkg/helmfile/app/app.go:2360.2,2360.24 1 80
github.com/seredavin/helmfile-validate/pkg/helmfile/app/app.go:2360.24,2361.25 1 80
github.com/seredavin/helmfile-validate/pkg/helmfile/app/app.go:2361.25,2362.89 1 0
github.com/seredavin/helmfile-validate/pkg/helmfile/app/app.go:2364.3,2364.30 1 80
github.com/seredavin/helmfile-validate/pkg/helmfile/app/app.go:2365.8,2367.32 2 0
github.com/seredavin/helmfile-validate/pkg/helmfile/app/app.go:2367.32,2368.18 1 0
github.com/seredavin/helmfile-validate/pkg/helmfile/app/app.go:2368.18,2369.13 1 0
github.com/seredavin/helmfile-validate/pkg/helmfile/app/app.go:2371.4,2371.66 1 0
github.com/seredavin/helmfile-validate/pkg/helmfile/app/app.go:2373.3,2373.81 1 0
github.com/seredavin/helmfile-validate/pkg/helmfile/app/app.go:2375.2,2376.17 2 80
github.com/seredavin/helmfile-validate/pkg/helmfile/app/app.go:2376.17,2378.3 1 46
github.com/seredavin/helmfile-validate/pkg/helmfile/app/app.go:2378.8,2380.3 1 34
github.com/seredavin/helmfile-validate/pkg/helmfile/app/app.go:2381.2,2381.12 1 80
github.com/seredavin/helmfile-validate/pkg/helmfile/app/app.go:2384.28,2385.19 1 0
github.com/seredavin/helmfile-validate/pkg/helmfile/app/app.go:2385.19,2387.3 1 0
github.com/seredavin/helmfile-validate/pkg/helmfile/app/app.go:2389.2,2391.31 3 0
github.com/seredavin/helmfile-validate/pkg/helmfile/app/app.go:2391.31,2392.27 1 0
github.com/seredavin/helmfile-validate/pkg/helmfile/app/app.go:2393.28,2394.18 1 0
github.com/seredavin/helmfile-validate/pkg/helmfile/app/app.go:2394.18,2396.5 1 0
github.com/seredavin/helmfile-validate/pkg/helmfile/app/app.go:2396.10,2398.5 1 0
github.com/seredavin/helmfile-validate/pkg/helmfile/app/app.go:2399.15,2400.18 1 0
github.com/seredavin/helmfile-validate/pkg/helmfile/app/app.go:2400.18,2402.5 1 0
github.com/seredavin/helmfile-validate/pkg/helmfile/app/app.go:2402.10,2404.5 1 0
github.com/seredavin/helmfile-validate/pkg/helmfile/app/app.go:2406.3,2406.20 1 0
github.com/seredavin/helmfile-validate/pkg/helmfile/app/app.go:2409.2,2409.16 1 0
github.com/seredavin/helmfile-validate/pkg/helmfile/app/app.go:2409.16,2410.14 1 0
github.com/seredavin/helmfile-validate/pkg/helmfile/app/app.go:2410.14,2412.4 1 0
github.com/seredavin/helmfile-validate/pkg/helmfile/app/app.go:2413.3,2413.11 1 0
github.com/seredavin/helmfile-validate/pkg/helmfile/app/app.go:2415.2,2415.102 1 0
github.com/seredavin/helmfile-validate/pkg/helmfile/app/app.go:2418.45,2420.2 1 47
github.com/seredavin/helmfile-validate/pkg/helmfile/app/app.go:2422.44,2423.17 1 352
github.com/seredavin/helmfile-validate/pkg/helmfile/app/app.go:2423.17,2425.3 1 199
github.com/seredavin/helmfile-validate/pkg/helmfile/app/app.go:2427.2,2427.21 1 352
github.com/seredavin/helmfile-validate/pkg/helmfile/app/app.go:2427.21,2429.23 2 352
github.com/seredavin/helmfile-validate/pkg/helmfile/app/app.go:2429.23,2431.4 1 0
github.com/seredavin/helmfile-validate/pkg/helmfile/app/app.go:2434.2,2434.28 1 352
github.com/seredavin/helmfile-validate/pkg/helmfile/app/app.go:2444.48,2445.19 1 363
github.com/seredavin/helmfile-validate/pkg/helmfile/app/app.go:2445.19,2446.28 1 35
github.com/seredavin/helmfile-validate/pkg/helmfile/app/app.go:2446.28,2447.27 1 35
github.com/seredavin/helmfile-validate/pkg/helmfile/app/app.go:2448.29,2449.94 1 0
github.com/seredavin/helmfile-validate/pkg/helmfile/app/app.go:2450.12,2451.38 1 35
github.com/seredavin/helmfile-validate/pkg/helmfile/app/app.go:2454.3,2454.30 1 35
github.com/seredavin/helmfile-validate/pkg/helmfile/app/app.go:2456.2,2456.12 1 328
github.com/seredavin/helmfile-validate/pkg/helmfile/app/app.go:2459.57,2462.48 2 0
github.com/seredavin/helmfile-validate/pkg/helmfile/app/app.go:2462.48,2464.3 1 0
github.com/seredavin/helmfile-validate/pkg/helmfile/app/app.go:2465.2,2466.16 2 0
github.com/seredavin/helmfile-validate/pkg/helmfile/app/app.go:2466.16,2468.3 1 0
github.com/seredavin/helmfile-validate/pkg/helmfile/app/app.go:2469.2,2469.25 1 0
github.com/seredavin/helmfile-validate/pkg/helmfile/app/app.go:2469.25,2471.3 1 0
github.com/seredavin/helmfile-validate/pkg/helmfile/app/app.go:2473.2,2473.12 1 0
github.com/seredavin/helmfile-validate/pkg/helmfile/app/app.go:2476.58,2477.48 1 0
github.com/seredavin/helmfile-validate/pkg/helmfile/app/app.go:2477.48,2479.3 1 0
github.com/seredavin/helmfile-validate/pkg/helmfile/app/app.go:2480.2,2482.16 3 0
github.com/seredavin/helmfile-validate/pkg/helmfile/app/app.go:2482.16,2484.3 1 0
github.com/seredavin/helmfile-validate/pkg/helmfile/app/app.go:2485.2,2485.25 1 0
github.com/seredavin/helmfile-validate/pkg/helmfile/app/app.go:2485.25,2488.17 3 0
github.com/seredavin/helmfile-validate/pkg/helmfile/app/app.go:2488.17,2490.4 1 0
github.com/seredavin/helmfile-validate/pkg/helmfile/app/app.go:2493.2,2493.12 1 0
github.com/seredavin/helmfile-validate/pkg/helmfile/app/app.go:2496.60,2499.19 3 143
github.com/seredavin/helmfile-validate/pkg/helmfile/app/app.go:2499.19,2501.3 1 6
github.com/seredavin/helmfile-validate/pkg/helmfile/app/app.go:2503.2,2503.38 1 143
github.com/seredavin/helmfile-validate/pkg/helmfile/app/app.go:2503.38,2505.3 1 3
github.com/seredavin/helmfile-validate/pkg/helmfile/app/app.go:2506.2,2508.32 2 143
github.com/seredavin/helmfile-validate/pkg/helmfile/app/ask.go:14.40,17.6 2 0
github.com/seredavin/helmfile-validate/pkg/helmfile/app/ask.go:17.6,21.17 3 0
github.com/seredavin/helmfile-validate/pkg/helmfile/app/ask.go:21.17,23.4 1 0
github.com/seredavin/helmfile-validate/pkg/helmfile/app/ask.go:25.3,27.19 2 0
github.com/seredavin/helmfile-validate/pkg/helmfile/app/ask.go:28.19,29.15 1 0
github.com/seredavin/helmfile-validate/pkg/helmfile/app/ask.go:30.18,31.16 1 0
github.com/seredavin/helmfile-validate/pkg/helmfile/app/constants.go:16.37,18.2 1 74
github.com/seredavin/helmfile-validate/pkg/helmfile/app/constants.go:20.50,22.2 1 71
github.com/seredavin/helmfile-validate/pkg/helmfile/app/context.go:14.27,18.2 1 258
github.com/seredavin/helmfile-validate/pkg/helmfile/app/context.go:20.86,26.28 4 157
github.com/seredavin/helmfile-validate/pkg/helmfile/app/context.go:26.28,28.3 1 3
github.com/seredavin/helmfile-validate/pkg/helmfile/app/context.go:30.2,30.12 1 157
github.com/seredavin/helmfile-validate/pkg/helmfile/app/desired_state_file_loader.go:50.87,55.19 3 426
github.com/seredavin/helmfile-validate/pkg/helmfile/app/desired_state_file_loader.go:55.19,56.28 1 12
github.com/seredavin/helmfile-validate/pkg/helmfile/app/desired_state_file_loader.go:56.28,58.4 1 0
github.com/seredavin/helmfile-validate/pkg/helmfile/app/desired_state_file_loader.go:59.3,63.17 5 12
github.com/seredavin/helmfile-validate/pkg/helmfile/app/desired_state_file_loader.go:63.17,65.4 1 0
github.com/seredavin/helmfile-validate/pkg/helmfile/app/desired_state_file_loader.go:67.3,70.4 1 12
github.com/seredavin/helmfile-validate/pkg/helmfile/app/desired_state_file_loader.go:74.2,75.22 2 426
github.com/seredavin/helmfile-validate/pkg/helmfile/app/desired_state_file_loader.go:75.22,77.25 1 56
github.com/seredavin/helmfile-validate/pkg/helmfile/app/desired_state_file_loader.go:77.25,79.4 1 56
github.com/seredavin/helmfile-validate/pkg/helmfile/app/desired_state_file_loader.go:80.3,81.26 2 56
github.com/seredavin/helmfile-validate/pkg/helmfile/app/desired_state_file_loader.go:82.8,86.3 2 370
github.com/seredavin/helmfile-validate/pkg/helmfile/app/desired_state_file_loader.go:88.2,89.16 2 426
github.com/seredavin/helmfile-validate/pkg/helmfile/app/desired_state_file_loader.go:89.16,91.3 1 29
github.com/seredavin/helmfile-validate/pkg/helmfile/app/desired_state_file_loader.go:93.2,93.18 1 397
github.com/seredavin/helmfile-validate/pkg/helmfile/app/desired_state_file_loader.go:93.18,95.3 1 45
github.com/seredavin/helmfile-validate/pkg/helmfile/app/desired_state_file_loader.go:97.2,97.34 1 397
github.com/seredavin/helmfile-validate/pkg/helmfile/app/desired_state_file_loader.go:97.34,98.35 1 327
github.com/seredavin/helmfile-validate/pkg/helmfile/app/desired_state_file_loader.go:98.35,100.4 1 0
github.com/seredavin/helmfile-validate/pkg/helmfile/app/desired_state_file_loader.go:101.3,104.55 2 327
github.com/seredavin/helmfile-validate/pkg/helmfile/app/desired_state_file_loader.go:107.2,107.24 1 397
github.com/seredavin/helmfile-validate/pkg/helmfile/app/desired_state_file_loader.go:107.24,108.33 1 17
github.com/seredavin/helmfile-validate/pkg/helmfile/app/desired_state_file_loader.go:108.33,110.4 1 0
github.com/seredavin/helmfile-validate/pkg/helmfile/app/desired_state_file_loader.go:111.3,111.38 1 17
github.com/seredavin/helmfile-validate/pkg/helmfile/app/desired_state_file_loader.go:114.2,114.20 1 397
github.com/seredavin/helmfile-validate/pkg/helmfile/app/desired_state_file_loader.go:114.20,115.29 1 0
github.com/seredavin/helmfile-validate/pkg/helmfile/app/desired_state_file_loader.go:115.29,117.4 1 0
github.com/seredavin/helmfile-validate/pkg/helmfile/app/desired_state_file_loader.go:118.3,118.30 1 0
github.com/seredavin/helmfile-validate/pkg/helmfile/app/desired_state_file_loader.go:121.2,121.16 1 397
github.com/seredavin/helmfile-validate/pkg/helmfile/app/desired_state_file_loader.go:124.160,126.16 2 11
github.com/seredavin/helmfile-validate/pkg/helmfile/app/desired_state_file_loader.go:126.16,128.3 1 0
github.com/seredavin/helmfile-validate/pkg/helmfile/app/desired_state_file_loader.go:129.2,129.18 1 11
github.com/seredavin/helmfile-validate/pkg/helmfile/app/desired_state_file_loader.go:129.18,131.3 1 0
github.com/seredavin/helmfile-validate/pkg/helmfile/app/desired_state_file_loader.go:132.2,133.90 2 11
github.com/seredavin/helmfile-validate/pkg/helmfile/app/desired_state_file_loader.go:136.173,138.26 2 437
github.com/seredavin/helmfile-validate/pkg/helmfile/app/desired_state_file_loader.go:138.26,140.3 1 0
github.com/seredavin/helmfile-validate/pkg/helmfile/app/desired_state_file_loader.go:140.8,142.3 1 437
github.com/seredavin/helmfile-validate/pkg/helmfile/app/desired_state_file_loader.go:144.2,145.16 2 437
github.com/seredavin/helmfile-validate/pkg/helmfile/app/desired_state_file_loader.go:145.16,147.3 1 0
github.com/seredavin/helmfile-validate/pkg/helmfile/app/desired_state_file_loader.go:149.2,158.16 2 437
github.com/seredavin/helmfile-validate/pkg/helmfile/app/desired_state_file_loader.go:158.16,160.3 1 29
github.com/seredavin/helmfile-validate/pkg/helmfile/app/desired_state_file_loader.go:162.2,162.35 1 408
github.com/seredavin/helmfile-validate/pkg/helmfile/app/desired_state_file_loader.go:162.35,163.18 1 100
github.com/seredavin/helmfile-validate/pkg/helmfile/app/desired_state_file_loader.go:163.18,165.4 1 0
github.com/seredavin/helmfile-validate/pkg/helmfile/app/desired_state_file_loader.go:166.3,166.20 1 100
github.com/seredavin/helmfile-validate/pkg/helmfile/app/desired_state_file_loader.go:166.20,168.4 1 0
github.com/seredavin/helmfile-validate/pkg/helmfile/app/desired_state_file_loader.go:171.2,171.18 1 408
github.com/seredavin/helmfile-validate/pkg/helmfile/app/desired_state_file_loader.go:174.63,178.2 3 527
github.com/seredavin/helmfile-validate/pkg/helmfile/app/desired_state_file_loader.go:180.162,184.16 4 527
github.com/seredavin/helmfile-validate/pkg/helmfile/app/desired_state_file_loader.go:184.16,186.3 1 0
github.com/seredavin/helmfile-validate/pkg/helmfile/app/desired_state_file_loader.go:188.2,189.16 2 527
github.com/seredavin/helmfile-validate/pkg/helmfile/app/desired_state_file_loader.go:189.16,191.3 1 8
github.com/seredavin/helmfile-validate/pkg/helmfile/app/desired_state_file_loader.go:192.2,193.16 2 519
github.com/seredavin/helmfile-validate/pkg/helmfile/app/desired_state_file_loader.go:193.16,195.3 1 0
github.com/seredavin/helmfile-validate/pkg/helmfile/app/desired_state_file_loader.go:196.2,198.16 2 519
github.com/seredavin/helmfile-validate/pkg/helmfile/app/desired_state_file_loader.go:201.167,205.16 3 437
github.com/seredavin/helmfile-validate/pkg/helmfile/app/desired_state_file_loader.go:205.16,206.15 1 0
github.com/seredavin/helmfile-validate/pkg/helmfile/app/desired_state_file_loader.go:206.15,208.4 1 0
github.com/seredavin/helmfile-validate/pkg/helmfile/app/desired_state_file_loader.go:209.3,209.38 1 0
github.com/seredavin/helmfile-validate/pkg/helmfile/app/desired_state_file_loader.go:211.2,216.29 4 437
github.com/seredavin/helmfile-validate/pkg/helmfile/app/desired_state_file_loader.go:216.29,223.19 4 527
github.com/seredavin/helmfile-validate/pkg/helmfile/app/desired_state_file_loader.go:223.19,227.40 3 140
github.com/seredavin/helmfile-validate/pkg/helmfile/app/desired_state_file_loader.go:227.40,229.19 2 73
github.com/seredavin/helmfile-validate/pkg/helmfile/app/desired_state_file_loader.go:229.19,231.6 1 0
github.com/seredavin/helmfile-validate/pkg/helmfile/app/desired_state_file_loader.go:232.10,234.19 2 67
github.com/seredavin/helmfile-validate/pkg/helmfile/app/desired_state_file_loader.go:234.19,236.6 1 0
github.com/seredavin/helmfile-validate/pkg/helmfile/app/desired_state_file_loader.go:238.4,238.32 1 140
github.com/seredavin/helmfile-validate/pkg/helmfile/app/desired_state_file_loader.go:239.9,241.4 1 387
github.com/seredavin/helmfile-validate/pkg/helmfile/app/desired_state_file_loader.go:243.3,251.17 2 527
github.com/seredavin/helmfile-validate/pkg/helmfile/app/desired_state_file_loader.go:251.17,253.4 1 8
github.com/seredavin/helmfile-validate/pkg/helmfile/app/desired_state_file_loader.go:255.3,255.24 1 519
github.com/seredavin/helmfile-validate/pkg/helmfile/app/desired_state_file_loader.go:255.24,257.4 1 429
github.com/seredavin/helmfile-validate/pkg/helmfile/app/desired_state_file_loader.go:257.9,258.116 1 90
github.com/seredavin/helmfile-validate/pkg/helmfile/app/desired_state_file_loader.go:258.116,260.5 1 0
github.com/seredavin/helmfile-validate/pkg/helmfile/app/desired_state_file_loader.go:262.4,262.59 1 90
github.com/seredavin/helmfile-validate/pkg/helmfile/app/desired_state_file_loader.go:265.3,265.56 1 519
github.com/seredavin/helmfile-validate/pkg/helmfile/app/desired_state_file_loader.go:265.56,266.39 1 0
github.com/seredavin/helmfile-validate/pkg/helmfile/app/desired_state_file_loader.go:266.39,267.58 1 0
github.com/seredavin/helmfile-validate/pkg/helmfile/app/desired_state_file_loader.go:267.58,269.6 1 0
github.com/seredavin/helmfile-validate/pkg/helmfile/app/desired_state_file_loader.go:271.4,271.50 1 0
github.com/seredavin/helmfile-validate/pkg/helmfile/app/desired_state_file_loader.go:273.3,277.40 3 519
github.com/seredavin/helmfile-validate/pkg/helmfile/app/desired_state_file_loader.go:277.40,278.12 1 330
github.com/seredavin/helmfile-validate/pkg/helmfile/app/desired_state_file_loader.go:292.3,292.103 1 189
github.com/seredavin/helmfile-validate/pkg/helmfile/app/desired_state_file_loader.go:292.103,297.4 1 10
github.com/seredavin/helmfile-validate/pkg/helmfile/app/desired_state_file_loader.go:302.2,302.99 1 419
github.com/seredavin/helmfile-validate/pkg/helmfile/app/desired_state_file_loader.go:302.99,307.3 1 8
github.com/seredavin/helmfile-validate/pkg/helmfile/app/desired_state_file_loader.go:310.2,310.37 1 411
github.com/seredavin/helmfile-validate/pkg/helmfile/app/desired_state_file_loader.go:310.37,311.50 1 904
github.com/seredavin/helmfile-validate/pkg/helmfile/app/desired_state_file_loader.go:311.50,312.96 1 10
github.com/seredavin/helmfile-validate/pkg/helmfile/app/desired_state_file_loader.go:312.96,317.5 1 3
github.com/seredavin/helmfile-validate/pkg/helmfile/app/desired_state_file_loader.go:321.2,322.24 2 408
github.com/seredavin/helmfile-validate/pkg/helmfile/app/errors.go:13.50,19.2 1 15
github.com/seredavin/helmfile-validate/pkg/helmfile/app/formatters.go:14.46,16.29 2 16
github.com/seredavin/helmfile-validate/pkg/helmfile/app/formatters.go:16.29,18.65 1 92
github.com/seredavin/helmfile-validate/pkg/helmfile/app/formatters.go:18.65,20.4 1 63
github.com/seredavin/helmfile-validate/pkg/helmfile/app/formatters.go:22.2,22.34 1 16
github.com/seredavin/helmfile-validate/pkg/helmfile/app/formatters.go:25.51,29.29 3 15
github.com/seredavin/helmfile-validate/pkg/helmfile/app/formatters.go:29.29,31.3 1 67
github.com/seredavin/helmfile-validate/pkg/helmfile/app/formatters.go:33.2,36.12 3 15
github.com/seredavin/helmfile-validate/pkg/helmfile/app/formatters.go:39.50,42.16 2 4
github.com/seredavin/helmfile-validate/pkg/helmfile/app/formatters.go:42.16,44.3 1 0
github.com/seredavin/helmfile-validate/pkg/helmfile/app/formatters.go:46.2,48.12 2 4
github.com/seredavin/helmfile-validate/pkg/helmfile/app/init.go:73.54,75.16 2 4
github.com/seredavin/helmfile-validate/pkg/helmfile/app/init.go:75.16,77.3 1 1
github.com/seredavin/helmfile-validate/pkg/helmfile/app/init.go:78.2,78.15 1 3
github.com/seredavin/helmfile-validate/pkg/helmfile/app/init.go:78.15,78.35 1 3
github.com/seredavin/helmfile-validate/pkg/helmfile/app/init.go:79.2,80.16 2 3
github.com/seredavin/helmfile-validate/pkg/helmfile/app/init.go:80.16,82.3 1 0
github.com/seredavin/helmfile-validate/pkg/helmfile/app/init.go:83.2,83.30 1 3
github.com/seredavin/helmfile-validate/pkg/helmfile/app/init.go:83.30,85.3 1 2
github.com/seredavin/helmfile-validate/pkg/helmfile/app/init.go:86.2,86.15 1 1
github.com/seredavin/helmfile-validate/pkg/helmfile/app/init.go:86.15,86.40 1 1
github.com/seredavin/helmfile-validate/pkg/helmfile/app/init.go:87.2,88.16 2 1
github.com/seredavin/helmfile-validate/pkg/helmfile/app/init.go:88.16,90.3 1 0
github.com/seredavin/helmfile-validate/pkg/helmfile/app/init.go:91.2,91.12 1 1
github.com/seredavin/helmfile-validate/pkg/helmfile/app/init.go:94.128,96.2 1 0
github.com/seredavin/helmfile-validate/pkg/helmfile/app/init.go:97.43,99.2 1 0
github.com/seredavin/helmfile-validate/pkg/helmfile/app/init.go:101.53,102.51 1 0
github.com/seredavin/helmfile-validate/pkg/helmfile/app/init.go:102.51,104.17 2 0
github.com/seredavin/helmfile-validate/pkg/helmfile/app/init.go:104.17,105.12 1 0
github.com/seredavin/helmfile-validate/pkg/helmfile/app/init.go:107.3,108.17 2 0
github.com/seredavin/helmfile-validate/pkg/helmfile/app/init.go:108.17,110.4 1 0
github.com/seredavin/helmfile-validate/pkg/helmfile/app/init.go:111.3,115.13 2 0
github.com/seredavin/helmfile-validate/pkg/helmfile/app/init.go:118.2,118.155 1 0
github.com/seredavin/helmfile-validate/pkg/helmfile/app/init.go:121.44,122.31 1 0
github.com/seredavin/helmfile-validate/pkg/helmfile/app/init.go:122.31,124.3 1 0
github.com/seredavin/helmfile-validate/pkg/helmfile/app/init.go:126.2,127.16 2 0
github.com/seredavin/helmfile-validate/pkg/helmfile/app/init.go:127.16,129.3 1 0
github.com/seredavin/helmfile-validate/pkg/helmfile/app/init.go:130.2,131.15 2 0
github.com/seredavin/helmfile-validate/pkg/helmfile/app/init.go:131.15,134.3 2 0
github.com/seredavin/helmfile-validate/pkg/helmfile/app/init.go:135.2,135.16 1 0
github.com/seredavin/helmfile-validate/pkg/helmfile/app/init.go:135.16,137.3 1 0
github.com/seredavin/helmfile-validate/pkg/helmfile/app/init.go:138.2,139.16 2 0
github.com/seredavin/helmfile-validate/pkg/helmfile/app/init.go:139.16,141.3 1 0
github.com/seredavin/helmfile-validate/pkg/helmfile/app/init.go:142.2,147.16 2 0
github.com/seredavin/helmfile-validate/pkg/helmfile/app/init.go:147.16,149.3 1 0
github.com/seredavin/helmfile-validate/pkg/helmfile/app/init.go:150.2,151.12 2 0
github.com/seredavin/helmfile-validate/pkg/helmfile/app/init.go:154.58,155.30 1 0
github.com/seredavin/helmfile-validate/pkg/helmfile/app/init.go:155.30,157.3 1 0
github.com/seredavin/helmfile-validate/pkg/helmfile/app/init.go:158.2,159.13 2 0
github.com/seredavin/helmfile-validate/pkg/helmfile/app/init.go:159.13,161.3 1 0
github.com/seredavin/helmfile-validate/pkg/helmfile/app/init.go:162.2,162.12 1 0
github.com/seredavin/helmfile-validate/pkg/helmfile/app/init.go:165.49,167.16 2 0
github.com/seredavin/helmfile-validate/pkg/helmfile/app/init.go:167.16,169.3 1 0
github.com/seredavin/helmfile-validate/pkg/helmfile/app/init.go:172.2,173.20 2 0
github.com/seredavin/helmfile-validate/pkg/helmfile/app/init.go:173.20,175.3 1 0
github.com/seredavin/helmfile-validate/pkg/helmfile/app/init.go:175.8,177.3 1 0
github.com/seredavin/helmfile-validate/pkg/helmfile/app/init.go:179.2,179.32 1 0
github.com/seredavin/helmfile-validate/pkg/helmfile/app/init.go:179.32,181.17 2 0
github.com/seredavin/helmfile-validate/pkg/helmfile/app/init.go:181.17,182.55 1 0
github.com/seredavin/helmfile-validate/pkg/helmfile/app/init.go:182.55,184.5 1 0
github.com/seredavin/helmfile-validate/pkg/helmfile/app/init.go:186.4,187.18 2 0
github.com/seredavin/helmfile-validate/pkg/helmfile/app/init.go:187.18,189.5 1 0
github.com/seredavin/helmfile-validate/pkg/helmfile/app/init.go:191.4,192.18 2 0
github.com/seredavin/helmfile-validate/pkg/helmfile/app/init.go:192.18,194.5 1 0
github.com/seredavin/helmfile-validate/pkg/helmfile/app/init.go:195.4,195.68 1 0
github.com/seredavin/helmfile-validate/pkg/helmfile/app/init.go:197.3,198.46 2 0
github.com/seredavin/helmfile-validate/pkg/helmfile/app/init.go:198.46,200.18 2 0
github.com/seredavin/helmfile-validate/pkg/helmfile/app/init.go:200.18,202.5 1 0
github.com/seredavin/helmfile-validate/pkg/helmfile/app/init.go:203.4,204.18 2 0
github.com/seredavin/helmfile-validate/pkg/helmfile/app/init.go:204.18,206.5 1 0
github.com/seredavin/helmfile-validate/pkg/helmfile/app/init.go:209.2,209.12 1 0
github.com/seredavin/helmfile-validate/pkg/helmfile/app/init.go:212.42,215.16 3 0
github.com/seredavin/helmfile-validate/pkg/helmfile/app/init.go:215.16,217.3 1 0
github.com/seredavin/helmfile-validate/pkg/helmfile/app/init.go:218.2,218.16 1 0
github.com/seredavin/helmfile-validate/pkg/helmfile/app/init.go:218.16,221.17 3 0
github.com/seredavin/helmfile-validate/pkg/helmfile/app/init.go:221.17,223.4 1 0
github.com/seredavin/helmfile-validate/pkg/helmfile/app/init.go:225.2,226.16 2 0
github.com/seredavin/helmfile-validate/pkg/helmfile/app/init.go:226.16,228.3 1 0
github.com/seredavin/helmfile-validate/pkg/helmfile/app/init.go:229.2,230.47 2 0
github.com/seredavin/helmfile-validate/pkg/helmfile/app/init.go:230.47,233.17 3 0
github.com/seredavin/helmfile-validate/pkg/helmfile/app/init.go:233.17,235.4 1 0
github.com/seredavin/helmfile-validate/pkg/helmfile/app/init.go:237.2,237.12 1 0
github.com/seredavin/helmfile-validate/pkg/helmfile/app/init.go:239.43,241.16 2 0
github.com/seredavin/helmfile-validate/pkg/helmfile/app/init.go:241.16,243.3 1 0
github.com/seredavin/helmfile-validate/pkg/helmfile/app/init.go:244.2,245.16 2 0
github.com/seredavin/helmfile-validate/pkg/helmfile/app/init.go:245.16,247.3 1 0
github.com/seredavin/helmfile-validate/pkg/helmfile/app/init.go:248.2,249.12 2 0
github.com/seredavin/helmfile-validate/pkg/helmfile/app/load_opts.go:22.39,24.16 2 388
github.com/seredavin/helmfile-validate/pkg/helmfile/app/load_opts.go:24.16,25.13 1 0
github.com/seredavin/helmfile-validate/pkg/helmfile/app/load_opts.go:28.2,29.52 2 388
github.com/seredavin/helmfile-validate/pkg/helmfile/app/load_opts.go:29.52,30.13 1 0
github.com/seredavin/helmfile-validate/pkg/helmfile/app/load_opts.go:33.2,33.12 1 388
github.com/seredavin/helmfile-validate/pkg/helmfile/app/print_env.go:12.56,16.26 2 10
github.com/seredavin/helmfile-validate/pkg/helmfile/app/print_env.go:16.26,18.3 1 5
github.com/seredavin/helmfile-validate/pkg/helmfile/app/print_env.go:20.2,20.62 1 10
github.com/seredavin/helmfile-validate/pkg/helmfile/app/print_env.go:20.62,25.17 3 12
github.com/seredavin/helmfile-validate/pkg/helmfile/app/print_env.go:25.17,27.4 1 0
github.com/seredavin/helmfile-validate/pkg/helmfile/app/print_env.go:30.3,31.53 2 12
github.com/seredavin/helmfile-validate/pkg/helmfile/app/print_env.go:31.53,33.4 1 0
github.com/seredavin/helmfile-validate/pkg/helmfile/app/print_env.go:33.9,35.4 1 12
github.com/seredavin/helmfile-validate/pkg/helmfile/app/print_env.go:38.3,43.31 2 12
github.com/seredavin/helmfile-validate/pkg/helmfile/app/print_env.go:43.31,45.4 1 8
github.com/seredavin/helmfile-validate/pkg/helmfile/app/print_env.go:48.3,49.21 2 12
github.com/seredavin/helmfile-validate/pkg/helmfile/app/print_env.go:50.15,52.17 1 6
github.com/seredavin/helmfile-validate/pkg/helmfile/app/print_env.go:52.17,54.5 1 2
github.com/seredavin/helmfile-validate/pkg/helmfile/app/print_env.go:55.4,56.18 2 6
github.com/seredavin/helmfile-validate/pkg/helmfile/app/print_env.go:56.18,58.5 1 0
github.com/seredavin/helmfile-validate/pkg/helmfile/app/print_env.go:59.4,60.34 2 6
github.com/seredavin/helmfile-validate/pkg/helmfile/app/print_env.go:61.19,63.17 1 5
github.com/seredavin/helmfile-validate/pkg/helmfile/app/print_env.go:63.17,65.5 1 1
github.com/seredavin/helmfile-validate/pkg/helmfile/app/print_env.go:66.4,67.18 2 5
github.com/seredavin/helmfile-validate/pkg/helmfile/app/print_env.go:67.18,69.5 1 0
github.com/seredavin/helmfile-validate/pkg/helmfile/app/print_env.go:70.4,70.34 1 5
github.com/seredavin/helmfile-validate/pkg/helmfile/app/print_env.go:71.11,72.106 1 1
github.com/seredavin/helmfile-validate/pkg/helmfile/app/print_env.go:75.3,76.20 2 11
github.com/seredavin/helmfile-validate/pkg/helmfile/app/print_env.go:80.2,80.26 1 10
github.com/seredavin/helmfile-validate/pkg/helmfile/app/print_env.go:80.26,83.3 2 5
github.com/seredavin/helmfile-validate/pkg/helmfile/app/print_env.go:86.2,87.33 2 10
github.com/seredavin/helmfile-validate/pkg/helmfile/app/print_env.go:87.33,89.3 1 9
github.com/seredavin/helmfile-validate/pkg/helmfile/app/print_env.go:91.2,91.12 1 1
github.com/seredavin/helmfile-validate/pkg/helmfile/app/run.go:26.87,27.17 1 345
github.com/seredavin/helmfile-validate/pkg/helmfile/app/run.go:27.17,29.3 1 0
github.com/seredavin/helmfile-validate/pkg/helmfile/app/run.go:31.2,31.40 1 345
github.com/seredavin/helmfile-validate/pkg/helmfile/app/run.go:31.40,33.3 1 0
github.com/seredavin/helmfile-validate/pkg/helmfile/app/run.go:35.2,35.51 1 345
github.com/seredavin/helmfile-validate/pkg/helmfile/app/run.go:38.51,39.18 1 0
github.com/seredavin/helmfile-validate/pkg/helmfile/app/run.go:39.18,41.3 1 0
github.com/seredavin/helmfile-validate/pkg/helmfile/app/run.go:42.2,42.32 1 0
github.com/seredavin/helmfile-validate/pkg/helmfile/app/run.go:45.164,48.69 2 189
github.com/seredavin/helmfile-validate/pkg/helmfile/app/run.go:48.69,50.3 1 29
github.com/seredavin/helmfile-validate/pkg/helmfile/app/run.go:52.2,53.19 2 160
github.com/seredavin/helmfile-validate/pkg/helmfile/app/run.go:53.19,55.3 1 0
github.com/seredavin/helmfile-validate/pkg/helmfile/app/run.go:57.2,57.28 1 160
github.com/seredavin/helmfile-validate/pkg/helmfile/app/run.go:60.106,61.29 1 189
github.com/seredavin/helmfile-validate/pkg/helmfile/app/run.go:61.29,62.53 1 0
github.com/seredavin/helmfile-validate/pkg/helmfile/app/run.go:70.2,71.16 2 189
github.com/seredavin/helmfile-validate/pkg/helmfile/app/run.go:71.16,73.60 2 156
github.com/seredavin/helmfile-validate/pkg/helmfile/app/run.go:73.60,75.4 1 0
github.com/seredavin/helmfile-validate/pkg/helmfile/app/run.go:79.2,80.30 2 189
github.com/seredavin/helmfile-validate/pkg/helmfile/app/run.go:80.30,82.17 2 189
github.com/seredavin/helmfile-validate/pkg/helmfile/app/run.go:82.17,84.4 1 0
github.com/seredavin/helmfile-validate/pkg/helmfile/app/run.go:85.3,85.16 1 189
github.com/seredavin/helmfile-validate/pkg/helmfile/app/run.go:85.16,87.4 1 189
github.com/seredavin/helmfile-validate/pkg/helmfile/app/run.go:88.3,88.16 1 189
github.com/seredavin/helmfile-validate/pkg/helmfile/app/run.go:89.8,92.3 2 0
github.com/seredavin/helmfile-validate/pkg/helmfile/app/run.go:94.2,94.78 1 189
github.com/seredavin/helmfile-validate/pkg/helmfile/app/run.go:94.78,96.3 1 0
github.com/seredavin/helmfile-validate/pkg/helmfile/app/run.go:98.2,99.16 2 189
github.com/seredavin/helmfile-validate/pkg/helmfile/app/run.go:99.16,101.3 1 0
github.com/seredavin/helmfile-validate/pkg/helmfile/app/run.go:103.2,103.34 1 189
github.com/seredavin/helmfile-validate/pkg/helmfile/app/run.go:103.34,110.55 3 636
github.com/seredavin/helmfile-validate/pkg/helmfile/app/run.go:110.55,117.4 1 357
github.com/seredavin/helmfile-validate/pkg/helmfile/app/run.go:120.2,125.12 4 189
github.com/seredavin/helmfile-validate/pkg/helmfile/app/run.go:128.50,132.16 2 1
github.com/seredavin/helmfile-validate/pkg/helmfile/app/run.go:132.16,133.62 1 1
github.com/seredavin/helmfile-validate/pkg/helmfile/app/run.go:133.62,135.4 1 0
github.com/seredavin/helmfile-validate/pkg/helmfile/app/run.go:138.2,140.63 2 1
github.com/seredavin/helmfile-validate/pkg/helmfile/app/run.go:143.50,147.2 2 0
github.com/seredavin/helmfile-validate/pkg/helmfile/app/run.go:149.196,158.2 6 96
github.com/seredavin/helmfile-validate/pkg/helmfile/app/run.go:158.2,163.17 4 96
github.com/seredavin/helmfile-validate/pkg/helmfile/app/run.go:163.17,165.4 1 0
github.com/seredavin/helmfile-validate/pkg/helmfile/app/run.go:168.2,170.33 2 96
github.com/seredavin/helmfile-validate/pkg/helmfile/app/run.go:170.33,171.26 1 147
github.com/seredavin/helmfile-validate/pkg/helmfile/app/run.go:172.28,173.21 1 147
github.com/seredavin/helmfile-validate/pkg/helmfile/app/run.go:173.21,175.5 1 0
github.com/seredavin/helmfile-validate/pkg/helmfile/app/run.go:176.11,177.36 1 0
github.com/seredavin/helmfile-validate/pkg/helmfile/app/run.go:181.2,181.24 1 96
github.com/seredavin/helmfile-validate/pkg/helmfile/app/run.go:181.24,183.3 1 0
github.com/seredavin/helmfile-validate/pkg/helmfile/app/run.go:185.2,186.37 2 96
github.com/seredavin/helmfile-validate/pkg/helmfile/app/run.go:186.37,190.3 3 50
github.com/seredavin/helmfile-validate/pkg/helmfile/app/run.go:192.2,193.36 2 96
github.com/seredavin/helmfile-validate/pkg/helmfile/app/run.go:193.36,198.44 3 147
github.com/seredavin/helmfile-validate/pkg/helmfile/app/run.go:198.44,200.4 1 147
github.com/seredavin/helmfile-validate/pkg/helmfile/app/run.go:204.2,204.68 1 96
github.com/seredavin/helmfile-validate/pkg/helmfile/app/run.go:204.68,206.27 2 12
github.com/seredavin/helmfile-validate/pkg/helmfile/app/run.go:206.27,210.4 2 2
github.com/seredavin/helmfile-validate/pkg/helmfile/app/run.go:211.3,211.28 1 12
github.com/seredavin/helmfile-validate/pkg/helmfile/app/run.go:214.2,215.40 2 84
github.com/seredavin/helmfile-validate/pkg/helmfile/app/run.go:215.40,217.3 1 147
github.com/seredavin/helmfile-validate/pkg/helmfile/app/run.go:218.2,218.40 1 84
github.com/seredavin/helmfile-validate/pkg/helmfile/app/run.go:218.40,220.16 2 42
github.com/seredavin/helmfile-validate/pkg/helmfile/app/run.go:220.16,222.4 1 0
github.com/seredavin/helmfile-validate/pkg/helmfile/app/run.go:223.3,223.44 1 42
github.com/seredavin/helmfile-validate/pkg/helmfile/app/run.go:226.2,232.64 3 84
github.com/seredavin/helmfile-validate/pkg/helmfile/app/two_pass_renderer.go:13.45,16.29 3 145
github.com/seredavin/helmfile-validate/pkg/helmfile/app/two_pass_renderer.go:16.29,18.3 1 1447
github.com/seredavin/helmfile-validate/pkg/helmfile/app/two_pass_renderer.go:19.2,19.21 1 145
github.com/seredavin/helmfile-validate/pkg/helmfile/app/two_pass_renderer.go:25.117,29.2 2 78
github.com/seredavin/helmfile-validate/pkg/helmfile/app/two_pass_renderer.go:31.170,33.2 1 145
github.com/seredavin/helmfile-validate/pkg/helmfile/app/two_pass_renderer.go:35.169,40.16 4 145
github.com/seredavin/helmfile-validate/pkg/helmfile/app/two_pass_renderer.go:40.16,42.3 1 0
github.com/seredavin/helmfile-validate/pkg/helmfile/app/two_pass_renderer.go:44.2,51.16 3 145
github.com/seredavin/helmfile-validate/pkg/helmfile/app/two_pass_renderer.go:51.16,53.3 1 0
github.com/seredavin/helmfile-validate/pkg/helmfile/app/two_pass_renderer.go:55.2,56.16 2 145
github.com/seredavin/helmfile-validate/pkg/helmfile/app/two_pass_renderer.go:56.16,58.3 1 0
github.com/seredavin/helmfile-validate/pkg/helmfile/app/two_pass_renderer.go:60.2,63.16 4 145
github.com/seredavin/helmfile-validate/pkg/helmfile/app/two_pass_renderer.go:63.16,66.3 2 2
github.com/seredavin/helmfile-validate/pkg/helmfile/app/two_pass_renderer.go:67.2,68.21 2 143
github.com/seredavin/helmfile-validate/pkg/helmfile/app/validate_config.go:6.53,7.36 1 4
github.com/seredavin/helmfile-validate/pkg/helmfile/app/validate_config.go:7.36,9.3 1 1
github.com/seredavin/helmfile-validate/pkg/helmfile/app/validate_config.go:11.2,11.12 1 3
github.com/seredavin/helmfile-validate/pkg/helmfile/state/chart_dependency.go:68.83,75.2 1 12
github.com/seredavin/helmfile-validate/pkg/helmfile/state/chart_dependency.go:77.75,80.28 2 1
github.com/seredavin/helmfile-validate/pkg/helmfile/state/chart_dependency.go:80.28,81.24 1 1
github.com/seredavin/helmfile-validate/pkg/helmfile/state/chart_dependency.go:81.24,82.33 1 2
github.com/seredavin/helmfile-validate/pkg/helmfile/state/chart_dependency.go:82.33,84.5 1 0
github.com/seredavin/helmfile-validate/pkg/helmfile/state/chart_dependency.go:85.4,85.26 1 2
github.com/seredavin/helmfile-validate/pkg/helmfile/state/chart_dependency.go:89.2,89.57 1 1
github.com/seredavin/helmfile-validate/pkg/helmfile/state/chart_dependency.go:97.71,99.17 2 4
github.com/seredavin/helmfile-validate/pkg/helmfile/state/chart_dependency.go:99.17,101.3 1 2
github.com/seredavin/helmfile-validate/pkg/helmfile/state/chart_dependency.go:101.8,103.3 1 2
github.com/seredavin/helmfile-validate/pkg/helmfile/state/chart_dependency.go:104.2,105.12 2 4
github.com/seredavin/helmfile-validate/pkg/helmfile/state/chart_dependency.go:108.85,109.29 1 2
github.com/seredavin/helmfile-validate/pkg/helmfile/state/chart_dependency.go:109.29,111.3 1 0
github.com/seredavin/helmfile-validate/pkg/helmfile/state/chart_dependency.go:113.2,114.12 2 2
github.com/seredavin/helmfile-validate/pkg/helmfile/state/chart_dependency.go:114.12,115.28 1 2
github.com/seredavin/helmfile-validate/pkg/helmfile/state/chart_dependency.go:115.28,117.18 2 3
github.com/seredavin/helmfile-validate/pkg/helmfile/state/chart_dependency.go:117.18,119.5 1 0
github.com/seredavin/helmfile-validate/pkg/helmfile/state/chart_dependency.go:120.4,121.18 2 3
github.com/seredavin/helmfile-validate/pkg/helmfile/state/chart_dependency.go:121.18,123.5 1 0
github.com/seredavin/helmfile-validate/pkg/helmfile/state/chart_dependency.go:124.4,124.33 1 3
github.com/seredavin/helmfile-validate/pkg/helmfile/state/chart_dependency.go:124.33,126.5 1 2
github.com/seredavin/helmfile-validate/pkg/helmfile/state/chart_dependency.go:129.2,129.122 1 0
github.com/seredavin/helmfile-validate/pkg/helmfile/state/chart_dependency.go:132.68,135.31 2 3
github.com/seredavin/helmfile-validate/pkg/helmfile/state/chart_dependency.go:135.31,137.3 1 0
github.com/seredavin/helmfile-validate/pkg/helmfile/state/chart_dependency.go:139.2,141.27 2 3
github.com/seredavin/helmfile-validate/pkg/helmfile/state/chart_dependency.go:141.27,143.3 1 3
github.com/seredavin/helmfile-validate/pkg/helmfile/state/chart_dependency.go:145.2,145.52 1 3
github.com/seredavin/helmfile-validate/pkg/helmfile/state/chart_dependency.go:148.129,150.16 2 4
github.com/seredavin/helmfile-validate/pkg/helmfile/state/chart_dependency.go:150.16,152.3 1 0
github.com/seredavin/helmfile-validate/pkg/helmfile/state/chart_dependency.go:153.2,153.21 1 4
github.com/seredavin/helmfile-validate/pkg/helmfile/state/chart_dependency.go:153.21,155.3 1 3
github.com/seredavin/helmfile-validate/pkg/helmfile/state/chart_dependency.go:157.2,159.36 2 1
github.com/seredavin/helmfile-validate/pkg/helmfile/state/chart_dependency.go:159.36,161.3 1 1
github.com/seredavin/helmfile-validate/pkg/helmfile/state/chart_dependency.go:163.2,164.37 2 1
github.com/seredavin/helmfile-validate/pkg/helmfile/state/chart_dependency.go:164.37,166.10 2 5
github.com/seredavin/helmfile-validate/pkg/helmfile/state/chart_dependency.go:166.10,167.12 1 2
github.com/seredavin/helmfile-validate/pkg/helmfile/state/chart_dependency.go:170.3,173.10 2 3
github.com/seredavin/helmfile-validate/pkg/helmfile/state/chart_dependency.go:173.10,174.12 1 1
github.com/seredavin/helmfile-validate/pkg/helmfile/state/chart_dependency.go:177.3,178.17 2 2
github.com/seredavin/helmfile-validate/pkg/helmfile/state/chart_dependency.go:178.17,180.4 1 0
github.com/seredavin/helmfile-validate/pkg/helmfile/state/chart_dependency.go:182.3,182.36 1 2
github.com/seredavin/helmfile-validate/pkg/helmfile/state/chart_dependency.go:185.2,185.22 1 1
github.com/seredavin/helmfile-validate/pkg/helmfile/state/chart_dependency.go:188.150,191.31 2 1
github.com/seredavin/helmfile-validate/pkg/helmfile/state/chart_dependency.go:191.31,194.3 2 0
github.com/seredavin/helmfile-validate/pkg/helmfile/state/chart_dependency.go:196.2,197.16 2 1
github.com/seredavin/helmfile-validate/pkg/helmfile/state/chart_dependency.go:197.16,199.3 1 0
github.com/seredavin/helmfile-validate/pkg/helmfile/state/chart_dependency.go:200.2,200.15 1 1
github.com/seredavin/helmfile-validate/pkg/helmfile/state/chart_dependency.go:200.15,202.3 1 1
github.com/seredavin/helmfile-validate/pkg/helmfile/state/chart_dependency.go:204.2,204.63 1 1
github.com/seredavin/helmfile-validate/pkg/helmfile/state/chart_dependency.go:208.67,210.2 1 15
github.com/seredavin/helmfile-validate/pkg/helmfile/state/chart_dependency.go:212.82,215.36 2 6
github.com/seredavin/helmfile-validate/pkg/helmfile/state/chart_dependency.go:215.36,217.3 1 7
github.com/seredavin/helmfile-validate/pkg/helmfile/state/chart_dependency.go:219.2,221.32 2 6
github.com/seredavin/helmfile-validate/pkg/helmfile/state/chart_dependency.go:221.32,223.10 2 28
github.com/seredavin/helmfile-validate/pkg/helmfile/state/chart_dependency.go:223.10,224.12 1 12
github.com/seredavin/helmfile-validate/pkg/helmfile/state/chart_dependency.go:227.3,230.10 2 16
github.com/seredavin/helmfile-validate/pkg/helmfile/state/chart_dependency.go:230.10,231.12 1 4
github.com/seredavin/helmfile-validate/pkg/helmfile/state/chart_dependency.go:234.3,236.19 2 12
github.com/seredavin/helmfile-validate/pkg/helmfile/state/chart_dependency.go:236.19,238.4 1 1
github.com/seredavin/helmfile-validate/pkg/helmfile/state/chart_dependency.go:240.3,240.85 1 12
github.com/seredavin/helmfile-validate/pkg/helmfile/state/chart_dependency.go:243.2,248.29 5 6
github.com/seredavin/helmfile-validate/pkg/helmfile/state/chart_dependency.go:251.151,255.16 3 1
github.com/seredavin/helmfile-validate/pkg/helmfile/state/chart_dependency.go:255.16,257.3 1 0
github.com/seredavin/helmfile-validate/pkg/helmfile/state/chart_dependency.go:259.2,259.52 1 1
github.com/seredavin/helmfile-validate/pkg/helmfile/state/chart_dependency.go:273.117,281.2 1 4
github.com/seredavin/helmfile-validate/pkg/helmfile/state/chart_dependency.go:283.56,284.26 1 6
github.com/seredavin/helmfile-validate/pkg/helmfile/state/chart_dependency.go:284.26,286.3 1 1
github.com/seredavin/helmfile-validate/pkg/helmfile/state/chart_dependency.go:286.8,288.3 1 5
github.com/seredavin/helmfile-validate/pkg/helmfile/state/chart_dependency.go:291.153,293.2 1 1
github.com/seredavin/helmfile-validate/pkg/helmfile/state/chart_dependency.go:295.157,302.16 3 1
github.com/seredavin/helmfile-validate/pkg/helmfile/state/chart_dependency.go:302.16,304.3 1 0
github.com/seredavin/helmfile-validate/pkg/helmfile/state/chart_dependency.go:305.2,305.116 1 1
github.com/seredavin/helmfile-validate/pkg/helmfile/state/chart_dependency.go:305.116,307.3 1 0
github.com/seredavin/helmfile-validate/pkg/helmfile/state/chart_dependency.go:309.2,309.56 1 1
github.com/seredavin/helmfile-validate/pkg/helmfile/state/chart_dependency.go:312.177,317.39 3 1
github.com/seredavin/helmfile-validate/pkg/helmfile/state/chart_dependency.go:317.39,319.3 1 0
github.com/seredavin/helmfile-validate/pkg/helmfile/state/chart_dependency.go:321.2,321.36 1 1
github.com/seredavin/helmfile-validate/pkg/helmfile/state/chart_dependency.go:321.36,322.97 1 1
github.com/seredavin/helmfile-validate/pkg/helmfile/state/chart_dependency.go:322.97,324.4 1 0
github.com/seredavin/helmfile-validate/pkg/helmfile/state/chart_dependency.go:328.2,328.45 1 1
github.com/seredavin/helmfile-validate/pkg/helmfile/state/chart_dependency.go:328.45,330.3 1 0
github.com/seredavin/helmfile-validate/pkg/helmfile/state/chart_dependency.go:332.2,333.16 2 1
github.com/seredavin/helmfile-validate/pkg/helmfile/state/chart_dependency.go:333.16,335.3 1 0
github.com/seredavin/helmfile-validate/pkg/helmfile/state/chart_dependency.go:338.2,339.75 2 1
github.com/seredavin/helmfile-validate/pkg/helmfile/state/chart_dependency.go:339.75,341.3 1 0
github.com/seredavin/helmfile-validate/pkg/helmfile/state/chart_dependency.go:343.2,343.66 1 1
github.com/seredavin/helmfile-validate/pkg/helmfile/state/chart_dependency.go:343.66,345.3 1 1
github.com/seredavin/helmfile-validate/pkg/helmfile/state/chart_dependency.go:347.2,351.16 3 1
github.com/seredavin/helmfile-validate/pkg/helmfile/state/chart_dependency.go:351.16,353.3 1 0
github.com/seredavin/helmfile-validate/pkg/helmfile/state/chart_dependency.go:356.2,356.75 1 1
github.com/seredavin/helmfile-validate/pkg/helmfile/state/chart_dependency.go:356.75,358.3 1 0
github.com/seredavin/helmfile-validate/pkg/helmfile/state/chart_dependency.go:360.2,361.22 2 1
github.com/seredavin/helmfile-validate/pkg/helmfile/state/chart_dependency.go:364.115,366.16 2 5
github.com/seredavin/helmfile-validate/pkg/helmfile/state/chart_dependency.go:366.16,367.25 1 3
github.com/seredavin/helmfile-validate/pkg/helmfile/state/chart_dependency.go:367.25,369.4 1 3
github.com/seredavin/helmfile-validate/pkg/helmfile/state/chart_dependency.go:370.3,370.25 1 0
github.com/seredavin/helmfile-validate/pkg/helmfile/state/chart_dependency.go:374.2,375.75 2 2
github.com/seredavin/helmfile-validate/pkg/helmfile/state/chart_dependency.go:375.75,377.3 1 0
github.com/seredavin/helmfile-validate/pkg/helmfile/state/chart_dependency.go:380.2,380.57 1 2
github.com/seredavin/helmfile-validate/pkg/helmfile/state/chart_dependency.go:380.57,385.17 2 2
github.com/seredavin/helmfile-validate/pkg/helmfile/state/chart_dependency.go:385.17,387.4 1 0
github.com/seredavin/helmfile-validate/pkg/helmfile/state/chart_dependency.go:393.2,394.52 2 2
github.com/seredavin/helmfile-validate/pkg/helmfile/state/chart_dependency.go:394.52,395.41 1 4
github.com/seredavin/helmfile-validate/pkg/helmfile/state/chart_dependency.go:395.41,397.4 1 0
github.com/seredavin/helmfile-validate/pkg/helmfile/state/chart_dependency.go:400.2,400.28 1 2
github.com/seredavin/helmfile-validate/pkg/helmfile/state/chart_dependency.go:403.77,405.16 2 7
github.com/seredavin/helmfile-validate/pkg/helmfile/state/chart_dependency.go:405.16,407.3 1 3
github.com/seredavin/helmfile-validate/pkg/helmfile/state/chart_dependency.go:408.2,409.19 2 4
github.com/seredavin/helmfile-validate/pkg/helmfile/state/chart_dependency.go:412.81,414.16 2 3
github.com/seredavin/helmfile-validate/pkg/helmfile/state/chart_dependency.go:414.16,416.3 1 0
github.com/seredavin/helmfile-validate/pkg/helmfile/state/chart_dependency.go:417.2,418.12 2 3
github.com/seredavin/helmfile-validate/pkg/helmfile/state/create.go:36.41,38.2 1 0
github.com/seredavin/helmfile-validate/pkg/helmfile/state/create.go:44.44,46.2 1 0
github.com/seredavin/helmfile-validate/pkg/helmfile/state/create.go:52.53,54.2 1 0
github.com/seredavin/helmfile-validate/pkg/helmfile/state/create.go:80.289,97.2 1 11
github.com/seredavin/helmfile-validate/pkg/helmfile/state/create.go:100.88,112.6 8 44
github.com/seredavin/helmfile-validate/pkg/helmfile/state/create.go:112.6,120.29 5 90
github.com/seredavin/helmfile-validate/pkg/helmfile/state/create.go:120.29,121.9 1 36
github.com/seredavin/helmfile-validate/pkg/helmfile/state/create.go:122.9,122.24 1 54
github.com/seredavin/helmfile-validate/pkg/helmfile/state/create.go:122.24,123.39 1 8
github.com/seredavin/helmfile-validate/pkg/helmfile/state/create.go:123.39,125.5 1 8
github.com/seredavin/helmfile-validate/pkg/helmfile/state/create.go:126.4,126.109 1 0
github.com/seredavin/helmfile-validate/pkg/helmfile/state/create.go:129.3,129.103 1 46
github.com/seredavin/helmfile-validate/pkg/helmfile/state/create.go:129.103,131.4 1 0
github.com/seredavin/helmfile-validate/pkg/helmfile/state/create.go:134.2,137.20 3 36
github.com/seredavin/helmfile-validate/pkg/helmfile/state/create.go:141.68,142.77 1 18
github.com/seredavin/helmfile-validate/pkg/helmfile/state/create.go:142.77,144.3 1 0
github.com/seredavin/helmfile-validate/pkg/helmfile/state/create.go:144.8,144.42 1 18
github.com/seredavin/helmfile-validate/pkg/helmfile/state/create.go:144.42,147.3 1 13
github.com/seredavin/helmfile-validate/pkg/helmfile/state/create.go:149.2,149.92 1 18
github.com/seredavin/helmfile-validate/pkg/helmfile/state/create.go:149.92,151.3 1 0
github.com/seredavin/helmfile-validate/pkg/helmfile/state/create.go:151.8,151.47 1 18
github.com/seredavin/helmfile-validate/pkg/helmfile/state/create.go:151.47,154.3 1 16
github.com/seredavin/helmfile-validate/pkg/helmfile/state/create.go:158.155,162.16 3 36
github.com/seredavin/helmfile-validate/pkg/helmfile/state/create.go:162.16,164.3 1 0
github.com/seredavin/helmfile-validate/pkg/helmfile/state/create.go:166.2,167.16 2 36
github.com/seredavin/helmfile-validate/pkg/helmfile/state/create.go:167.16,169.3 1 0
github.com/seredavin/helmfile-validate/pkg/helmfile/state/create.go:171.2,171.82 1 36
github.com/seredavin/helmfile-validate/pkg/helmfile/state/create.go:171.82,173.3 1 0
github.com/seredavin/helmfile-validate/pkg/helmfile/state/create.go:175.2,177.20 2 36
github.com/seredavin/helmfile-validate/pkg/helmfile/state/create.go:182.195,184.16 2 44
github.com/seredavin/helmfile-validate/pkg/helmfile/state/create.go:184.16,186.3 1 8
github.com/seredavin/helmfile-validate/pkg/helmfile/state/create.go:188.2,188.20 1 36
github.com/seredavin/helmfile-validate/pkg/helmfile/state/create.go:188.20,189.27 1 18
github.com/seredavin/helmfile-validate/pkg/helmfile/state/create.go:189.27,191.4 1 0
github.com/seredavin/helmfile-validate/pkg/helmfile/state/create.go:192.8,194.17 2 18
github.com/seredavin/helmfile-validate/pkg/helmfile/state/create.go:194.17,196.4 1 0
github.com/seredavin/helmfile-validate/pkg/helmfile/state/create.go:201.3,201.37 1 18
github.com/seredavin/helmfile-validate/pkg/helmfile/state/create.go:204.2,205.16 2 36
github.com/seredavin/helmfile-validate/pkg/helmfile/state/create.go:205.16,207.3 1 0
github.com/seredavin/helmfile-validate/pkg/helmfile/state/create.go:209.2,212.16 3 36
github.com/seredavin/helmfile-validate/pkg/helmfile/state/create.go:212.16,214.3 1 0
github.com/seredavin/helmfile-validate/pkg/helmfile/state/create.go:215.2,217.19 2 36
github.com/seredavin/helmfile-validate/pkg/helmfile/state/create.go:223.61,225.16 1 18
github.com/seredavin/helmfile-validate/pkg/helmfile/state/create.go:225.16,227.3 1 0
github.com/seredavin/helmfile-validate/pkg/helmfile/state/create.go:229.2,229.35 1 18
github.com/seredavin/helmfile-validate/pkg/helmfile/state/create.go:229.35,230.45 1 2
github.com/seredavin/helmfile-validate/pkg/helmfile/state/create.go:230.45,246.32 6 2
github.com/seredavin/helmfile-validate/pkg/helmfile/state/create.go:246.32,248.5 1 0
github.com/seredavin/helmfile-validate/pkg/helmfile/state/create.go:248.10,250.5 1 2
github.com/seredavin/helmfile-validate/pkg/helmfile/state/create.go:253.4,253.40 1 2
github.com/seredavin/helmfile-validate/pkg/helmfile/state/create.go:253.40,255.5 1 0
github.com/seredavin/helmfile-validate/pkg/helmfile/state/create.go:255.10,257.5 1 2
github.com/seredavin/helmfile-validate/pkg/helmfile/state/create.go:260.4,260.46 1 2
github.com/seredavin/helmfile-validate/pkg/helmfile/state/create.go:260.46,262.5 1 0
github.com/seredavin/helmfile-validate/pkg/helmfile/state/create.go:262.10,264.5 1 2
github.com/seredavin/helmfile-validate/pkg/helmfile/state/create.go:266.4,266.25 1 2
github.com/seredavin/helmfile-validate/pkg/helmfile/state/create.go:267.9,270.4 1 0
github.com/seredavin/helmfile-validate/pkg/helmfile/state/create.go:274.134,276.24 2 18
github.com/seredavin/helmfile-validate/pkg/helmfile/state/create.go:276.24,279.3 2 0
github.com/seredavin/helmfile-validate/pkg/helmfile/state/create.go:280.2,281.29 2 18
github.com/seredavin/helmfile-validate/pkg/helmfile/state/create.go:281.29,283.17 2 18
github.com/seredavin/helmfile-validate/pkg/helmfile/state/create.go:283.17,285.4 1 0
github.com/seredavin/helmfile-validate/pkg/helmfile/state/create.go:286.3,286.32 1 18
github.com/seredavin/helmfile-validate/pkg/helmfile/state/create.go:288.2,290.35 2 18
github.com/seredavin/helmfile-validate/pkg/helmfile/state/create.go:290.35,292.36 1 18
github.com/seredavin/helmfile-validate/pkg/helmfile/state/create.go:292.36,294.4 1 3
github.com/seredavin/helmfile-validate/pkg/helmfile/state/create.go:297.3,304.102 4 18
github.com/seredavin/helmfile-validate/pkg/helmfile/state/create.go:304.102,306.4 1 0
github.com/seredavin/helmfile-validate/pkg/helmfile/state/create.go:309.3,309.35 1 18
github.com/seredavin/helmfile-validate/pkg/helmfile/state/create.go:312.2,312.23 1 18
github.com/seredavin/helmfile-validate/pkg/helmfile/state/create.go:316.99,317.9 1 0
github.com/seredavin/helmfile-validate/pkg/helmfile/state/create.go:318.42,319.37 1 0
github.com/seredavin/helmfile-validate/pkg/helmfile/state/create.go:320.42,321.37 1 0
github.com/seredavin/helmfile-validate/pkg/helmfile/state/create.go:322.10,323.13 1 0
github.com/seredavin/helmfile-validate/pkg/helmfile/state/create.go:328.75,330.9 2 0
github.com/seredavin/helmfile-validate/pkg/helmfile/state/create.go:331.36,332.31 1 0
github.com/seredavin/helmfile-validate/pkg/helmfile/state/create.go:333.36,334.31 1 0
github.com/seredavin/helmfile-validate/pkg/helmfile/state/create.go:335.10,336.36 1 0
github.com/seredavin/helmfile-validate/pkg/helmfile/state/create.go:340.166,345.8 5 36
github.com/seredavin/helmfile-validate/pkg/helmfile/state/create.go:345.8,353.31 3 15
github.com/seredavin/helmfile-validate/pkg/helmfile/state/create.go:353.31,354.46 1 0
github.com/seredavin/helmfile-validate/pkg/helmfile/state/create.go:354.46,356.19 2 0
github.com/seredavin/helmfile-validate/pkg/helmfile/state/create.go:356.19,358.6 1 0
github.com/seredavin/helmfile-validate/pkg/helmfile/state/create.go:359.5,359.16 1 0
github.com/seredavin/helmfile-validate/pkg/helmfile/state/create.go:359.16,360.14 1 0
github.com/seredavin/helmfile-validate/pkg/helmfile/state/create.go:362.5,362.57 1 0
github.com/seredavin/helmfile-validate/pkg/helmfile/state/create.go:364.4,366.18 3 0
github.com/seredavin/helmfile-validate/pkg/helmfile/state/create.go:366.18,368.5 1 0
github.com/seredavin/helmfile-validate/pkg/helmfile/state/create.go:370.4,370.17 1 0
github.com/seredavin/helmfile-validate/pkg/helmfile/state/create.go:370.17,371.41 1 0
github.com/seredavin/helmfile-validate/pkg/helmfile/state/create.go:371.41,372.50 1 0
github.com/seredavin/helmfile-validate/pkg/helmfile/state/create.go:372.50,374.7 1 0
github.com/seredavin/helmfile-validate/pkg/helmfile/state/create.go:378.3,379.36 2 15
github.com/seredavin/helmfile-validate/pkg/helmfile/state/create.go:379.36,381.4 1 0
github.com/seredavin/helmfile-validate/pkg/helmfile/state/create.go:382.3,384.17 3 15
github.com/seredavin/helmfile-validate/pkg/helmfile/state/create.go:384.17,386.4 1 0
github.com/seredavin/helmfile-validate/pkg/helmfile/state/create.go:387.3,388.17 2 15
github.com/seredavin/helmfile-validate/pkg/helmfile/state/create.go:388.17,390.4 1 0
github.com/seredavin/helmfile-validate/pkg/helmfile/state/create.go:392.3,392.82 1 15
github.com/seredavin/helmfile-validate/pkg/helmfile/state/create.go:392.82,394.4 1 0
github.com/seredavin/helmfile-validate/pkg/helmfile/state/create.go:395.8,395.87 1 21
github.com/seredavin/helmfile-validate/pkg/helmfile/state/create.go:395.87,397.3 1 0
github.com/seredavin/helmfile-validate/pkg/helmfile/state/create.go:399.2,401.19 2 36
github.com/seredavin/helmfile-validate/pkg/helmfile/state/create.go:401.19,404.77 2 1
github.com/seredavin/helmfile-validate/pkg/helmfile/state/create.go:404.77,406.4 1 0
github.com/seredavin/helmfile-validate/pkg/helmfile/state/create.go:408.3,408.22 1 1
github.com/seredavin/helmfile-validate/pkg/helmfile/state/create.go:411.2,411.21 1 36
github.com/seredavin/helmfile-validate/pkg/helmfile/state/create.go:411.21,419.3 3 0
github.com/seredavin/helmfile-validate/pkg/helmfile/state/create.go:421.2,421.20 1 36
github.com/seredavin/helmfile-validate/pkg/helmfile/state/create.go:429.163,433.16 4 0
github.com/seredavin/helmfile-validate/pkg/helmfile/state/create.go:433.16,435.3 1 0
github.com/seredavin/helmfile-validate/pkg/helmfile/state/create.go:436.2,455.10 7 0
github.com/seredavin/helmfile-validate/pkg/helmfile/state/create.go:455.10,456.46 1 0
github.com/seredavin/helmfile-validate/pkg/helmfile/state/create.go:456.46,458.5 1 0
github.com/seredavin/helmfile-validate/pkg/helmfile/state/create.go:459.4,459.18 1 0
github.com/seredavin/helmfile-validate/pkg/helmfile/state/create.go:461.16,462.32 1 0
github.com/seredavin/helmfile-validate/pkg/helmfile/state/create.go:462.32,465.19 3 0
github.com/seredavin/helmfile-validate/pkg/helmfile/state/create.go:465.19,467.14 2 0
github.com/seredavin/helmfile-validate/pkg/helmfile/state/create.go:469.5,469.44 1 0
github.com/seredavin/helmfile-validate/pkg/helmfile/state/create.go:469.44,470.45 1 0
github.com/seredavin/helmfile-validate/pkg/helmfile/state/create.go:470.45,472.7 1 0
github.com/seredavin/helmfile-validate/pkg/helmfile/state/create.go:475.5,475.18 1 0
github.com/seredavin/helmfile-validate/pkg/helmfile/state/create.go:475.18,476.57 1 0
github.com/seredavin/helmfile-validate/pkg/helmfile/state/create.go:476.57,477.54 1 0
github.com/seredavin/helmfile-validate/pkg/helmfile/state/create.go:477.54,479.8 1 0
github.com/seredavin/helmfile-validate/pkg/helmfile/state/create.go:482.5,483.56 2 0
github.com/seredavin/helmfile-validate/pkg/helmfile/state/create.go:483.56,485.20 2 0
github.com/seredavin/helmfile-validate/pkg/helmfile/state/create.go:485.20,487.15 2 0
github.com/seredavin/helmfile-validate/pkg/helmfile/state/create.go:489.6,490.54 2 0
github.com/seredavin/helmfile-validate/pkg/helmfile/state/create.go:490.54,492.15 2 0
github.com/seredavin/helmfile-validate/pkg/helmfile/state/create.go:497.6,498.20 2 0
github.com/seredavin/helmfile-validate/pkg/helmfile/state/create.go:498.20,500.15 2 0
github.com/seredavin/helmfile-validate/pkg/helmfile/state/create.go:503.5,503.63 1 0
github.com/seredavin/helmfile-validate/pkg/helmfile/state/create.go:506.10,509.36 2 0
github.com/seredavin/helmfile-validate/pkg/helmfile/state/create.go:509.36,512.5 2 0
github.com/seredavin/helmfile-validate/pkg/helmfile/state/create.go:513.4,515.41 2 0
github.com/seredavin/helmfile-validate/pkg/helmfile/state/create.go:515.41,516.26 1 0
github.com/seredavin/helmfile-validate/pkg/helmfile/state/create.go:516.26,518.6 1 0
github.com/seredavin/helmfile-validate/pkg/helmfile/state/create.go:518.11,519.86 1 0
github.com/seredavin/helmfile-validate/pkg/helmfile/state/create.go:519.86,521.7 1 0
github.com/seredavin/helmfile-validate/pkg/helmfile/state/create.go:527.2,527.19 1 0
github.com/seredavin/helmfile-validate/pkg/helmfile/state/create.go:527.19,528.28 1 0
github.com/seredavin/helmfile-validate/pkg/helmfile/state/create.go:528.28,530.4 1 0
github.com/seredavin/helmfile-validate/pkg/helmfile/state/create.go:531.3,531.106 1 0
github.com/seredavin/helmfile-validate/pkg/helmfile/state/create.go:533.2,533.34 1 0
github.com/seredavin/helmfile-validate/pkg/helmfile/state/create.go:536.179,543.16 6 51
github.com/seredavin/helmfile-validate/pkg/helmfile/state/create.go:543.16,545.3 1 0
github.com/seredavin/helmfile-validate/pkg/helmfile/state/create.go:547.2,547.21 1 51
github.com/seredavin/helmfile-validate/pkg/helmfile/state/envvals_loader.go:30.153,37.2 1 59
github.com/seredavin/helmfile-validate/pkg/helmfile/state/envvals_loader.go:39.180,46.38 2 62
github.com/seredavin/helmfile-validate/pkg/helmfile/state/envvals_loader.go:46.38,49.35 2 31
github.com/seredavin/helmfile-validate/pkg/helmfile/state/envvals_loader.go:50.15,52.18 2 19
github.com/seredavin/helmfile-validate/pkg/helmfile/state/envvals_loader.go:52.18,54.5 1 0
github.com/seredavin/helmfile-validate/pkg/helmfile/state/envvals_loader.go:55.4,55.15 1 19
github.com/seredavin/helmfile-validate/pkg/helmfile/state/envvals_loader.go:55.15,56.13 1 0
github.com/seredavin/helmfile-validate/pkg/helmfile/state/envvals_loader.go:58.4,58.28 1 19
github.com/seredavin/helmfile-validate/pkg/helmfile/state/envvals_loader.go:58.28,60.22 2 19
github.com/seredavin/helmfile-validate/pkg/helmfile/state/envvals_loader.go:60.22,62.6 1 14
github.com/seredavin/helmfile-validate/pkg/helmfile/state/envvals_loader.go:62.11,64.6 1 5
github.com/seredavin/helmfile-validate/pkg/helmfile/state/envvals_loader.go:65.5,65.37 1 19
github.com/seredavin/helmfile-validate/pkg/helmfile/state/envvals_loader.go:65.37,67.6 1 2
github.com/seredavin/helmfile-validate/pkg/helmfile/state/envvals_loader.go:67.11,71.20 4 17
github.com/seredavin/helmfile-validate/pkg/helmfile/state/envvals_loader.go:71.20,73.7 1 0
github.com/seredavin/helmfile-validate/pkg/helmfile/state/envvals_loader.go:74.6,75.54 2 17
github.com/seredavin/helmfile-validate/pkg/helmfile/state/envvals_loader.go:75.54,77.7 1 0
github.com/seredavin/helmfile-validate/pkg/helmfile/state/envvals_loader.go:78.6,79.67 2 17
github.com/seredavin/helmfile-validate/pkg/helmfile/state/envvals_loader.go:82.36,83.33 1 12
github.com/seredavin/helmfile-validate/pkg/helmfile/state/envvals_loader.go:84.11,85.93 1 0
github.com/seredavin/helmfile-validate/pkg/helmfile/state/envvals_loader.go:88.3,89.17 2 31
github.com/seredavin/helmfile-validate/pkg/helmfile/state/envvals_loader.go:89.17,91.4 1 0
github.com/seredavin/helmfile-validate/pkg/helmfile/state/envvals_loader.go:93.2,94.28 2 62
github.com/seredavin/helmfile-validate/pkg/helmfile/state/envvals_loader.go:94.28,96.17 2 1
github.com/seredavin/helmfile-validate/pkg/helmfile/state/envvals_loader.go:96.17,98.4 1 0
github.com/seredavin/helmfile-validate/pkg/helmfile/state/envvals_loader.go:99.3,99.25 1 1
github.com/seredavin/helmfile-validate/pkg/helmfile/state/envvals_loader.go:101.2,102.16 2 62
github.com/seredavin/helmfile-validate/pkg/helmfile/state/envvals_loader.go:102.16,104.3 1 0
github.com/seredavin/helmfile-validate/pkg/helmfile/state/envvals_loader.go:105.2,105.20 1 62
github.com/seredavin/helmfile-validate/pkg/helmfile/state/envvals_loader.go:108.72,109.25 1 93
github.com/seredavin/helmfile-validate/pkg/helmfile/state/envvals_loader.go:109.25,114.17 2 30
github.com/seredavin/helmfile-validate/pkg/helmfile/state/envvals_loader.go:114.17,116.4 1 0
github.com/seredavin/helmfile-validate/pkg/helmfile/state/envvals_loader.go:117.3,117.71 1 30
github.com/seredavin/helmfile-validate/pkg/helmfile/state/envvals_loader.go:117.71,119.4 1 0
github.com/seredavin/helmfile-validate/pkg/helmfile/state/envvals_loader.go:121.2,121.18 1 93
github.com/seredavin/helmfile-validate/pkg/helmfile/state/helmx.go:24.86,25.38 1 103
github.com/seredavin/helmfile-validate/pkg/helmfile/state/helmx.go:25.38,27.3 1 0
github.com/seredavin/helmfile-validate/pkg/helmfile/state/helmx.go:29.2,29.14 1 103
github.com/seredavin/helmfile-validate/pkg/helmfile/state/helmx.go:32.52,34.24 2 7
github.com/seredavin/helmfile-validate/pkg/helmfile/state/helmx.go:34.24,35.62 1 11
github.com/seredavin/helmfile-validate/pkg/helmfile/state/helmx.go:35.62,36.12 1 2
github.com/seredavin/helmfile-validate/pkg/helmfile/state/helmx.go:39.3,39.25 1 9
github.com/seredavin/helmfile-validate/pkg/helmfile/state/helmx.go:41.2,43.20 2 7
github.com/seredavin/helmfile-validate/pkg/helmfile/state/helmx.go:43.20,45.3 1 2
github.com/seredavin/helmfile-validate/pkg/helmfile/state/helmx.go:47.2,47.25 1 5
github.com/seredavin/helmfile-validate/pkg/helmfile/state/helmx.go:47.25,50.3 2 9
github.com/seredavin/helmfile-validate/pkg/helmfile/state/helmx.go:51.2,51.38 1 5
github.com/seredavin/helmfile-validate/pkg/helmfile/state/helmx.go:55.136,56.38 1 70
github.com/seredavin/helmfile-validate/pkg/helmfile/state/helmx.go:56.38,58.3 1 70
github.com/seredavin/helmfile-validate/pkg/helmfile/state/helmx.go:59.2,60.9 2 0
github.com/seredavin/helmfile-validate/pkg/helmfile/state/helmx.go:62.70,63.29 1 0
github.com/seredavin/helmfile-validate/pkg/helmfile/state/helmx.go:65.25,66.29 1 0
github.com/seredavin/helmfile-validate/pkg/helmfile/state/helmx.go:68.86,69.29 1 0
github.com/seredavin/helmfile-validate/pkg/helmfile/state/helmx.go:71.2,71.25 1 0
github.com/seredavin/helmfile-validate/pkg/helmfile/state/helmx.go:71.25,73.19 2 0
github.com/seredavin/helmfile-validate/pkg/helmfile/state/helmx.go:73.19,75.4 1 0
github.com/seredavin/helmfile-validate/pkg/helmfile/state/helmx.go:77.2,77.14 1 0
github.com/seredavin/helmfile-validate/pkg/helmfile/state/helmx.go:81.137,83.9 2 103
github.com/seredavin/helmfile-validate/pkg/helmfile/state/helmx.go:85.66,86.39 1 6
github.com/seredavin/helmfile-validate/pkg/helmfile/state/helmx.go:87.26,88.30 1 0
github.com/seredavin/helmfile-validate/pkg/helmfile/state/helmx.go:89.82,90.47 1 2
github.com/seredavin/helmfile-validate/pkg/helmfile/state/helmx.go:93.2,93.24 1 103
github.com/seredavin/helmfile-validate/pkg/helmfile/state/helmx.go:93.24,95.37 1 8
github.com/seredavin/helmfile-validate/pkg/helmfile/state/helmx.go:95.37,97.90 1 1
github.com/seredavin/helmfile-validate/pkg/helmfile/state/helmx.go:97.90,106.5 3 1
github.com/seredavin/helmfile-validate/pkg/helmfile/state/helmx.go:108.3,108.57 1 8
github.com/seredavin/helmfile-validate/pkg/helmfile/state/helmx.go:110.2,110.14 1 103
github.com/seredavin/helmfile-validate/pkg/helmfile/state/helmx.go:114.122,116.9 2 103
github.com/seredavin/helmfile-validate/pkg/helmfile/state/helmx.go:117.42,118.51 1 0
github.com/seredavin/helmfile-validate/pkg/helmfile/state/helmx.go:119.34,120.43 1 0
github.com/seredavin/helmfile-validate/pkg/helmfile/state/helmx.go:121.50,122.59 1 0
github.com/seredavin/helmfile-validate/pkg/helmfile/state/helmx.go:124.2,124.44 1 103
github.com/seredavin/helmfile-validate/pkg/helmfile/state/helmx.go:124.44,125.16 1 0
github.com/seredavin/helmfile-validate/pkg/helmfile/state/helmx.go:125.16,127.4 1 0
github.com/seredavin/helmfile-validate/pkg/helmfile/state/helmx.go:129.2,129.14 1 103
github.com/seredavin/helmfile-validate/pkg/helmfile/state/helmx.go:133.128,134.9 1 103
github.com/seredavin/helmfile-validate/pkg/helmfile/state/helmx.go:136.76,137.52 1 0
github.com/seredavin/helmfile-validate/pkg/helmfile/state/helmx.go:139.28,140.52 1 0
github.com/seredavin/helmfile-validate/pkg/helmfile/state/helmx.go:142.92,143.52 1 0
github.com/seredavin/helmfile-validate/pkg/helmfile/state/helmx.go:145.2,145.14 1 103
github.com/seredavin/helmfile-validate/pkg/helmfile/state/helmx.go:149.138,151.9 2 4
github.com/seredavin/helmfile-validate/pkg/helmfile/state/helmx.go:152.49,153.65 1 1
github.com/seredavin/helmfile-validate/pkg/helmfile/state/helmx.go:154.41,155.57 1 1
github.com/seredavin/helmfile-validate/pkg/helmfile/state/helmx.go:156.57,157.73 1 1
github.com/seredavin/helmfile-validate/pkg/helmfile/state/helmx.go:159.2,159.51 1 4
github.com/seredavin/helmfile-validate/pkg/helmfile/state/helmx.go:159.51,160.16 1 6
github.com/seredavin/helmfile-validate/pkg/helmfile/state/helmx.go:160.16,162.4 1 6
github.com/seredavin/helmfile-validate/pkg/helmfile/state/helmx.go:164.2,164.14 1 4
github.com/seredavin/helmfile-validate/pkg/helmfile/state/helmx.go:167.107,168.9 1 77
github.com/seredavin/helmfile-validate/pkg/helmfile/state/helmx.go:169.58,170.43 1 2
github.com/seredavin/helmfile-validate/pkg/helmfile/state/helmx.go:171.37,172.43 1 1
github.com/seredavin/helmfile-validate/pkg/helmfile/state/helmx.go:173.65,174.43 1 2
github.com/seredavin/helmfile-validate/pkg/helmfile/state/helmx.go:176.2,176.14 1 77
github.com/seredavin/helmfile-validate/pkg/helmfile/state/helmx.go:179.100,180.9 1 84
github.com/seredavin/helmfile-validate/pkg/helmfile/state/helmx.go:181.44,182.34 1 6
github.com/seredavin/helmfile-validate/pkg/helmfile/state/helmx.go:183.30,184.34 1 2
github.com/seredavin/helmfile-validate/pkg/helmfile/state/helmx.go:185.51,186.34 1 4
github.com/seredavin/helmfile-validate/pkg/helmfile/state/helmx.go:190.2,190.14 1 84
github.com/seredavin/helmfile-validate/pkg/helmfile/state/helmx.go:194.129,196.38 1 19
github.com/seredavin/helmfile-validate/pkg/helmfile/state/helmx.go:196.38,198.3 1 16
github.com/seredavin/helmfile-validate/pkg/helmfile/state/helmx.go:199.2,199.9 1 3
github.com/seredavin/helmfile-validate/pkg/helmfile/state/helmx.go:201.56,202.55 1 1
github.com/seredavin/helmfile-validate/pkg/helmfile/state/helmx.go:203.21,204.46 1 1
github.com/seredavin/helmfile-validate/pkg/helmfile/state/helmx.go:205.72,206.63 1 1
github.com/seredavin/helmfile-validate/pkg/helmfile/state/helmx.go:208.2,208.14 1 3
github.com/seredavin/helmfile-validate/pkg/helmfile/state/helmx.go:212.108,214.38 1 72
github.com/seredavin/helmfile-validate/pkg/helmfile/state/helmx.go:214.38,216.3 1 71
github.com/seredavin/helmfile-validate/pkg/helmfile/state/helmx.go:217.2,217.9 1 1
github.com/seredavin/helmfile-validate/pkg/helmfile/state/helmx.go:218.21,219.40 1 1
github.com/seredavin/helmfile-validate/pkg/helmfile/state/helmx.go:221.2,221.14 1 1
github.com/seredavin/helmfile-validate/pkg/helmfile/state/helmx.go:225.149,227.38 1 73
github.com/seredavin/helmfile-validate/pkg/helmfile/state/helmx.go:227.38,229.3 1 71
github.com/seredavin/helmfile-validate/pkg/helmfile/state/helmx.go:230.2,230.9 1 2
github.com/seredavin/helmfile-validate/pkg/helmfile/state/helmx.go:231.62,232.44 1 1
github.com/seredavin/helmfile-validate/pkg/helmfile/state/helmx.go:233.21,234.44 1 1
github.com/seredavin/helmfile-validate/pkg/helmfile/state/helmx.go:235.78,236.44 1 0
github.com/seredavin/helmfile-validate/pkg/helmfile/state/helmx.go:238.2,238.14 1 2
github.com/seredavin/helmfile-validate/pkg/helmfile/state/helmx.go:242.86,244.24 2 11
github.com/seredavin/helmfile-validate/pkg/helmfile/state/helmx.go:244.24,246.3 1 2
github.com/seredavin/helmfile-validate/pkg/helmfile/state/helmx.go:247.2,247.36 1 11
github.com/seredavin/helmfile-validate/pkg/helmfile/state/helmx.go:247.36,248.16 1 3
github.com/seredavin/helmfile-validate/pkg/helmfile/state/helmx.go:248.16,250.4 1 3
github.com/seredavin/helmfile-validate/pkg/helmfile/state/helmx.go:252.2,252.14 1 11
github.com/seredavin/helmfile-validate/pkg/helmfile/state/helmx.go:260.80,263.23 2 0
github.com/seredavin/helmfile-validate/pkg/helmfile/state/helmx.go:263.23,265.3 1 0
github.com/seredavin/helmfile-validate/pkg/helmfile/state/helmx.go:267.2,267.25 1 0
github.com/seredavin/helmfile-validate/pkg/helmfile/state/helmx.go:267.25,269.3 1 0
github.com/seredavin/helmfile-validate/pkg/helmfile/state/helmx.go:271.2,275.74 3 0
github.com/seredavin/helmfile-validate/pkg/helmfile/state/helmx.go:278.93,279.30 1 1
github.com/seredavin/helmfile-validate/pkg/helmfile/state/helmx.go:279.30,281.3 1 0
github.com/seredavin/helmfile-validate/pkg/helmfile/state/helmx.go:283.2,284.16 2 1
github.com/seredavin/helmfile-validate/pkg/helmfile/state/helmx.go:284.16,285.12 1 1
github.com/seredavin/helmfile-validate/pkg/helmfile/state/helmx.go:285.12,287.4 1 0
github.com/seredavin/helmfile-validate/pkg/helmfile/state/helmx.go:288.8,292.17 3 0
github.com/seredavin/helmfile-validate/pkg/helmfile/state/helmx.go:292.17,294.4 1 0
github.com/seredavin/helmfile-validate/pkg/helmfile/state/helmx.go:296.3,296.21 1 0
github.com/seredavin/helmfile-validate/pkg/helmfile/state/helmx.go:299.2,299.19 1 1
github.com/seredavin/helmfile-validate/pkg/helmfile/state/helmx.go:302.143,315.18 3 0
github.com/seredavin/helmfile-validate/pkg/helmfile/state/helmx.go:315.18,317.3 1 0
github.com/seredavin/helmfile-validate/pkg/helmfile/state/helmx.go:319.2,322.28 3 0
github.com/seredavin/helmfile-validate/pkg/helmfile/state/helmx.go:322.28,324.3 1 0
github.com/seredavin/helmfile-validate/pkg/helmfile/state/helmx.go:325.2,325.58 1 0
github.com/seredavin/helmfile-validate/pkg/helmfile/state/helmx.go:325.58,326.95 1 0
github.com/seredavin/helmfile-validate/pkg/helmfile/state/helmx.go:326.95,328.4 1 0
github.com/seredavin/helmfile-validate/pkg/helmfile/state/helmx.go:331.2,331.41 1 0
github.com/seredavin/helmfile-validate/pkg/helmfile/state/helmx.go:331.41,333.37 2 0
github.com/seredavin/helmfile-validate/pkg/helmfile/state/helmx.go:333.37,341.18 3 0
github.com/seredavin/helmfile-validate/pkg/helmfile/state/helmx.go:341.18,343.5 1 0
github.com/seredavin/helmfile-validate/pkg/helmfile/state/helmx.go:346.3,352.19 2 0
github.com/seredavin/helmfile-validate/pkg/helmfile/state/helmx.go:355.2,356.26 2 0
github.com/seredavin/helmfile-validate/pkg/helmfile/state/helmx.go:356.26,358.17 2 0
github.com/seredavin/helmfile-validate/pkg/helmfile/state/helmx.go:358.17,360.4 1 0
github.com/seredavin/helmfile-validate/pkg/helmfile/state/helmx.go:362.3,366.19 3 0
github.com/seredavin/helmfile-validate/pkg/helmfile/state/helmx.go:369.2,370.36 2 0
github.com/seredavin/helmfile-validate/pkg/helmfile/state/helmx.go:370.36,372.17 2 0
github.com/seredavin/helmfile-validate/pkg/helmfile/state/helmx.go:372.17,374.4 1 0
github.com/seredavin/helmfile-validate/pkg/helmfile/state/helmx.go:376.3,380.19 3 0
github.com/seredavin/helmfile-validate/pkg/helmfile/state/helmx.go:383.2,384.27 2 0
github.com/seredavin/helmfile-validate/pkg/helmfile/state/helmx.go:384.27,386.17 2 0
github.com/seredavin/helmfile-validate/pkg/helmfile/state/helmx.go:386.17,388.4 1 0
github.com/seredavin/helmfile-validate/pkg/helmfile/state/helmx.go:390.3,394.19 3 0
github.com/seredavin/helmfile-validate/pkg/helmfile/state/helmx.go:397.2,397.34 1 0
github.com/seredavin/helmfile-validate/pkg/helmfile/state/helmx.go:397.34,401.3 2 0
github.com/seredavin/helmfile-validate/pkg/helmfile/state/helmx.go:403.2,403.15 1 0
github.com/seredavin/helmfile-validate/pkg/helmfile/state/helmx.go:403.15,406.17 3 0
github.com/seredavin/helmfile-validate/pkg/helmfile/state/helmx.go:406.17,408.4 1 0
github.com/seredavin/helmfile-validate/pkg/helmfile/state/helmx.go:410.3,414.17 4 0
github.com/seredavin/helmfile-validate/pkg/helmfile/state/helmx.go:414.17,416.4 1 0
github.com/seredavin/helmfile-validate/pkg/helmfile/state/helmx.go:417.3,421.23 4 0
github.com/seredavin/helmfile-validate/pkg/helmfile/state/helmx.go:424.2,424.24 1 0
github.com/seredavin/helmfile-validate/pkg/helmfile/state/release.go:12.100,17.16 4 25
github.com/seredavin/helmfile-validate/pkg/helmfile/state/release.go:17.16,19.3 1 0
github.com/seredavin/helmfile-validate/pkg/helmfile/state/release.go:21.2,24.17 3 25
github.com/seredavin/helmfile-validate/pkg/helmfile/state/release.go:24.17,26.4 1 0
github.com/seredavin/helmfile-validate/pkg/helmfile/state/release.go:27.3,27.40 1 25
github.com/seredavin/helmfile-validate/pkg/helmfile/state/release.go:30.2,33.17 3 25
github.com/seredavin/helmfile-validate/pkg/helmfile/state/release.go:33.17,35.4 1 0
github.com/seredavin/helmfile-validate/pkg/helmfile/state/release.go:36.3,36.42 1 25
github.com/seredavin/helmfile-validate/pkg/helmfile/state/release.go:39.2,42.17 3 25
github.com/seredavin/helmfile-validate/pkg/helmfile/state/release.go:42.17,44.4 1 0
github.com/seredavin/helmfile-validate/pkg/helmfile/state/release.go:45.3,45.50 1 25
github.com/seredavin/helmfile-validate/pkg/helmfile/state/release.go:48.2,51.17 3 25
github.com/seredavin/helmfile-validate/pkg/helmfile/state/release.go:51.17,53.4 1 0
github.com/seredavin/helmfile-validate/pkg/helmfile/state/release.go:54.3,54.46 1 25
github.com/seredavin/helmfile-validate/pkg/helmfile/state/release.go:57.2,57.32 1 25
github.com/seredavin/helmfile-validate/pkg/helmfile/state/release.go:57.32,60.17 3 4
github.com/seredavin/helmfile-validate/pkg/helmfile/state/release.go:60.17,62.4 1 0
github.com/seredavin/helmfile-validate/pkg/helmfile/state/release.go:63.3,63.36 1 4
github.com/seredavin/helmfile-validate/pkg/helmfile/state/release.go:66.2,66.37 1 25
github.com/seredavin/helmfile-validate/pkg/helmfile/state/release.go:66.37,69.17 3 2
github.com/seredavin/helmfile-validate/pkg/helmfile/state/release.go:69.17,71.4 1 0
github.com/seredavin/helmfile-validate/pkg/helmfile/state/release.go:72.3,72.41 1 2
github.com/seredavin/helmfile-validate/pkg/helmfile/state/release.go:75.2,75.34 1 25
github.com/seredavin/helmfile-validate/pkg/helmfile/state/release.go:75.34,78.17 3 2
github.com/seredavin/helmfile-validate/pkg/helmfile/state/release.go:78.17,80.4 1 0
github.com/seredavin/helmfile-validate/pkg/helmfile/state/release.go:81.3,81.38 1 2
github.com/seredavin/helmfile-validate/pkg/helmfile/state/release.go:84.2,84.38 1 25
github.com/seredavin/helmfile-validate/pkg/helmfile/state/release.go:84.38,87.17 3 14
github.com/seredavin/helmfile-validate/pkg/helmfile/state/release.go:87.17,89.4 1 0
github.com/seredavin/helmfile-validate/pkg/helmfile/state/release.go:90.3,90.34 1 14
github.com/seredavin/helmfile-validate/pkg/helmfile/state/release.go:93.2,95.46 2 25
github.com/seredavin/helmfile-validate/pkg/helmfile/state/release.go:95.46,97.18 2 8
github.com/seredavin/helmfile-validate/pkg/helmfile/state/release.go:97.18,99.5 1 0
github.com/seredavin/helmfile-validate/pkg/helmfile/state/release.go:100.4,100.64 1 8
github.com/seredavin/helmfile-validate/pkg/helmfile/state/release.go:102.3,102.45 1 25
github.com/seredavin/helmfile-validate/pkg/helmfile/state/release.go:105.2,105.36 1 25
github.com/seredavin/helmfile-validate/pkg/helmfile/state/release.go:105.36,106.43 1 8
github.com/seredavin/helmfile-validate/pkg/helmfile/state/release.go:106.43,107.26 1 8
github.com/seredavin/helmfile-validate/pkg/helmfile/state/release.go:108.37,110.19 2 3
github.com/seredavin/helmfile-validate/pkg/helmfile/state/release.go:110.19,112.6 1 0
github.com/seredavin/helmfile-validate/pkg/helmfile/state/release.go:114.5,115.19 2 3
github.com/seredavin/helmfile-validate/pkg/helmfile/state/release.go:115.19,117.6 1 0
github.com/seredavin/helmfile-validate/pkg/helmfile/state/release.go:119.5,121.68 2 3
github.com/seredavin/helmfile-validate/pkg/helmfile/state/release.go:121.68,123.6 1 0
github.com/seredavin/helmfile-validate/pkg/helmfile/state/release.go:125.5,126.19 2 3
github.com/seredavin/helmfile-validate/pkg/helmfile/state/release.go:126.19,128.6 1 0
github.com/seredavin/helmfile-validate/pkg/helmfile/state/release.go:130.5,130.33 1 3
github.com/seredavin/helmfile-validate/pkg/helmfile/state/release.go:134.3,136.52 3 8
github.com/seredavin/helmfile-validate/pkg/helmfile/state/release.go:139.2,139.34 1 25
github.com/seredavin/helmfile-validate/pkg/helmfile/state/release.go:139.34,140.25 1 8
github.com/seredavin/helmfile-validate/pkg/helmfile/state/release.go:141.15,143.18 2 5
github.com/seredavin/helmfile-validate/pkg/helmfile/state/release.go:143.18,145.5 1 0
github.com/seredavin/helmfile-validate/pkg/helmfile/state/release.go:146.4,146.33 1 5
github.com/seredavin/helmfile-validate/pkg/helmfile/state/release.go:147.20,149.18 2 0
github.com/seredavin/helmfile-validate/pkg/helmfile/state/release.go:149.18,151.5 1 0
github.com/seredavin/helmfile-validate/pkg/helmfile/state/release.go:152.4,152.24 1 0
github.com/seredavin/helmfile-validate/pkg/helmfile/state/release.go:156.2,156.35 1 25
github.com/seredavin/helmfile-validate/pkg/helmfile/state/release.go:156.35,157.25 1 3
github.com/seredavin/helmfile-validate/pkg/helmfile/state/release.go:158.15,160.18 2 3
github.com/seredavin/helmfile-validate/pkg/helmfile/state/release.go:160.18,162.5 1 0
github.com/seredavin/helmfile-validate/pkg/helmfile/state/release.go:163.4,163.34 1 3
github.com/seredavin/helmfile-validate/pkg/helmfile/state/release.go:167.2,167.39 1 25
github.com/seredavin/helmfile-validate/pkg/helmfile/state/release.go:167.39,168.48 1 2
github.com/seredavin/helmfile-validate/pkg/helmfile/state/release.go:168.48,169.4 1 8
github.com/seredavin/helmfile-validate/pkg/helmfile/state/release.go:169.4,173.19 3 8
github.com/seredavin/helmfile-validate/pkg/helmfile/state/release.go:173.19,175.6 1 0
github.com/seredavin/helmfile-validate/pkg/helmfile/state/release.go:176.5,176.50 1 8
github.com/seredavin/helmfile-validate/pkg/helmfile/state/release.go:178.4,182.19 3 8
github.com/seredavin/helmfile-validate/pkg/helmfile/state/release.go:182.19,184.6 1 0
github.com/seredavin/helmfile-validate/pkg/helmfile/state/release.go:185.5,185.51 1 8
github.com/seredavin/helmfile-validate/pkg/helmfile/state/release.go:187.4,191.19 3 8
github.com/seredavin/helmfile-validate/pkg/helmfile/state/release.go:191.19,193.6 1 0
github.com/seredavin/helmfile-validate/pkg/helmfile/state/release.go:194.5,194.50 1 8
github.com/seredavin/helmfile-validate/pkg/helmfile/state/release.go:196.4,196.34 1 8
github.com/seredavin/helmfile-validate/pkg/helmfile/state/release.go:196.34,199.19 2 4
github.com/seredavin/helmfile-validate/pkg/helmfile/state/release.go:199.19,201.6 1 0
github.com/seredavin/helmfile-validate/pkg/helmfile/state/release.go:202.5,202.55 1 4
github.com/seredavin/helmfile-validate/pkg/helmfile/state/release.go:206.3,208.58 3 2
github.com/seredavin/helmfile-validate/pkg/helmfile/state/release.go:211.2,211.33 1 25
github.com/seredavin/helmfile-validate/pkg/helmfile/state/release.go:211.33,213.17 2 0
github.com/seredavin/helmfile-validate/pkg/helmfile/state/release.go:213.17,215.4 1 0
github.com/seredavin/helmfile-validate/pkg/helmfile/state/release.go:216.3,216.31 1 0
github.com/seredavin/helmfile-validate/pkg/helmfile/state/release.go:219.2,219.20 1 25
github.com/seredavin/helmfile-validate/pkg/helmfile/state/release.go:222.52,224.16 2 25
github.com/seredavin/helmfile-validate/pkg/helmfile/state/release.go:224.16,226.3 1 0
github.com/seredavin/helmfile-validate/pkg/helmfile/state/release.go:228.2,230.66 2 25
github.com/seredavin/helmfile-validate/pkg/helmfile/state/release.go:230.66,232.3 1 0
github.com/seredavin/helmfile-validate/pkg/helmfile/state/release.go:234.2,234.27 1 25
github.com/seredavin/helmfile-validate/pkg/helmfile/state/release.go:237.37,239.2 1 116
github.com/seredavin/helmfile-validate/pkg/helmfile/state/release_error.go:15.39,17.2 1 2
github.com/seredavin/helmfile-validate/pkg/helmfile/state/release_error.go:19.79,25.2 1 5
github.com/seredavin/helmfile-validate/pkg/helmfile/state/release_error.go:27.75,31.2 2 5
github.com/seredavin/helmfile-validate/pkg/helmfile/state/release_filters.go:23.48,24.31 1 109
github.com/seredavin/helmfile-validate/pkg/helmfile/state/release_filters.go:24.31,25.44 1 66
github.com/seredavin/helmfile-validate/pkg/helmfile/state/release_filters.go:25.44,28.36 3 68
github.com/seredavin/helmfile-validate/pkg/helmfile/state/release_filters.go:28.36,30.5 1 18
github.com/seredavin/helmfile-validate/pkg/helmfile/state/release_filters.go:30.10,30.24 1 50
github.com/seredavin/helmfile-validate/pkg/helmfile/state/release_filters.go:30.24,32.5 1 27
github.com/seredavin/helmfile-validate/pkg/helmfile/state/release_filters.go:36.2,36.31 1 64
github.com/seredavin/helmfile-validate/pkg/helmfile/state/release_filters.go:36.31,37.44 1 48
github.com/seredavin/helmfile-validate/pkg/helmfile/state/release_filters.go:37.44,40.36 3 58
github.com/seredavin/helmfile-validate/pkg/helmfile/state/release_filters.go:40.37,42.5 0 26
github.com/seredavin/helmfile-validate/pkg/helmfile/state/release_filters.go:42.10,42.24 1 32
github.com/seredavin/helmfile-validate/pkg/helmfile/state/release_filters.go:42.24,44.5 1 15
github.com/seredavin/helmfile-validate/pkg/helmfile/state/release_filters.go:47.2,47.13 1 49
github.com/seredavin/helmfile-validate/pkg/helmfile/state/release_filters.go:51.49,59.31 8 28
github.com/seredavin/helmfile-validate/pkg/helmfile/state/release_filters.go:59.31,60.53 1 33
github.com/seredavin/helmfile-validate/pkg/helmfile/state/release_filters.go:60.53,63.4 2 12
github.com/seredavin/helmfile-validate/pkg/helmfile/state/release_filters.go:63.9,63.56 1 21
github.com/seredavin/helmfile-validate/pkg/helmfile/state/release_filters.go:63.56,66.4 2 17
github.com/seredavin/helmfile-validate/pkg/helmfile/state/release_filters.go:66.9,68.4 1 4
github.com/seredavin/helmfile-validate/pkg/helmfile/state/release_filters.go:70.2,70.16 1 24
github.com/seredavin/helmfile-validate/pkg/helmfile/state/state.go:111.69,113.50 2 50
github.com/seredavin/helmfile-validate/pkg/helmfile/state/state.go:113.50,115.3 1 0
github.com/seredavin/helmfile-validate/pkg/helmfile/state/state.go:117.2,117.41 1 50
github.com/seredavin/helmfile-validate/pkg/helmfile/state/state.go:445.67,447.42 2 0
github.com/seredavin/helmfile-validate/pkg/helmfile/state/state.go:447.42,449.43 2 0
github.com/seredavin/helmfile-validate/pkg/helmfile/state/state.go:449.43,451.4 1 0
github.com/seredavin/helmfile-validate/pkg/helmfile/state/state.go:452.3,454.13 3 0
github.com/seredavin/helmfile-validate/pkg/helmfile/state/state.go:456.2,457.12 2 0
github.com/seredavin/helmfile-validate/pkg/helmfile/state/state.go:463.47,464.23 1 48
github.com/seredavin/helmfile-validate/pkg/helmfile/state/state.go:464.23,466.3 1 0
github.com/seredavin/helmfile-validate/pkg/helmfile/state/state.go:467.2,467.16 1 48
github.com/seredavin/helmfile-validate/pkg/helmfile/state/state.go:517.59,520.37 3 158
github.com/seredavin/helmfile-validate/pkg/helmfile/state/state.go:520.37,524.35 3 0
github.com/seredavin/helmfile-validate/pkg/helmfile/state/state.go:524.35,526.4 1 0
github.com/seredavin/helmfile-validate/pkg/helmfile/state/state.go:527.3,527.33 1 0
github.com/seredavin/helmfile-validate/pkg/helmfile/state/state.go:527.33,529.4 1 0
github.com/seredavin/helmfile-validate/pkg/helmfile/state/state.go:531.3,531.94 1 0
github.com/seredavin/helmfile-validate/pkg/helmfile/state/state.go:536.2,536.39 1 158
github.com/seredavin/helmfile-validate/pkg/helmfile/state/state.go:536.39,545.26 5 4
github.com/seredavin/helmfile-validate/pkg/helmfile/state/state.go:545.26,547.4 1 2
github.com/seredavin/helmfile-validate/pkg/helmfile/state/state.go:547.9,549.4 1 2
github.com/seredavin/helmfile-validate/pkg/helmfile/state/state.go:551.3,551.26 1 4
github.com/seredavin/helmfile-validate/pkg/helmfile/state/state.go:551.26,555.4 1 0
github.com/seredavin/helmfile-validate/pkg/helmfile/state/state.go:555.9,557.4 1 4
github.com/seredavin/helmfile-validate/pkg/helmfile/state/state.go:559.3,559.94 1 4
github.com/seredavin/helmfile-validate/pkg/helmfile/state/state.go:559.94,561.4 1 4
github.com/seredavin/helmfile-validate/pkg/helmfile/state/state.go:563.3,565.24 2 4
github.com/seredavin/helmfile-validate/pkg/helmfile/state/state.go:565.24,567.4 1 0
github.com/seredavin/helmfile-validate/pkg/helmfile/state/state.go:574.3,574.36 1 4
github.com/seredavin/helmfile-validate/pkg/helmfile/state/state.go:574.36,576.4 1 4
github.com/seredavin/helmfile-validate/pkg/helmfile/state/state.go:578.3,580.68 2 4
github.com/seredavin/helmfile-validate/pkg/helmfile/state/state.go:582.2,582.14 1 158
github.com/seredavin/helmfile-validate/pkg/helmfile/state/state.go:585.56,586.34 1 158
github.com/seredavin/helmfile-validate/pkg/helmfile/state/state.go:586.34,588.3 1 0
github.com/seredavin/helmfile-validate/pkg/helmfile/state/state.go:589.2,589.32 1 158
github.com/seredavin/helmfile-validate/pkg/helmfile/state/state.go:589.32,591.3 1 3
github.com/seredavin/helmfile-validate/pkg/helmfile/state/state.go:593.2,593.32 1 158
github.com/seredavin/helmfile-validate/pkg/helmfile/state/state.go:604.96,607.39 2 12
github.com/seredavin/helmfile-validate/pkg/helmfile/state/state.go:607.39,608.28 1 12
github.com/seredavin/helmfile-validate/pkg/helmfile/state/state.go:608.28,609.12 1 0
github.com/seredavin/helmfile-validate/pkg/helmfile/state/state.go:611.3,613.15 3 12
github.com/seredavin/helmfile-validate/pkg/helmfile/state/state.go:613.15,618.4 2 3
github.com/seredavin/helmfile-validate/pkg/helmfile/state/state.go:618.9,620.4 1 9
github.com/seredavin/helmfile-validate/pkg/helmfile/state/state.go:622.3,622.17 1 12
github.com/seredavin/helmfile-validate/pkg/helmfile/state/state.go:622.17,624.4 1 0
github.com/seredavin/helmfile-validate/pkg/helmfile/state/state.go:626.3,626.39 1 12
github.com/seredavin/helmfile-validate/pkg/helmfile/state/state.go:629.2,629.21 1 12
github.com/seredavin/helmfile-validate/pkg/helmfile/state/state.go:632.83,636.20 3 15
github.com/seredavin/helmfile-validate/pkg/helmfile/state/state.go:636.20,638.3 1 7
github.com/seredavin/helmfile-validate/pkg/helmfile/state/state.go:638.8,638.82 1 8
github.com/seredavin/helmfile-validate/pkg/helmfile/state/state.go:638.82,640.3 1 3
github.com/seredavin/helmfile-validate/pkg/helmfile/state/state.go:642.2,642.20 1 15
github.com/seredavin/helmfile-validate/pkg/helmfile/state/state.go:642.20,644.3 1 7
github.com/seredavin/helmfile-validate/pkg/helmfile/state/state.go:644.8,644.82 1 8
github.com/seredavin/helmfile-validate/pkg/helmfile/state/state.go:644.82,646.3 1 3
github.com/seredavin/helmfile-validate/pkg/helmfile/state/state.go:648.2,648.19 1 15
github.com/seredavin/helmfile-validate/pkg/helmfile/state/state.go:660.45,667.47 4 9
github.com/seredavin/helmfile-validate/pkg/helmfile/state/state.go:667.47,669.3 1 7
github.com/seredavin/helmfile-validate/pkg/helmfile/state/state.go:671.2,671.12 1 2
github.com/seredavin/helmfile-validate/pkg/helmfile/state/state.go:686.158,688.24 2 38
github.com/seredavin/helmfile-validate/pkg/helmfile/state/state.go:688.24,690.3 1 38
github.com/seredavin/helmfile-validate/pkg/helmfile/state/state.go:692.2,693.29 2 38
github.com/seredavin/helmfile-validate/pkg/helmfile/state/state.go:693.29,695.3 1 46
github.com/seredavin/helmfile-validate/pkg/helmfile/state/state.go:697.2,709.10 7 38
github.com/seredavin/helmfile-validate/pkg/helmfile/state/state.go:709.10,710.37 1 38
github.com/seredavin/helmfile-validate/pkg/helmfile/state/state.go:710.37,712.5 1 46
github.com/seredavin/helmfile-validate/pkg/helmfile/state/state.go:713.4,713.15 1 38
github.com/seredavin/helmfile-validate/pkg/helmfile/state/state.go:715.25,716.30 1 38
github.com/seredavin/helmfile-validate/pkg/helmfile/state/state.go:716.30,726.27 3 46
github.com/seredavin/helmfile-validate/pkg/helmfile/state/state.go:726.27,728.14 2 6
github.com/seredavin/helmfile-validate/pkg/helmfile/state/state.go:733.5,736.24 4 40
github.com/seredavin/helmfile-validate/pkg/helmfile/state/state.go:736.24,738.14 2 2
github.com/seredavin/helmfile-validate/pkg/helmfile/state/state.go:741.5,741.44 1 38
github.com/seredavin/helmfile-validate/pkg/helmfile/state/state.go:741.44,743.20 2 0
github.com/seredavin/helmfile-validate/pkg/helmfile/state/state.go:743.20,745.7 1 0
github.com/seredavin/helmfile-validate/pkg/helmfile/state/state.go:747.6,748.20 2 0
github.com/seredavin/helmfile-validate/pkg/helmfile/state/state.go:748.20,750.7 1 0
github.com/seredavin/helmfile-validate/pkg/helmfile/state/state.go:750.12,750.20 1 0
github.com/seredavin/helmfile-validate/pkg/helmfile/state/state.go:750.20,752.7 1 0
github.com/seredavin/helmfile-validate/pkg/helmfile/state/state.go:753.6,753.48 1 0
github.com/seredavin/helmfile-validate/pkg/helmfile/state/state.go:756.5,756.24 1 38
github.com/seredavin/helmfile-validate/pkg/helmfile/state/state.go:756.24,757.33 1 0
github.com/seredavin/helmfile-validate/pkg/helmfile/state/state.go:757.33,759.7 1 0
github.com/seredavin/helmfile-validate/pkg/helmfile/state/state.go:762.5,762.22 1 38
github.com/seredavin/helmfile-validate/pkg/helmfile/state/state.go:762.22,764.6 1 0
github.com/seredavin/helmfile-validate/pkg/helmfile/state/state.go:766.5,768.22 2 38
github.com/seredavin/helmfile-validate/pkg/helmfile/state/state.go:768.22,770.14 2 0
github.com/seredavin/helmfile-validate/pkg/helmfile/state/state.go:773.5,773.106 1 38
github.com/seredavin/helmfile-validate/pkg/helmfile/state/state.go:776.10,777.33 1 38
github.com/seredavin/helmfile-validate/pkg/helmfile/state/state.go:777.33,779.32 2 46
github.com/seredavin/helmfile-validate/pkg/helmfile/state/state.go:779.32,781.6 1 2
github.com/seredavin/helmfile-validate/pkg/helmfile/state/state.go:782.5,783.8 2 46
github.com/seredavin/helmfile-validate/pkg/helmfile/state/state.go:788.2,788.18 1 38
github.com/seredavin/helmfile-validate/pkg/helmfile/state/state.go:791.131,792.66 1 8
github.com/seredavin/helmfile-validate/pkg/helmfile/state/state.go:792.66,796.30 3 0
github.com/seredavin/helmfile-validate/pkg/helmfile/state/state.go:796.30,798.4 1 0
github.com/seredavin/helmfile-validate/pkg/helmfile/state/state.go:799.3,800.17 2 0
github.com/seredavin/helmfile-validate/pkg/helmfile/state/state.go:800.17,803.104 2 0
github.com/seredavin/helmfile-validate/pkg/helmfile/state/state.go:803.104,805.5 1 0
github.com/seredavin/helmfile-validate/pkg/helmfile/state/state.go:807.3,807.25 1 0
github.com/seredavin/helmfile-validate/pkg/helmfile/state/state.go:810.2,811.16 2 8
github.com/seredavin/helmfile-validate/pkg/helmfile/state/state.go:811.16,813.3 1 1
github.com/seredavin/helmfile-validate/pkg/helmfile/state/state.go:814.2,814.23 1 7
github.com/seredavin/helmfile-validate/pkg/helmfile/state/state.go:817.127,819.26 2 0
github.com/seredavin/helmfile-validate/pkg/helmfile/state/state.go:819.26,822.25 2 0
github.com/seredavin/helmfile-validate/pkg/helmfile/state/state.go:822.25,824.18 2 0
github.com/seredavin/helmfile-validate/pkg/helmfile/state/state.go:824.18,826.5 1 0
github.com/seredavin/helmfile-validate/pkg/helmfile/state/state.go:827.4,827.17 1 0
github.com/seredavin/helmfile-validate/pkg/helmfile/state/state.go:827.17,831.5 2 0
github.com/seredavin/helmfile-validate/pkg/helmfile/state/state.go:834.2,834.21 1 0
github.com/seredavin/helmfile-validate/pkg/helmfile/state/state.go:837.120,839.26 2 0
github.com/seredavin/helmfile-validate/pkg/helmfile/state/state.go:839.26,843.17 3 0
github.com/seredavin/helmfile-validate/pkg/helmfile/state/state.go:843.17,845.4 1 0
github.com/seredavin/helmfile-validate/pkg/helmfile/state/state.go:845.9,845.23 1 0
github.com/seredavin/helmfile-validate/pkg/helmfile/state/state.go:845.23,849.4 2 0
github.com/seredavin/helmfile-validate/pkg/helmfile/state/state.go:851.2,851.22 1 0
github.com/seredavin/helmfile-validate/pkg/helmfile/state/state.go:875.42,877.2 1 38
github.com/seredavin/helmfile-validate/pkg/helmfile/state/state.go:879.41,883.14 3 56
github.com/seredavin/helmfile-validate/pkg/helmfile/state/state.go:883.14,885.3 1 0
github.com/seredavin/helmfile-validate/pkg/helmfile/state/state.go:887.2,889.14 2 56
github.com/seredavin/helmfile-validate/pkg/helmfile/state/state.go:889.14,891.3 1 4
github.com/seredavin/helmfile-validate/pkg/helmfile/state/state.go:893.2,893.14 1 56
github.com/seredavin/helmfile-validate/pkg/helmfile/state/state.go:893.14,894.15 1 0
github.com/seredavin/helmfile-validate/pkg/helmfile/state/state.go:894.15,903.4 1 0
github.com/seredavin/helmfile-validate/pkg/helmfile/state/state.go:906.2,908.11 2 56
github.com/seredavin/helmfile-validate/pkg/helmfile/state/state.go:911.90,912.113 1 16
github.com/seredavin/helmfile-validate/pkg/helmfile/state/state.go:912.113,915.35 3 3
github.com/seredavin/helmfile-validate/pkg/helmfile/state/state.go:915.35,917.4 1 0
github.com/seredavin/helmfile-validate/pkg/helmfile/state/state.go:918.3,918.19 1 3
github.com/seredavin/helmfile-validate/pkg/helmfile/state/state.go:918.19,922.4 3 1
github.com/seredavin/helmfile-validate/pkg/helmfile/state/state.go:924.2,924.13 1 16
github.com/seredavin/helmfile-validate/pkg/helmfile/state/state.go:928.146,935.22 5 0
github.com/seredavin/helmfile-validate/pkg/helmfile/state/state.go:935.22,937.3 1 0
github.com/seredavin/helmfile-validate/pkg/helmfile/state/state.go:939.2,944.10 2 0
github.com/seredavin/helmfile-validate/pkg/helmfile/state/state.go:944.10,945.39 1 0
github.com/seredavin/helmfile-validate/pkg/helmfile/state/state.go:945.39,947.5 1 0
github.com/seredavin/helmfile-validate/pkg/helmfile/state/state.go:948.4,948.19 1 0
github.com/seredavin/helmfile-validate/pkg/helmfile/state/state.go:950.25,951.34 1 0
github.com/seredavin/helmfile-validate/pkg/helmfile/state/state.go:951.34,955.70 3 0
github.com/seredavin/helmfile-validate/pkg/helmfile/state/state.go:955.70,957.6 1 0
github.com/seredavin/helmfile-validate/pkg/helmfile/state/state.go:957.11,959.33 2 0
github.com/seredavin/helmfile-validate/pkg/helmfile/state/state.go:959.33,961.7 1 0
github.com/seredavin/helmfile-validate/pkg/helmfile/state/state.go:962.6,968.92 6 0
github.com/seredavin/helmfile-validate/pkg/helmfile/state/state.go:968.92,972.7 3 0
github.com/seredavin/helmfile-validate/pkg/helmfile/state/state.go:972.12,972.95 1 0
github.com/seredavin/helmfile-validate/pkg/helmfile/state/state.go:972.95,976.7 3 0
github.com/seredavin/helmfile-validate/pkg/helmfile/state/state.go:976.12,976.100 1 0
github.com/seredavin/helmfile-validate/pkg/helmfile/state/state.go:976.100,980.7 3 0
github.com/seredavin/helmfile-validate/pkg/helmfile/state/state.go:980.12,982.7 1 0
github.com/seredavin/helmfile-validate/pkg/helmfile/state/state.go:983.6,984.16 2 0
github.com/seredavin/helmfile-validate/pkg/helmfile/state/state.go:987.5,987.79 1 0
github.com/seredavin/helmfile-validate/pkg/helmfile/state/state.go:987.79,989.6 1 0
github.com/seredavin/helmfile-validate/pkg/helmfile/state/state.go:991.5,991.70 1 0
github.com/seredavin/helmfile-validate/pkg/helmfile/state/state.go:991.70,993.6 1 0
github.com/seredavin/helmfile-validate/pkg/helmfile/state/state.go:995.5,995.22 1 0
github.com/seredavin/helmfile-validate/pkg/helmfile/state/state.go:995.22,997.6 1 0
github.com/seredavin/helmfile-validate/pkg/helmfile/state/state.go:997.11,999.6 1 0
github.com/seredavin/helmfile-validate/pkg/helmfile/state/state.go:1002.10,1003.35 1 0
github.com/seredavin/helmfile-validate/pkg/helmfile/state/state.go:1003.35,1005.28 2 0
github.com/seredavin/helmfile-validate/pkg/helmfile/state/state.go:1005.28,1006.35 1 0
github.com/seredavin/helmfile-validate/pkg/helmfile/state/state.go:1006.35,1008.7 1 0
github.com/seredavin/helmfile-validate/pkg/helmfile/state/state.go:1010.5,1010.8 1 0
github.com/seredavin/helmfile-validate/pkg/helmfile/state/state.go:1014.2,1014.19 1 0
github.com/seredavin/helmfile-validate/pkg/helmfile/state/state.go:1014.19,1016.3 1 0
github.com/seredavin/helmfile-validate/pkg/helmfile/state/state.go:1017.2,1017.12 1 0
github.com/seredavin/helmfile-validate/pkg/helmfile/state/state.go:1021.164,1023.24 2 26
github.com/seredavin/helmfile-validate/pkg/helmfile/state/state.go:1023.24,1025.3 1 0
github.com/seredavin/helmfile-validate/pkg/helmfile/state/state.go:1027.2,1029.23 2 26
github.com/seredavin/helmfile-validate/pkg/helmfile/state/state.go:1029.23,1030.16 1 26
github.com/seredavin/helmfile-validate/pkg/helmfile/state/state.go:1030.16,1031.28 1 26
github.com/seredavin/helmfile-validate/pkg/helmfile/state/state.go:1031.28,1033.5 1 34
github.com/seredavin/helmfile-validate/pkg/helmfile/state/state.go:1037.2,1037.23 1 26
github.com/seredavin/helmfile-validate/pkg/helmfile/state/state.go:1037.23,1039.3 1 2
github.com/seredavin/helmfile-validate/pkg/helmfile/state/state.go:1041.2,1044.22 4 24
github.com/seredavin/helmfile-validate/pkg/helmfile/state/state.go:1044.22,1046.3 1 0
github.com/seredavin/helmfile-validate/pkg/helmfile/state/state.go:1048.2,1053.10 2 24
github.com/seredavin/helmfile-validate/pkg/helmfile/state/state.go:1053.10,1054.36 1 24
github.com/seredavin/helmfile-validate/pkg/helmfile/state/state.go:1054.36,1056.5 1 32
github.com/seredavin/helmfile-validate/pkg/helmfile/state/state.go:1057.4,1057.19 1 24
github.com/seredavin/helmfile-validate/pkg/helmfile/state/state.go:1059.25,1060.31 1 24
github.com/seredavin/helmfile-validate/pkg/helmfile/state/state.go:1060.31,1068.70 7 32
github.com/seredavin/helmfile-validate/pkg/helmfile/state/state.go:1068.70,1070.6 1 0
github.com/seredavin/helmfile-validate/pkg/helmfile/state/state.go:1070.11,1070.34 1 32
github.com/seredavin/helmfile-validate/pkg/helmfile/state/state.go:1070.34,1072.20 2 6
github.com/seredavin/helmfile-validate/pkg/helmfile/state/state.go:1072.20,1074.7 1 0
github.com/seredavin/helmfile-validate/pkg/helmfile/state/state.go:1074.12,1074.26 1 6
github.com/seredavin/helmfile-validate/pkg/helmfile/state/state.go:1074.26,1078.93 4 4
github.com/seredavin/helmfile-validate/pkg/helmfile/state/state.go:1078.93,1081.8 2 0
github.com/seredavin/helmfile-validate/pkg/helmfile/state/state.go:1081.13,1081.96 1 4
github.com/seredavin/helmfile-validate/pkg/helmfile/state/state.go:1081.96,1084.8 2 0
github.com/seredavin/helmfile-validate/pkg/helmfile/state/state.go:1084.13,1084.101 1 4
github.com/seredavin/helmfile-validate/pkg/helmfile/state/state.go:1084.101,1087.8 2 0
github.com/seredavin/helmfile-validate/pkg/helmfile/state/state.go:1087.13,1089.8 1 4
github.com/seredavin/helmfile-validate/pkg/helmfile/state/state.go:1090.7,1090.17 1 4
github.com/seredavin/helmfile-validate/pkg/helmfile/state/state.go:1092.11,1092.76 1 26
github.com/seredavin/helmfile-validate/pkg/helmfile/state/state.go:1092.76,1094.6 1 4
github.com/seredavin/helmfile-validate/pkg/helmfile/state/state.go:1094.11,1095.104 1 22
github.com/seredavin/helmfile-validate/pkg/helmfile/state/state.go:1095.104,1100.7 4 3
github.com/seredavin/helmfile-validate/pkg/helmfile/state/state.go:1100.12,1105.21 5 19
github.com/seredavin/helmfile-validate/pkg/helmfile/state/state.go:1105.21,1107.8 1 12
github.com/seredavin/helmfile-validate/pkg/helmfile/state/state.go:1107.13,1109.8 1 7
github.com/seredavin/helmfile-validate/pkg/helmfile/state/state.go:1113.5,1113.79 1 32
github.com/seredavin/helmfile-validate/pkg/helmfile/state/state.go:1113.79,1114.23 1 0
github.com/seredavin/helmfile-validate/pkg/helmfile/state/state.go:1114.23,1116.7 1 0
github.com/seredavin/helmfile-validate/pkg/helmfile/state/state.go:1116.12,1118.7 1 0
github.com/seredavin/helmfile-validate/pkg/helmfile/state/state.go:1121.5,1121.70 1 32
github.com/seredavin/helmfile-validate/pkg/helmfile/state/state.go:1121.70,1122.23 1 0
github.com/seredavin/helmfile-validate/pkg/helmfile/state/state.go:1122.23,1124.7 1 0
github.com/seredavin/helmfile-validate/pkg/helmfile/state/state.go:1124.12,1126.7 1 0
github.com/seredavin/helmfile-validate/pkg/helmfile/state/state.go:1128.5,1130.22 2 32
github.com/seredavin/helmfile-validate/pkg/helmfile/state/state.go:1130.22,1132.6 1 29
github.com/seredavin/helmfile-validate/pkg/helmfile/state/state.go:1132.11,1134.6 1 3
github.com/seredavin/helmfile-validate/pkg/helmfile/state/state.go:1137.10,1138.32 1 24
github.com/seredavin/helmfile-validate/pkg/helmfile/state/state.go:1138.32,1140.28 2 32
github.com/seredavin/helmfile-validate/pkg/helmfile/state/state.go:1140.28,1141.35 1 3
github.com/seredavin/helmfile-validate/pkg/helmfile/state/state.go:1141.35,1143.7 1 3
github.com/seredavin/helmfile-validate/pkg/helmfile/state/state.go:1145.5,1145.8 1 32
github.com/seredavin/helmfile-validate/pkg/helmfile/state/state.go:1149.2,1149.19 1 24
github.com/seredavin/helmfile-validate/pkg/helmfile/state/state.go:1149.19,1151.3 1 2
github.com/seredavin/helmfile-validate/pkg/helmfile/state/state.go:1152.2,1152.12 1 22
github.com/seredavin/helmfile-validate/pkg/helmfile/state/state.go:1155.227,1156.100 1 4
github.com/seredavin/helmfile-validate/pkg/helmfile/state/state.go:1156.100,1159.59 2 1
github.com/seredavin/helmfile-validate/pkg/helmfile/state/state.go:1159.59,1165.4 5 0
github.com/seredavin/helmfile-validate/pkg/helmfile/state/state.go:1166.8,1172.17 6 3
github.com/seredavin/helmfile-validate/pkg/helmfile/state/state.go:1172.17,1174.4 1 3
github.com/seredavin/helmfile-validate/pkg/helmfile/state/state.go:1174.9,1176.4 1 0
github.com/seredavin/helmfile-validate/pkg/helmfile/state/state.go:1177.3,1177.13 1 3
github.com/seredavin/helmfile-validate/pkg/helmfile/state/state.go:1180.2,1182.16 3 1
github.com/seredavin/helmfile-validate/pkg/helmfile/state/state.go:1182.16,1184.3 1 0
github.com/seredavin/helmfile-validate/pkg/helmfile/state/state.go:1185.2,1185.15 1 1
github.com/seredavin/helmfile-validate/pkg/helmfile/state/state.go:1185.15,1187.30 2 1
github.com/seredavin/helmfile-validate/pkg/helmfile/state/state.go:1187.30,1189.4 1 0
github.com/seredavin/helmfile-validate/pkg/helmfile/state/state.go:1190.3,1195.89 6 1
github.com/seredavin/helmfile-validate/pkg/helmfile/state/state.go:1195.89,1198.4 2 0
github.com/seredavin/helmfile-validate/pkg/helmfile/state/state.go:1198.9,1198.92 1 1
github.com/seredavin/helmfile-validate/pkg/helmfile/state/state.go:1198.92,1201.4 2 0
github.com/seredavin/helmfile-validate/pkg/helmfile/state/state.go:1201.9,1201.97 1 1
github.com/seredavin/helmfile-validate/pkg/helmfile/state/state.go:1201.97,1204.4 2 0
github.com/seredavin/helmfile-validate/pkg/helmfile/state/state.go:1205.3,1205.13 1 1
github.com/seredavin/helmfile-validate/pkg/helmfile/state/state.go:1207.2,1207.100 1 1
github.com/seredavin/helmfile-validate/pkg/helmfile/state/state.go:1207.100,1212.3 4 0
github.com/seredavin/helmfile-validate/pkg/helmfile/state/state.go:1212.8,1217.17 5 1
github.com/seredavin/helmfile-validate/pkg/helmfile/state/state.go:1217.17,1219.4 1 1
github.com/seredavin/helmfile-validate/pkg/helmfile/state/state.go:1219.9,1221.4 1 0
github.com/seredavin/helmfile-validate/pkg/helmfile/state/state.go:1223.2,1223.12 1 1
github.com/seredavin/helmfile-validate/pkg/helmfile/state/state.go:1226.128,1228.29 2 31
github.com/seredavin/helmfile-validate/pkg/helmfile/state/state.go:1228.29,1230.3 1 1
github.com/seredavin/helmfile-validate/pkg/helmfile/state/state.go:1231.2,1232.59 2 31
github.com/seredavin/helmfile-validate/pkg/helmfile/state/state.go:1235.134,1237.69 1 23
github.com/seredavin/helmfile-validate/pkg/helmfile/state/state.go:1237.69,1242.24 4 23
github.com/seredavin/helmfile-validate/pkg/helmfile/state/state.go:1242.24,1244.4 1 4
github.com/seredavin/helmfile-validate/pkg/helmfile/state/state.go:1244.9,1246.18 2 19
github.com/seredavin/helmfile-validate/pkg/helmfile/state/state.go:1246.18,1248.5 1 16
github.com/seredavin/helmfile-validate/pkg/helmfile/state/state.go:1249.4,1249.37 1 3
github.com/seredavin/helmfile-validate/pkg/helmfile/state/state.go:1251.8,1253.3 1 0
github.com/seredavin/helmfile-validate/pkg/helmfile/state/state.go:1256.63,1259.29 2 1
github.com/seredavin/helmfile-validate/pkg/helmfile/state/state.go:1259.29,1260.18 1 5
github.com/seredavin/helmfile-validate/pkg/helmfile/state/state.go:1260.18,1262.4 1 5
github.com/seredavin/helmfile-validate/pkg/helmfile/state/state.go:1265.2,1265.15 1 1
github.com/seredavin/helmfile-validate/pkg/helmfile/state/state.go:1268.67,1270.29 2 0
github.com/seredavin/helmfile-validate/pkg/helmfile/state/state.go:1270.29,1271.95 1 0
github.com/seredavin/helmfile-validate/pkg/helmfile/state/state.go:1271.95,1273.4 1 0
github.com/seredavin/helmfile-validate/pkg/helmfile/state/state.go:1275.2,1275.25 1 0
github.com/seredavin/helmfile-validate/pkg/helmfile/state/state.go:1318.100,1320.21 2 370
github.com/seredavin/helmfile-validate/pkg/helmfile/state/state.go:1320.21,1322.3 1 183
github.com/seredavin/helmfile-validate/pkg/helmfile/state/state.go:1323.2,1324.36 2 187
github.com/seredavin/helmfile-validate/pkg/helmfile/state/state.go:1324.36,1325.21 1 16
github.com/seredavin/helmfile-validate/pkg/helmfile/state/state.go:1325.21,1327.4 1 16
github.com/seredavin/helmfile-validate/pkg/helmfile/state/state.go:1329.2,1329.23 1 171
github.com/seredavin/helmfile-validate/pkg/helmfile/state/state.go:1337.65,1339.8 2 0
github.com/seredavin/helmfile-validate/pkg/helmfile/state/state.go:1339.8,1341.3 1 0
github.com/seredavin/helmfile-validate/pkg/helmfile/state/state.go:1342.2,1344.33 3 0
github.com/seredavin/helmfile-validate/pkg/helmfile/state/state.go:1364.81,1368.58 2 11
github.com/seredavin/helmfile-validate/pkg/helmfile/state/state.go:1368.58,1369.17 1 1
github.com/seredavin/helmfile-validate/pkg/helmfile/state/state.go:1369.18,1369.19 0 0
github.com/seredavin/helmfile-validate/pkg/helmfile/state/state.go:1373.2,1374.16 2 10
github.com/seredavin/helmfile-validate/pkg/helmfile/state/state.go:1374.16,1375.17 1 1
github.com/seredavin/helmfile-validate/pkg/helmfile/state/state.go:1375.18,1375.19 0 0
github.com/seredavin/helmfile-validate/pkg/helmfile/state/state.go:1378.2,1379.20 2 9
github.com/seredavin/helmfile-validate/pkg/helmfile/state/state.go:1379.20,1381.76 1 8
github.com/seredavin/helmfile-validate/pkg/helmfile/state/state.go:1381.76,1383.4 1 0
github.com/seredavin/helmfile-validate/pkg/helmfile/state/state.go:1387.2,1398.57 4 9
github.com/seredavin/helmfile-validate/pkg/helmfile/state/state.go:1398.57,1400.3 1 1
github.com/seredavin/helmfile-validate/pkg/helmfile/state/state.go:1403.2,1404.40 2 8
github.com/seredavin/helmfile-validate/pkg/helmfile/state/state.go:1404.40,1406.51 2 12
github.com/seredavin/helmfile-validate/pkg/helmfile/state/state.go:1406.51,1410.32 2 10
github.com/seredavin/helmfile-validate/pkg/helmfile/state/state.go:1410.32,1414.19 3 8
github.com/seredavin/helmfile-validate/pkg/helmfile/state/state.go:1414.19,1416.6 1 0
github.com/seredavin/helmfile-validate/pkg/helmfile/state/state.go:1418.5,1420.20 3 8
github.com/seredavin/helmfile-validate/pkg/helmfile/state/state.go:1426.2,1426.14 1 8
github.com/seredavin/helmfile-validate/pkg/helmfile/state/state.go:1426.14,1428.17 2 6
github.com/seredavin/helmfile-validate/pkg/helmfile/state/state.go:1428.17,1430.4 1 0
github.com/seredavin/helmfile-validate/pkg/helmfile/state/state.go:1432.3,1432.72 1 6
github.com/seredavin/helmfile-validate/pkg/helmfile/state/state.go:1432.72,1434.4 1 0
github.com/seredavin/helmfile-validate/pkg/helmfile/state/state.go:1436.3,1436.93 1 6
github.com/seredavin/helmfile-validate/pkg/helmfile/state/state.go:1439.2,1439.21 1 8
github.com/seredavin/helmfile-validate/pkg/helmfile/state/state.go:1446.197,1450.40 1 0
github.com/seredavin/helmfile-validate/pkg/helmfile/state/state.go:1450.40,1452.17 2 0
github.com/seredavin/helmfile-validate/pkg/helmfile/state/state.go:1452.17,1454.4 1 0
github.com/seredavin/helmfile-validate/pkg/helmfile/state/state.go:1455.3,1455.23 1 0
github.com/seredavin/helmfile-validate/pkg/helmfile/state/state.go:1458.2,1467.14 3 0
github.com/seredavin/helmfile-validate/pkg/helmfile/state/state.go:1467.14,1469.3 1 0
github.com/seredavin/helmfile-validate/pkg/helmfile/state/state.go:1473.2,1473.27 1 0
github.com/seredavin/helmfile-validate/pkg/helmfile/state/state.go:1473.27,1475.132 2 0
github.com/seredavin/helmfile-validate/pkg/helmfile/state/state.go:1475.132,1477.4 1 0
github.com/seredavin/helmfile-validate/pkg/helmfile/state/state.go:1480.2,1481.29 2 0
github.com/seredavin/helmfile-validate/pkg/helmfile/state/state.go:1481.29,1483.3 1 0
github.com/seredavin/helmfile-validate/pkg/helmfile/state/state.go:1484.2,1491.24 5 0
github.com/seredavin/helmfile-validate/pkg/helmfile/state/state.go:1491.24,1493.3 1 0
github.com/seredavin/helmfile-validate/pkg/helmfile/state/state.go:1497.2,1498.29 2 0
github.com/seredavin/helmfile-validate/pkg/helmfile/state/state.go:1498.29,1500.3 1 0
github.com/seredavin/helmfile-validate/pkg/helmfile/state/state.go:1501.2,1508.25 3 0
github.com/seredavin/helmfile-validate/pkg/helmfile/state/state.go:1509.70,1511.25 1 0
github.com/seredavin/helmfile-validate/pkg/helmfile/state/state.go:1512.155,1514.26 1 0
github.com/seredavin/helmfile-validate/pkg/helmfile/state/state.go:1515.10,1517.25 1 0
github.com/seredavin/helmfile-validate/pkg/helmfile/state/state.go:1529.2,1529.21 1 0
github.com/seredavin/helmfile-validate/pkg/helmfile/state/state.go:1529.21,1538.90 3 0
github.com/seredavin/helmfile-validate/pkg/helmfile/state/state.go:1538.90,1540.4 1 0
github.com/seredavin/helmfile-validate/pkg/helmfile/state/state.go:1544.3,1544.82 1 0
github.com/seredavin/helmfile-validate/pkg/helmfile/state/state.go:1544.82,1546.4 1 0
github.com/seredavin/helmfile-validate/pkg/helmfile/state/state.go:1549.3,1549.30 1 0
github.com/seredavin/helmfile-validate/pkg/helmfile/state/state.go:1549.30,1550.39 1 0
github.com/seredavin/helmfile-validate/pkg/helmfile/state/state.go:1550.39,1552.5 1 0
github.com/seredavin/helmfile-validate/pkg/helmfile/state/state.go:1552.10,1554.5 1 0
github.com/seredavin/helmfile-validate/pkg/helmfile/state/state.go:1558.2,1559.16 2 0
github.com/seredavin/helmfile-validate/pkg/helmfile/state/state.go:1559.16,1561.3 1 0
github.com/seredavin/helmfile-validate/pkg/helmfile/state/state.go:1563.2,1567.34 3 0
github.com/seredavin/helmfile-validate/pkg/helmfile/state/state.go:1571.171,1573.42 2 0
github.com/seredavin/helmfile-validate/pkg/helmfile/state/state.go:1573.42,1577.17 4 0
github.com/seredavin/helmfile-validate/pkg/helmfile/state/state.go:1577.17,1579.4 1 0
github.com/seredavin/helmfile-validate/pkg/helmfile/state/state.go:1580.3,1580.83 1 0
github.com/seredavin/helmfile-validate/pkg/helmfile/state/state.go:1580.83,1582.4 1 0
github.com/seredavin/helmfile-validate/pkg/helmfile/state/state.go:1584.2,1584.23 1 0
github.com/seredavin/helmfile-validate/pkg/helmfile/state/state.go:1589.154,1595.103 2 0
github.com/seredavin/helmfile-validate/pkg/helmfile/state/state.go:1595.103,1598.3 2 0
github.com/seredavin/helmfile-validate/pkg/helmfile/state/state.go:1600.2,1601.16 2 0
github.com/seredavin/helmfile-validate/pkg/helmfile/state/state.go:1601.16,1603.3 1 0
github.com/seredavin/helmfile-validate/pkg/helmfile/state/state.go:1608.2,1608.70 1 0
github.com/seredavin/helmfile-validate/pkg/helmfile/state/state.go:1608.70,1611.3 2 0
github.com/seredavin/helmfile-validate/pkg/helmfile/state/state.go:1612.2,1612.16 1 0
github.com/seredavin/helmfile-validate/pkg/helmfile/state/state.go:1612.16,1614.3 1 0
github.com/seredavin/helmfile-validate/pkg/helmfile/state/state.go:1617.2,1617.47 1 0
github.com/seredavin/helmfile-validate/pkg/helmfile/state/state.go:1617.47,1621.3 3 0
github.com/seredavin/helmfile-validate/pkg/helmfile/state/state.go:1624.2,1627.61 4 0
github.com/seredavin/helmfile-validate/pkg/helmfile/state/state.go:1627.61,1630.3 2 0
github.com/seredavin/helmfile-validate/pkg/helmfile/state/state.go:1633.2,1634.16 2 0
github.com/seredavin/helmfile-validate/pkg/helmfile/state/state.go:1634.16,1636.3 1 0
github.com/seredavin/helmfile-validate/pkg/helmfile/state/state.go:1639.2,1645.23 3 0
github.com/seredavin/helmfile-validate/pkg/helmfile/state/state.go:1649.191,1650.28 1 0
github.com/seredavin/helmfile-validate/pkg/helmfile/state/state.go:1650.28,1652.3 1 0
github.com/seredavin/helmfile-validate/pkg/helmfile/state/state.go:1659.2,1659.76 1 0
github.com/seredavin/helmfile-validate/pkg/helmfile/state/state.go:1659.76,1661.3 1 0
github.com/seredavin/helmfile-validate/pkg/helmfile/state/state.go:1663.2,1666.16 3 0
github.com/seredavin/helmfile-validate/pkg/helmfile/state/state.go:1666.16,1668.3 1 0
github.com/seredavin/helmfile-validate/pkg/helmfile/state/state.go:1669.2,1671.29 2 0
github.com/seredavin/helmfile-validate/pkg/helmfile/state/state.go:1671.29,1673.17 2 0
github.com/seredavin/helmfile-validate/pkg/helmfile/state/state.go:1673.17,1675.4 1 0
github.com/seredavin/helmfile-validate/pkg/helmfile/state/state.go:1677.3,1677.26 1 0
github.com/seredavin/helmfile-validate/pkg/helmfile/state/state.go:1677.26,1679.4 1 0
github.com/seredavin/helmfile-validate/pkg/helmfile/state/state.go:1682.2,1686.23 3 0
github.com/seredavin/helmfile-validate/pkg/helmfile/state/state.go:1686.23,1688.3 1 0
github.com/seredavin/helmfile-validate/pkg/helmfile/state/state.go:1690.2,1690.16 1 0
github.com/seredavin/helmfile-validate/pkg/helmfile/state/state.go:1690.16,1692.3 1 0
github.com/seredavin/helmfile-validate/pkg/helmfile/state/state.go:1694.2,1706.56 10 0
github.com/seredavin/helmfile-validate/pkg/helmfile/state/state.go:1706.56,1710.14 1 0
github.com/seredavin/helmfile-validate/pkg/helmfile/state/state.go:1710.14,1712.4 1 0
github.com/seredavin/helmfile-validate/pkg/helmfile/state/state.go:1713.3,1714.17 2 0
github.com/seredavin/helmfile-validate/pkg/helmfile/state/state.go:1714.17,1716.4 1 0
github.com/seredavin/helmfile-validate/pkg/helmfile/state/state.go:1717.8,1717.112 1 0
github.com/seredavin/helmfile-validate/pkg/helmfile/state/state.go:1717.112,1719.17 2 0
github.com/seredavin/helmfile-validate/pkg/helmfile/state/state.go:1719.17,1721.4 1 0
github.com/seredavin/helmfile-validate/pkg/helmfile/state/state.go:1722.3,1722.24 1 0
github.com/seredavin/helmfile-validate/pkg/helmfile/state/state.go:1723.8,1723.32 1 0
github.com/seredavin/helmfile-validate/pkg/helmfile/state/state.go:1723.33,1735.3 0 0
github.com/seredavin/helmfile-validate/pkg/helmfile/state/state.go:1735.8,1737.17 2 0
github.com/seredavin/helmfile-validate/pkg/helmfile/state/state.go:1737.17,1739.4 1 0
github.com/seredavin/helmfile-validate/pkg/helmfile/state/state.go:1742.2,1751.3 1 0
github.com/seredavin/helmfile-validate/pkg/helmfile/state/state.go:1760.178,1761.23 1 0
github.com/seredavin/helmfile-validate/pkg/helmfile/state/state.go:1761.23,1763.17 2 0
github.com/seredavin/helmfile-validate/pkg/helmfile/state/state.go:1763.17,1765.4 1 0
github.com/seredavin/helmfile-validate/pkg/helmfile/state/state.go:1766.3,1766.17 1 0
github.com/seredavin/helmfile-validate/pkg/helmfile/state/state.go:1768.2,1769.16 2 0
github.com/seredavin/helmfile-validate/pkg/helmfile/state/state.go:1769.16,1771.3 1 0
github.com/seredavin/helmfile-validate/pkg/helmfile/state/state.go:1773.2,1777.32 2 0
github.com/seredavin/helmfile-validate/pkg/helmfile/state/state.go:1777.32,1779.3 1 0
github.com/seredavin/helmfile-validate/pkg/helmfile/state/state.go:1781.2,1795.10 7 0
github.com/seredavin/helmfile-validate/pkg/helmfile/state/state.go:1795.10,1796.39 1 0
github.com/seredavin/helmfile-validate/pkg/helmfile/state/state.go:1796.39,1798.5 1 0
github.com/seredavin/helmfile-validate/pkg/helmfile/state/state.go:1799.4,1799.19 1 0
github.com/seredavin/helmfile-validate/pkg/helmfile/state/state.go:1801.25,1802.34 1 0
github.com/seredavin/helmfile-validate/pkg/helmfile/state/state.go:1802.34,1805.5 2 0
github.com/seredavin/helmfile-validate/pkg/helmfile/state/state.go:1807.10,1808.39 1 0
github.com/seredavin/helmfile-validate/pkg/helmfile/state/state.go:1808.39,1811.31 2 0
github.com/seredavin/helmfile-validate/pkg/helmfile/state/state.go:1811.31,1814.6 2 0
github.com/seredavin/helmfile-validate/pkg/helmfile/state/state.go:1815.5,1815.12 1 0
github.com/seredavin/helmfile-validate/pkg/helmfile/state/state.go:1815.12,1824.6 4 0
github.com/seredavin/helmfile-validate/pkg/helmfile/state/state.go:1826.5,1826.30 1 0
github.com/seredavin/helmfile-validate/pkg/helmfile/state/state.go:1826.30,1828.6 1 0
github.com/seredavin/helmfile-validate/pkg/helmfile/state/state.go:1833.2,1833.19 1 0
github.com/seredavin/helmfile-validate/pkg/helmfile/state/state.go:1833.19,1835.3 1 0
github.com/seredavin/helmfile-validate/pkg/helmfile/state/state.go:1837.2,1837.21 1 0
github.com/seredavin/helmfile-validate/pkg/helmfile/state/state.go:1837.21,1838.72 1 0
github.com/seredavin/helmfile-validate/pkg/helmfile/state/state.go:1838.72,1840.4 1 0
github.com/seredavin/helmfile-validate/pkg/helmfile/state/state.go:1843.2,1843.30 1 0
github.com/seredavin/helmfile-validate/pkg/helmfile/state/state.go:1847.117,1858.27 1 0
github.com/seredavin/helmfile-validate/pkg/helmfile/state/state.go:1858.27,1860.87 2 0
github.com/seredavin/helmfile-validate/pkg/helmfile/state/state.go:1860.87,1861.32 1 0
github.com/seredavin/helmfile-validate/pkg/helmfile/state/state.go:1861.32,1874.13 3 0
github.com/seredavin/helmfile-validate/pkg/helmfile/state/state.go:1877.4,1877.70 1 0
github.com/seredavin/helmfile-validate/pkg/helmfile/state/state.go:1881.2,1881.12 1 0
github.com/seredavin/helmfile-validate/pkg/helmfile/state/state.go:1901.50,1903.2 1 0
github.com/seredavin/helmfile-validate/pkg/helmfile/state/state.go:1907.45,1909.24 2 0
github.com/seredavin/helmfile-validate/pkg/helmfile/state/state.go:1909.24,1911.3 1 0
github.com/seredavin/helmfile-validate/pkg/helmfile/state/state.go:1913.2,1915.29 2 0
github.com/seredavin/helmfile-validate/pkg/helmfile/state/state.go:1915.29,1918.25 2 0
github.com/seredavin/helmfile-validate/pkg/helmfile/state/state.go:1918.25,1919.12 1 0
github.com/seredavin/helmfile-validate/pkg/helmfile/state/state.go:1922.3,1926.17 3 0
github.com/seredavin/helmfile-validate/pkg/helmfile/state/state.go:1926.17,1927.25 1 0
github.com/seredavin/helmfile-validate/pkg/helmfile/state/state.go:1927.25,1929.5 1 0
github.com/seredavin/helmfile-validate/pkg/helmfile/state/state.go:1930.4,1931.12 2 0
github.com/seredavin/helmfile-validate/pkg/helmfile/state/state.go:1934.3,1934.10 1 0
github.com/seredavin/helmfile-validate/pkg/helmfile/state/state.go:1934.10,1935.25 1 0
github.com/seredavin/helmfile-validate/pkg/helmfile/state/state.go:1935.25,1937.5 1 0
github.com/seredavin/helmfile-validate/pkg/helmfile/state/state.go:1940.3,1940.17 1 0
github.com/seredavin/helmfile-validate/pkg/helmfile/state/state.go:1940.17,1942.4 1 0
github.com/seredavin/helmfile-validate/pkg/helmfile/state/state.go:1944.3,1944.42 1 0
github.com/seredavin/helmfile-validate/pkg/helmfile/state/state.go:1944.42,1946.18 2 0
github.com/seredavin/helmfile-validate/pkg/helmfile/state/state.go:1946.18,1948.5 1 0
github.com/seredavin/helmfile-validate/pkg/helmfile/state/state.go:1950.4,1950.54 1 0
github.com/seredavin/helmfile-validate/pkg/helmfile/state/state.go:1950.54,1952.5 1 0
github.com/seredavin/helmfile-validate/pkg/helmfile/state/state.go:1953.4,1953.46 1 0
github.com/seredavin/helmfile-validate/pkg/helmfile/state/state.go:1956.3,1956.22 1 0
github.com/seredavin/helmfile-validate/pkg/helmfile/state/state.go:1956.22,1957.31 1 0
github.com/seredavin/helmfile-validate/pkg/helmfile/state/state.go:1957.31,1959.5 1 0
github.com/seredavin/helmfile-validate/pkg/helmfile/state/state.go:1962.3,1962.54 1 0
github.com/seredavin/helmfile-validate/pkg/helmfile/state/state.go:1962.54,1964.18 2 0
github.com/seredavin/helmfile-validate/pkg/helmfile/state/state.go:1964.18,1966.5 1 0
github.com/seredavin/helmfile-validate/pkg/helmfile/state/state.go:1968.4,1971.18 4 0
github.com/seredavin/helmfile-validate/pkg/helmfile/state/state.go:1971.18,1973.5 1 0
github.com/seredavin/helmfile-validate/pkg/helmfile/state/state.go:1976.3,1976.15 1 0
github.com/seredavin/helmfile-validate/pkg/helmfile/state/state.go:1976.15,1978.4 1 0
github.com/seredavin/helmfile-validate/pkg/helmfile/state/state.go:1980.3,1980.23 1 0
github.com/seredavin/helmfile-validate/pkg/helmfile/state/state.go:1980.23,1982.4 1 0
github.com/seredavin/helmfile-validate/pkg/helmfile/state/state.go:1984.3,1984.19 1 0
github.com/seredavin/helmfile-validate/pkg/helmfile/state/state.go:1984.19,1986.4 1 0
github.com/seredavin/helmfile-validate/pkg/helmfile/state/state.go:1988.3,1988.21 1 0
github.com/seredavin/helmfile-validate/pkg/helmfile/state/state.go:1988.21,1990.4 1 0
github.com/seredavin/helmfile-validate/pkg/helmfile/state/state.go:1992.3,1992.21 1 0
github.com/seredavin/helmfile-validate/pkg/helmfile/state/state.go:1992.21,1993.98 1 0
github.com/seredavin/helmfile-validate/pkg/helmfile/state/state.go:1993.98,1995.5 1 0
github.com/seredavin/helmfile-validate/pkg/helmfile/state/state.go:1998.3,1998.72 1 0
github.com/seredavin/helmfile-validate/pkg/helmfile/state/state.go:1998.72,2000.4 1 0
github.com/seredavin/helmfile-validate/pkg/helmfile/state/state.go:2003.2,2003.20 1 0
github.com/seredavin/helmfile-validate/pkg/helmfile/state/state.go:2003.20,2005.3 1 0
github.com/seredavin/helmfile-validate/pkg/helmfile/state/state.go:2007.2,2007.12 1 0
github.com/seredavin/helmfile-validate/pkg/helmfile/state/state.go:2018.56,2020.2 1 0
github.com/seredavin/helmfile-validate/pkg/helmfile/state/state.go:2023.125,2025.24 2 0
github.com/seredavin/helmfile-validate/pkg/helmfile/state/state.go:2025.24,2027.3 1 0
github.com/seredavin/helmfile-validate/pkg/helmfile/state/state.go:2029.2,2029.29 1 0
github.com/seredavin/helmfile-validate/pkg/helmfile/state/state.go:2029.29,2032.25 2 0
github.com/seredavin/helmfile-validate/pkg/helmfile/state/state.go:2032.25,2033.12 1 0
github.com/seredavin/helmfile-validate/pkg/helmfile/state/state.go:2036.3,2039.17 3 0
github.com/seredavin/helmfile-validate/pkg/helmfile/state/state.go:2039.17,2041.4 1 0
github.com/seredavin/helmfile-validate/pkg/helmfile/state/state.go:2043.3,2043.10 1 0
github.com/seredavin/helmfile-validate/pkg/helmfile/state/state.go:2043.10,2044.25 1 0
github.com/seredavin/helmfile-validate/pkg/helmfile/state/state.go:2044.25,2046.5 1 0
github.com/seredavin/helmfile-validate/pkg/helmfile/state/state.go:2049.3,2049.42 1 0
github.com/seredavin/helmfile-validate/pkg/helmfile/state/state.go:2049.42,2051.18 2 0
github.com/seredavin/helmfile-validate/pkg/helmfile/state/state.go:2051.18,2053.5 1 0
github.com/seredavin/helmfile-validate/pkg/helmfile/state/state.go:2055.4,2055.54 1 0
github.com/seredavin/helmfile-validate/pkg/helmfile/state/state.go:2055.54,2057.5 1 0
github.com/seredavin/helmfile-validate/pkg/helmfile/state/state.go:2060.3,2061.17 2 0
github.com/seredavin/helmfile-validate/pkg/helmfile/state/state.go:2061.17,2063.4 1 0
github.com/seredavin/helmfile-validate/pkg/helmfile/state/state.go:2065.3,2065.75 1 0
github.com/seredavin/helmfile-validate/pkg/helmfile/state/state.go:2065.75,2067.4 1 0
github.com/seredavin/helmfile-validate/pkg/helmfile/state/state.go:2069.3,2073.65 3 0
github.com/seredavin/helmfile-validate/pkg/helmfile/state/state.go:2073.65,2077.18 3 0
github.com/seredavin/helmfile-validate/pkg/helmfile/state/state.go:2077.18,2079.5 1 0
github.com/seredavin/helmfile-validate/pkg/helmfile/state/state.go:2081.4,2081.57 1 0
github.com/seredavin/helmfile-validate/pkg/helmfile/state/state.go:2081.57,2083.5 1 0
github.com/seredavin/helmfile-validate/pkg/helmfile/state/state.go:2085.4,2085.73 1 0
github.com/seredavin/helmfile-validate/pkg/helmfile/state/state.go:2085.73,2087.5 1 0
github.com/seredavin/helmfile-validate/pkg/helmfile/state/state.go:2090.3,2093.48 3 0
github.com/seredavin/helmfile-validate/pkg/helmfile/state/state.go:2093.48,2095.4 1 0
github.com/seredavin/helmfile-validate/pkg/helmfile/state/state.go:2097.3,2097.75 1 0
github.com/seredavin/helmfile-validate/pkg/helmfile/state/state.go:2097.75,2099.4 1 0
github.com/seredavin/helmfile-validate/pkg/helmfile/state/state.go:2101.3,2101.76 1 0
github.com/seredavin/helmfile-validate/pkg/helmfile/state/state.go:2101.76,2103.4 1 0
github.com/seredavin/helmfile-validate/pkg/helmfile/state/state.go:2106.2,2106.12 1 0
github.com/seredavin/helmfile-validate/pkg/helmfile/state/state.go:2116.42,2118.2 1 0
github.com/seredavin/helmfile-validate/pkg/helmfile/state/state.go:2121.143,2123.24 2 0
github.com/seredavin/helmfile-validate/pkg/helmfile/state/state.go:2123.24,2125.3 1 0
github.com/seredavin/helmfile-validate/pkg/helmfile/state/state.go:2128.2,2132.19 3 0
github.com/seredavin/helmfile-validate/pkg/helmfile/state/state.go:2132.19,2134.3 1 0
github.com/seredavin/helmfile-validate/pkg/helmfile/state/state.go:2136.2,2136.29 1 0
github.com/seredavin/helmfile-validate/pkg/helmfile/state/state.go:2136.29,2139.25 2 0
github.com/seredavin/helmfile-validate/pkg/helmfile/state/state.go:2139.25,2140.12 1 0
github.com/seredavin/helmfile-validate/pkg/helmfile/state/state.go:2143.3,2145.17 2 0
github.com/seredavin/helmfile-validate/pkg/helmfile/state/state.go:2145.17,2146.25 1 0
github.com/seredavin/helmfile-validate/pkg/helmfile/state/state.go:2146.25,2148.5 1 0
github.com/seredavin/helmfile-validate/pkg/helmfile/state/state.go:2149.4,2150.12 2 0
github.com/seredavin/helmfile-validate/pkg/helmfile/state/state.go:2153.3,2153.24 1 0
github.com/seredavin/helmfile-validate/pkg/helmfile/state/state.go:2153.24,2154.25 1 0
github.com/seredavin/helmfile-validate/pkg/helmfile/state/state.go:2154.25,2156.5 1 0
github.com/seredavin/helmfile-validate/pkg/helmfile/state/state.go:2158.3,2158.42 1 0
github.com/seredavin/helmfile-validate/pkg/helmfile/state/state.go:2158.42,2160.18 2 0
github.com/seredavin/helmfile-validate/pkg/helmfile/state/state.go:2160.18,2162.5 1 0
github.com/seredavin/helmfile-validate/pkg/helmfile/state/state.go:2164.4,2164.54 1 0
github.com/seredavin/helmfile-validate/pkg/helmfile/state/state.go:2164.54,2166.5 1 0
github.com/seredavin/helmfile-validate/pkg/helmfile/state/state.go:2167.4,2167.46 1 0
github.com/seredavin/helmfile-validate/pkg/helmfile/state/state.go:2170.3,2170.22 1 0
github.com/seredavin/helmfile-validate/pkg/helmfile/state/state.go:2170.22,2171.31 1 0
github.com/seredavin/helmfile-validate/pkg/helmfile/state/state.go:2171.31,2173.5 1 0
github.com/seredavin/helmfile-validate/pkg/helmfile/state/state.go:2176.3,2176.21 1 0
github.com/seredavin/helmfile-validate/pkg/helmfile/state/state.go:2176.21,2177.87 1 0
github.com/seredavin/helmfile-validate/pkg/helmfile/state/state.go:2177.87,2179.5 1 0
github.com/seredavin/helmfile-validate/pkg/helmfile/state/state.go:2182.3,2182.69 1 0
github.com/seredavin/helmfile-validate/pkg/helmfile/state/state.go:2182.69,2184.4 1 0
github.com/seredavin/helmfile-validate/pkg/helmfile/state/state.go:2187.2,2187.20 1 0
github.com/seredavin/helmfile-validate/pkg/helmfile/state/state.go:2187.20,2189.3 1 0
github.com/seredavin/helmfile-validate/pkg/helmfile/state/state.go:2191.2,2191.12 1 0
github.com/seredavin/helmfile-validate/pkg/helmfile/state/state.go:2210.199,2213.22 2 21
github.com/seredavin/helmfile-validate/pkg/helmfile/state/state.go:2213.22,2215.3 1 0
github.com/seredavin/helmfile-validate/pkg/helmfile/state/state.go:2217.2,2217.21 1 21
github.com/seredavin/helmfile-validate/pkg/helmfile/state/state.go:2217.21,2219.3 1 1
github.com/seredavin/helmfile-validate/pkg/helmfile/state/state.go:2221.2,2221.18 1 21
github.com/seredavin/helmfile-validate/pkg/helmfile/state/state.go:2221.18,2223.3 1 0
github.com/seredavin/helmfile-validate/pkg/helmfile/state/state.go:2225.2,2225.29 1 21
github.com/seredavin/helmfile-validate/pkg/helmfile/state/state.go:2225.29,2227.3 1 0
github.com/seredavin/helmfile-validate/pkg/helmfile/state/state.go:2229.2,2229.21 1 21
github.com/seredavin/helmfile-validate/pkg/helmfile/state/state.go:2229.21,2231.3 1 0
github.com/seredavin/helmfile-validate/pkg/helmfile/state/state.go:2233.2,2233.17 1 21
github.com/seredavin/helmfile-validate/pkg/helmfile/state/state.go:2233.17,2235.3 1 0
github.com/seredavin/helmfile-validate/pkg/helmfile/state/state.go:2237.2,2237.13 1 21
github.com/seredavin/helmfile-validate/pkg/helmfile/state/state.go:2237.13,2239.3 1 0
github.com/seredavin/helmfile-validate/pkg/helmfile/state/state.go:2241.2,2241.17 1 21
github.com/seredavin/helmfile-validate/pkg/helmfile/state/state.go:2241.17,2243.3 1 0
github.com/seredavin/helmfile-validate/pkg/helmfile/state/state.go:2243.8,2243.22 1 21
github.com/seredavin/helmfile-validate/pkg/helmfile/state/state.go:2243.22,2245.3 1 0
github.com/seredavin/helmfile-validate/pkg/helmfile/state/state.go:2247.2,2247.21 1 21
github.com/seredavin/helmfile-validate/pkg/helmfile/state/state.go:2247.21,2249.3 1 0
github.com/seredavin/helmfile-validate/pkg/helmfile/state/state.go:2251.2,2251.22 1 21
github.com/seredavin/helmfile-validate/pkg/helmfile/state/state.go:2251.22,2253.3 1 0
github.com/seredavin/helmfile-validate/pkg/helmfile/state/state.go:2255.2,2255.20 1 21
github.com/seredavin/helmfile-validate/pkg/helmfile/state/state.go:2255.20,2256.29 1 0
github.com/seredavin/helmfile-validate/pkg/helmfile/state/state.go:2256.29,2258.4 1 0
github.com/seredavin/helmfile-validate/pkg/helmfile/state/state.go:2260.2,2262.14 2 21
github.com/seredavin/helmfile-validate/pkg/helmfile/state/state.go:2265.296,2267.25 2 19
github.com/seredavin/helmfile-validate/pkg/helmfile/state/state.go:2267.25,2269.3 1 19
github.com/seredavin/helmfile-validate/pkg/helmfile/state/state.go:2271.2,2274.52 3 19
github.com/seredavin/helmfile-validate/pkg/helmfile/state/state.go:2274.52,2281.9 5 0
github.com/seredavin/helmfile-validate/pkg/helmfile/state/state.go:2281.9,2283.4 1 0
github.com/seredavin/helmfile-validate/pkg/helmfile/state/state.go:2285.3,2286.17 2 0
github.com/seredavin/helmfile-validate/pkg/helmfile/state/state.go:2286.17,2288.4 1 0
github.com/seredavin/helmfile-validate/pkg/helmfile/state/state.go:2290.3,2294.16 4 0
github.com/seredavin/helmfile-validate/pkg/helmfile/state/state.go:2297.2,2298.29 2 19
github.com/seredavin/helmfile-validate/pkg/helmfile/state/state.go:2298.29,2299.32 1 19
github.com/seredavin/helmfile-validate/pkg/helmfile/state/state.go:2299.32,2300.12 1 0
github.com/seredavin/helmfile-validate/pkg/helmfile/state/state.go:2302.3,2302.70 1 19
github.com/seredavin/helmfile-validate/pkg/helmfile/state/state.go:2302.70,2303.12 1 0
github.com/seredavin/helmfile-validate/pkg/helmfile/state/state.go:2305.3,2305.47 1 19
github.com/seredavin/helmfile-validate/pkg/helmfile/state/state.go:2308.2,2322.10 9 19
github.com/seredavin/helmfile-validate/pkg/helmfile/state/state.go:2322.10,2323.37 1 19
github.com/seredavin/helmfile-validate/pkg/helmfile/state/state.go:2323.37,2325.5 1 19
github.com/seredavin/helmfile-validate/pkg/helmfile/state/state.go:2326.4,2326.15 1 19
github.com/seredavin/helmfile-validate/pkg/helmfile/state/state.go:2328.25,2329.30 1 19
github.com/seredavin/helmfile-validate/pkg/helmfile/state/state.go:2329.30,2335.61 4 19
github.com/seredavin/helmfile-validate/pkg/helmfile/state/state.go:2335.61,2337.6 1 0
github.com/seredavin/helmfile-validate/pkg/helmfile/state/state.go:2339.5,2339.30 1 19
github.com/seredavin/helmfile-validate/pkg/helmfile/state/state.go:2339.30,2341.20 2 0
github.com/seredavin/helmfile-validate/pkg/helmfile/state/state.go:2341.20,2343.7 1 0
github.com/seredavin/helmfile-validate/pkg/helmfile/state/state.go:2343.12,2343.27 1 0
github.com/seredavin/helmfile-validate/pkg/helmfile/state/state.go:2343.27,2345.15 2 0
github.com/seredavin/helmfile-validate/pkg/helmfile/state/state.go:2349.5,2350.89 2 19
github.com/seredavin/helmfile-validate/pkg/helmfile/state/state.go:2350.89,2352.20 2 0
github.com/seredavin/helmfile-validate/pkg/helmfile/state/state.go:2352.20,2354.7 1 0
github.com/seredavin/helmfile-validate/pkg/helmfile/state/state.go:2354.12,2356.7 1 0
github.com/seredavin/helmfile-validate/pkg/helmfile/state/state.go:2361.5,2365.19 4 19
github.com/seredavin/helmfile-validate/pkg/helmfile/state/state.go:2365.19,2367.6 1 0
github.com/seredavin/helmfile-validate/pkg/helmfile/state/state.go:2369.5,2369.44 1 19
github.com/seredavin/helmfile-validate/pkg/helmfile/state/state.go:2369.44,2371.20 2 0
github.com/seredavin/helmfile-validate/pkg/helmfile/state/state.go:2371.20,2373.7 1 0
github.com/seredavin/helmfile-validate/pkg/helmfile/state/state.go:2375.6,2375.56 1 0
github.com/seredavin/helmfile-validate/pkg/helmfile/state/state.go:2375.56,2377.7 1 0
github.com/seredavin/helmfile-validate/pkg/helmfile/state/state.go:2378.6,2378.48 1 0
github.com/seredavin/helmfile-validate/pkg/helmfile/state/state.go:2381.5,2385.22 3 19
github.com/seredavin/helmfile-validate/pkg/helmfile/state/state.go:2385.22,2387.29 2 0
github.com/seredavin/helmfile-validate/pkg/helmfile/state/state.go:2387.29,2389.7 1 0
github.com/seredavin/helmfile-validate/pkg/helmfile/state/state.go:2390.6,2390.92 1 0
github.com/seredavin/helmfile-validate/pkg/helmfile/state/state.go:2391.11,2393.6 1 19
github.com/seredavin/helmfile-validate/pkg/helmfile/state/state.go:2396.10,2397.37 1 19
github.com/seredavin/helmfile-validate/pkg/helmfile/state/state.go:2397.37,2399.28 2 19
github.com/seredavin/helmfile-validate/pkg/helmfile/state/state.go:2399.28,2400.35 1 0
github.com/seredavin/helmfile-validate/pkg/helmfile/state/state.go:2400.35,2402.7 1 0
github.com/seredavin/helmfile-validate/pkg/helmfile/state/state.go:2403.11,2403.34 1 19
github.com/seredavin/helmfile-validate/pkg/helmfile/state/state.go:2403.34,2405.6 1 19
github.com/seredavin/helmfile-validate/pkg/helmfile/state/state.go:2410.2,2410.29 1 19
github.com/seredavin/helmfile-validate/pkg/helmfile/state/state.go:2410.29,2411.46 1 19
github.com/seredavin/helmfile-validate/pkg/helmfile/state/state.go:2411.46,2413.4 1 19
github.com/seredavin/helmfile-validate/pkg/helmfile/state/state.go:2416.2,2416.17 1 19
github.com/seredavin/helmfile-validate/pkg/helmfile/state/state.go:2419.97,2421.39 2 60
github.com/seredavin/helmfile-validate/pkg/helmfile/state/state.go:2421.39,2423.3 1 0
github.com/seredavin/helmfile-validate/pkg/helmfile/state/state.go:2424.2,2424.28 1 60
github.com/seredavin/helmfile-validate/pkg/helmfile/state/state.go:2424.28,2426.3 1 0
github.com/seredavin/helmfile-validate/pkg/helmfile/state/state.go:2428.2,2431.3 1 60
github.com/seredavin/helmfile-validate/pkg/helmfile/state/state.go:2434.103,2440.2 3 7
github.com/seredavin/helmfile-validate/pkg/helmfile/state/state.go:2467.42,2469.2 1 19
github.com/seredavin/helmfile-validate/pkg/helmfile/state/state.go:2481.313,2483.24 2 7
github.com/seredavin/helmfile-validate/pkg/helmfile/state/state.go:2483.24,2485.3 1 0
github.com/seredavin/helmfile-validate/pkg/helmfile/state/state.go:2487.2,2489.23 2 7
github.com/seredavin/helmfile-validate/pkg/helmfile/state/state.go:2489.23,2490.16 1 7
github.com/seredavin/helmfile-validate/pkg/helmfile/state/state.go:2490.16,2491.28 1 7
github.com/seredavin/helmfile-validate/pkg/helmfile/state/state.go:2491.28,2493.5 1 7
github.com/seredavin/helmfile-validate/pkg/helmfile/state/state.go:2497.2,2497.23 1 7
github.com/seredavin/helmfile-validate/pkg/helmfile/state/state.go:2497.23,2499.3 1 0
github.com/seredavin/helmfile-validate/pkg/helmfile/state/state.go:2501.2,2514.10 7 7
github.com/seredavin/helmfile-validate/pkg/helmfile/state/state.go:2514.10,2515.36 1 7
github.com/seredavin/helmfile-validate/pkg/helmfile/state/state.go:2515.36,2517.5 1 7
github.com/seredavin/helmfile-validate/pkg/helmfile/state/state.go:2518.4,2518.19 1 7
github.com/seredavin/helmfile-validate/pkg/helmfile/state/state.go:2520.25,2521.31 1 7
github.com/seredavin/helmfile-validate/pkg/helmfile/state/state.go:2521.31,2527.26 5 7
github.com/seredavin/helmfile-validate/pkg/helmfile/state/state.go:2527.26,2529.6 1 0
github.com/seredavin/helmfile-validate/pkg/helmfile/state/state.go:2531.5,2531.37 1 7
github.com/seredavin/helmfile-validate/pkg/helmfile/state/state.go:2531.37,2533.6 1 0
github.com/seredavin/helmfile-validate/pkg/helmfile/state/state.go:2533.11,2533.217 1 7
github.com/seredavin/helmfile-validate/pkg/helmfile/state/state.go:2533.217,2534.29 1 0
github.com/seredavin/helmfile-validate/pkg/helmfile/state/state.go:2535.30,2537.87 1 0
github.com/seredavin/helmfile-validate/pkg/helmfile/state/state.go:2538.14,2539.74 1 0
github.com/seredavin/helmfile-validate/pkg/helmfile/state/state.go:2541.11,2544.6 1 7
github.com/seredavin/helmfile-validate/pkg/helmfile/state/state.go:2546.5,2546.29 1 7
github.com/seredavin/helmfile-validate/pkg/helmfile/state/state.go:2546.29,2547.76 1 0
github.com/seredavin/helmfile-validate/pkg/helmfile/state/state.go:2547.76,2549.7 1 0
github.com/seredavin/helmfile-validate/pkg/helmfile/state/state.go:2553.10,2554.36 1 7
github.com/seredavin/helmfile-validate/pkg/helmfile/state/state.go:2554.36,2556.23 2 7
github.com/seredavin/helmfile-validate/pkg/helmfile/state/state.go:2556.23,2558.49 2 0
github.com/seredavin/helmfile-validate/pkg/helmfile/state/state.go:2558.49,2560.7 1 0
github.com/seredavin/helmfile-validate/pkg/helmfile/state/state.go:2563.5,2563.48 1 7
github.com/seredavin/helmfile-validate/pkg/helmfile/state/state.go:2568.2,2568.26 1 7
github.com/seredavin/helmfile-validate/pkg/helmfile/state/state.go:2568.26,2570.36 2 7
github.com/seredavin/helmfile-validate/pkg/helmfile/state/state.go:2570.36,2572.4 1 7
github.com/seredavin/helmfile-validate/pkg/helmfile/state/state.go:2572.9,2573.59 1 0
github.com/seredavin/helmfile-validate/pkg/helmfile/state/state.go:2577.2,2577.17 1 7
github.com/seredavin/helmfile-validate/pkg/helmfile/state/state.go:2580.88,2581.102 1 4
github.com/seredavin/helmfile-validate/pkg/helmfile/state/state.go:2581.102,2582.25 1 4
github.com/seredavin/helmfile-validate/pkg/helmfile/state/state.go:2582.25,2584.4 1 1
github.com/seredavin/helmfile-validate/pkg/helmfile/state/state.go:2586.3,2589.30 3 3
github.com/seredavin/helmfile-validate/pkg/helmfile/state/state.go:2589.30,2591.4 1 0
github.com/seredavin/helmfile-validate/pkg/helmfile/state/state.go:2592.3,2594.97 2 3
github.com/seredavin/helmfile-validate/pkg/helmfile/state/state.go:2599.151,2600.102 1 15
github.com/seredavin/helmfile-validate/pkg/helmfile/state/state.go:2600.102,2607.30 6 15
github.com/seredavin/helmfile-validate/pkg/helmfile/state/state.go:2607.30,2609.4 1 0
github.com/seredavin/helmfile-validate/pkg/helmfile/state/state.go:2610.3,2613.92 3 15
github.com/seredavin/helmfile-validate/pkg/helmfile/state/state.go:2613.92,2620.4 4 0
github.com/seredavin/helmfile-validate/pkg/helmfile/state/state.go:2622.3,2622.77 1 15
github.com/seredavin/helmfile-validate/pkg/helmfile/state/state.go:2622.77,2628.4 4 1
github.com/seredavin/helmfile-validate/pkg/helmfile/state/state.go:2630.3,2630.93 1 14
github.com/seredavin/helmfile-validate/pkg/helmfile/state/state.go:2630.93,2636.4 4 0
github.com/seredavin/helmfile-validate/pkg/helmfile/state/state.go:2637.3,2640.13 3 14
github.com/seredavin/helmfile-validate/pkg/helmfile/state/state.go:2650.35,2651.27 1 0
github.com/seredavin/helmfile-validate/pkg/helmfile/state/state.go:2651.27,2653.3 1 0
github.com/seredavin/helmfile-validate/pkg/helmfile/state/state.go:2657.135,2660.28 2 3
github.com/seredavin/helmfile-validate/pkg/helmfile/state/state.go:2660.28,2662.3 1 0
github.com/seredavin/helmfile-validate/pkg/helmfile/state/state.go:2664.2,2664.102 1 3
github.com/seredavin/helmfile-validate/pkg/helmfile/state/state.go:2664.102,2665.25 1 3
github.com/seredavin/helmfile-validate/pkg/helmfile/state/state.go:2665.25,2667.4 1 0
github.com/seredavin/helmfile-validate/pkg/helmfile/state/state.go:2669.3,2670.30 2 3
github.com/seredavin/helmfile-validate/pkg/helmfile/state/state.go:2670.30,2672.4 1 0
github.com/seredavin/helmfile-validate/pkg/helmfile/state/state.go:2673.3,2673.16 1 3
github.com/seredavin/helmfile-validate/pkg/helmfile/state/state.go:2673.16,2675.4 1 0
github.com/seredavin/helmfile-validate/pkg/helmfile/state/state.go:2677.3,2677.30 1 3
github.com/seredavin/helmfile-validate/pkg/helmfile/state/state.go:2677.30,2679.4 1 0
github.com/seredavin/helmfile-validate/pkg/helmfile/state/state.go:2679.9,2683.4 3 3
github.com/seredavin/helmfile-validate/pkg/helmfile/state/state.go:2685.3,2688.95 3 3
github.com/seredavin/helmfile-validate/pkg/helmfile/state/state.go:2693.38,2695.2 1 6
github.com/seredavin/helmfile-validate/pkg/helmfile/state/state.go:2697.72,2699.32 2 14
github.com/seredavin/helmfile-validate/pkg/helmfile/state/state.go:2699.32,2703.3 3 68
github.com/seredavin/helmfile-validate/pkg/helmfile/state/state.go:2704.2,2704.16 1 14
github.com/seredavin/helmfile-validate/pkg/helmfile/state/state.go:2707.60,2709.32 2 14
github.com/seredavin/helmfile-validate/pkg/helmfile/state/state.go:2709.32,2713.37 3 68
github.com/seredavin/helmfile-validate/pkg/helmfile/state/state.go:2713.37,2715.4 1 0
github.com/seredavin/helmfile-validate/pkg/helmfile/state/state.go:2716.3,2716.33 1 68
github.com/seredavin/helmfile-validate/pkg/helmfile/state/state.go:2716.33,2718.4 1 213
github.com/seredavin/helmfile-validate/pkg/helmfile/state/state.go:2720.3,2726.24 6 68
github.com/seredavin/helmfile-validate/pkg/helmfile/state/state.go:2728.2,2728.11 1 14
github.com/seredavin/helmfile-validate/pkg/helmfile/state/state.go:2731.85,2734.16 3 17
github.com/seredavin/helmfile-validate/pkg/helmfile/state/state.go:2734.16,2736.3 1 0
github.com/seredavin/helmfile-validate/pkg/helmfile/state/state.go:2737.2,2737.16 1 17
github.com/seredavin/helmfile-validate/pkg/helmfile/state/state.go:2740.142,2743.34 3 17
github.com/seredavin/helmfile-validate/pkg/helmfile/state/state.go:2743.34,2745.17 2 20
github.com/seredavin/helmfile-validate/pkg/helmfile/state/state.go:2745.17,2747.4 1 0
github.com/seredavin/helmfile-validate/pkg/helmfile/state/state.go:2748.3,2748.31 1 20
github.com/seredavin/helmfile-validate/pkg/helmfile/state/state.go:2750.2,2750.29 1 17
github.com/seredavin/helmfile-validate/pkg/helmfile/state/state.go:2750.29,2752.29 2 71
github.com/seredavin/helmfile-validate/pkg/helmfile/state/state.go:2752.29,2753.18 1 82
github.com/seredavin/helmfile-validate/pkg/helmfile/state/state.go:2753.18,2755.10 2 37
github.com/seredavin/helmfile-validate/pkg/helmfile/state/state.go:2758.3,2760.17 3 71
github.com/seredavin/helmfile-validate/pkg/helmfile/state/state.go:2760.17,2762.4 1 0
github.com/seredavin/helmfile-validate/pkg/helmfile/state/state.go:2764.3,2768.51 2 71
github.com/seredavin/helmfile-validate/pkg/helmfile/state/state.go:2770.2,2770.28 1 17
github.com/seredavin/helmfile-validate/pkg/helmfile/state/state.go:2770.28,2772.3 1 1
github.com/seredavin/helmfile-validate/pkg/helmfile/state/state.go:2773.2,2773.30 1 17
github.com/seredavin/helmfile-validate/pkg/helmfile/state/state.go:2785.75,2786.23 1 84
github.com/seredavin/helmfile-validate/pkg/helmfile/state/state.go:2786.23,2788.3 1 72
github.com/seredavin/helmfile-validate/pkg/helmfile/state/state.go:2789.2,2791.36 3 12
github.com/seredavin/helmfile-validate/pkg/helmfile/state/state.go:2791.36,2793.3 1 3
github.com/seredavin/helmfile-validate/pkg/helmfile/state/state.go:2795.2,2796.41 2 9
github.com/seredavin/helmfile-validate/pkg/helmfile/state/state.go:2796.41,2799.10 3 12
github.com/seredavin/helmfile-validate/pkg/helmfile/state/state.go:2799.10,2801.4 1 3
github.com/seredavin/helmfile-validate/pkg/helmfile/state/state.go:2803.3,2804.10 2 9
github.com/seredavin/helmfile-validate/pkg/helmfile/state/state.go:2804.10,2806.4 1 2
github.com/seredavin/helmfile-validate/pkg/helmfile/state/state.go:2809.2,2811.9 2 4
github.com/seredavin/helmfile-validate/pkg/helmfile/state/state.go:2811.9,2813.3 1 1
github.com/seredavin/helmfile-validate/pkg/helmfile/state/state.go:2815.2,2817.9 2 3
github.com/seredavin/helmfile-validate/pkg/helmfile/state/state.go:2817.9,2819.3 1 0
github.com/seredavin/helmfile-validate/pkg/helmfile/state/state.go:2821.2,2821.15 1 3
github.com/seredavin/helmfile-validate/pkg/helmfile/state/state.go:2824.87,2827.2 2 1
github.com/seredavin/helmfile-validate/pkg/helmfile/state/state.go:2829.112,2831.37 2 1
github.com/seredavin/helmfile-validate/pkg/helmfile/state/state.go:2831.37,2832.18 1 4
github.com/seredavin/helmfile-validate/pkg/helmfile/state/state.go:2832.18,2834.4 1 1
github.com/seredavin/helmfile-validate/pkg/helmfile/state/state.go:2836.2,2836.28 1 1
github.com/seredavin/helmfile-validate/pkg/helmfile/state/state.go:2839.71,2840.29 1 1
github.com/seredavin/helmfile-validate/pkg/helmfile/state/state.go:2840.29,2841.57 1 4
github.com/seredavin/helmfile-validate/pkg/helmfile/state/state.go:2841.57,2843.4 1 2
github.com/seredavin/helmfile-validate/pkg/helmfile/state/state.go:2847.123,2848.35 1 3
github.com/seredavin/helmfile-validate/pkg/helmfile/state/state.go:2848.35,2849.52 1 2
github.com/seredavin/helmfile-validate/pkg/helmfile/state/state.go:2849.52,2853.34 4 2
github.com/seredavin/helmfile-validate/pkg/helmfile/state/state.go:2853.34,2854.30 1 8
github.com/seredavin/helmfile-validate/pkg/helmfile/state/state.go:2854.30,2856.6 1 2
github.com/seredavin/helmfile-validate/pkg/helmfile/state/state.go:2862.94,2864.16 2 17
github.com/seredavin/helmfile-validate/pkg/helmfile/state/state.go:2864.16,2866.3 1 0
github.com/seredavin/helmfile-validate/pkg/helmfile/state/state.go:2867.2,2868.37 2 17
github.com/seredavin/helmfile-validate/pkg/helmfile/state/state.go:2868.37,2869.18 1 71
github.com/seredavin/helmfile-validate/pkg/helmfile/state/state.go:2869.18,2871.4 1 39
github.com/seredavin/helmfile-validate/pkg/helmfile/state/state.go:2874.2,2874.22 1 17
github.com/seredavin/helmfile-validate/pkg/helmfile/state/state.go:2878.72,2880.16 2 3
github.com/seredavin/helmfile-validate/pkg/helmfile/state/state.go:2880.16,2882.3 1 0
github.com/seredavin/helmfile-validate/pkg/helmfile/state/state.go:2883.2,2884.12 2 3
github.com/seredavin/helmfile-validate/pkg/helmfile/state/state.go:2887.86,2889.2 1 0
github.com/seredavin/helmfile-validate/pkg/helmfile/state/state.go:2891.86,2893.2 1 0
github.com/seredavin/helmfile-validate/pkg/helmfile/state/state.go:2895.108,2910.2 3 0
github.com/seredavin/helmfile-validate/pkg/helmfile/state/state.go:2912.96,2914.2 1 0
github.com/seredavin/helmfile-validate/pkg/helmfile/state/state.go:2916.96,2918.2 1 32
github.com/seredavin/helmfile-validate/pkg/helmfile/state/state.go:2920.96,2922.2 1 32
github.com/seredavin/helmfile-validate/pkg/helmfile/state/state.go:2924.111,2926.2 1 32
github.com/seredavin/helmfile-validate/pkg/helmfile/state/state.go:2928.97,2930.2 1 0
github.com/seredavin/helmfile-validate/pkg/helmfile/state/state.go:2932.118,2951.2 4 135
github.com/seredavin/helmfile-validate/pkg/helmfile/state/state.go:2954.56,2956.2 1 3
github.com/seredavin/helmfile-validate/pkg/helmfile/state/state.go:2959.95,2962.27 2 1
github.com/seredavin/helmfile-validate/pkg/helmfile/state/state.go:2962.27,2968.17 3 0
github.com/seredavin/helmfile-validate/pkg/helmfile/state/state.go:2968.17,2970.4 1 0
github.com/seredavin/helmfile-validate/pkg/helmfile/state/state.go:2971.8,2973.3 1 1
github.com/seredavin/helmfile-validate/pkg/helmfile/state/state.go:2975.2,2979.35 3 1
github.com/seredavin/helmfile-validate/pkg/helmfile/state/state.go:2979.35,2980.58 1 5
github.com/seredavin/helmfile-validate/pkg/helmfile/state/state.go:2980.58,2982.4 1 3
github.com/seredavin/helmfile-validate/pkg/helmfile/state/state.go:2982.9,2982.89 1 2
github.com/seredavin/helmfile-validate/pkg/helmfile/state/state.go:2982.89,2984.4 1 0
github.com/seredavin/helmfile-validate/pkg/helmfile/state/state.go:2984.9,2985.69 1 2
github.com/seredavin/helmfile-validate/pkg/helmfile/state/state.go:2985.69,2987.5 1 0
github.com/seredavin/helmfile-validate/pkg/helmfile/state/state.go:2991.2,2991.20 1 1
github.com/seredavin/helmfile-validate/pkg/helmfile/state/state.go:2991.20,2993.21 2 1
github.com/seredavin/helmfile-validate/pkg/helmfile/state/state.go:2993.21,2995.4 1 0
github.com/seredavin/helmfile-validate/pkg/helmfile/state/state.go:2996.3,2997.17 2 1
github.com/seredavin/helmfile-validate/pkg/helmfile/state/state.go:2997.17,2999.4 1 0
github.com/seredavin/helmfile-validate/pkg/helmfile/state/state.go:3002.2,3002.20 1 1
github.com/seredavin/helmfile-validate/pkg/helmfile/state/state.go:3002.20,3004.3 1 0
github.com/seredavin/helmfile-validate/pkg/helmfile/state/state.go:3005.2,3005.12 1 1
github.com/seredavin/helmfile-validate/pkg/helmfile/state/state.go:3015.127,3016.27 1 0
github.com/seredavin/helmfile-validate/pkg/helmfile/state/state.go:3016.27,3018.3 1 0
github.com/seredavin/helmfile-validate/pkg/helmfile/state/state.go:3019.2,3021.36 2 0
github.com/seredavin/helmfile-validate/pkg/helmfile/state/state.go:3021.36,3022.33 1 0
github.com/seredavin/helmfile-validate/pkg/helmfile/state/state.go:3022.33,3023.21 1 0
github.com/seredavin/helmfile-validate/pkg/helmfile/state/state.go:3023.21,3024.44 1 0
github.com/seredavin/helmfile-validate/pkg/helmfile/state/state.go:3024.44,3026.6 1 0
github.com/seredavin/helmfile-validate/pkg/helmfile/state/state.go:3027.5,3027.90 1 0
github.com/seredavin/helmfile-validate/pkg/helmfile/state/state.go:3027.90,3029.6 1 0
github.com/seredavin/helmfile-validate/pkg/helmfile/state/state.go:3033.2,3033.12 1 0
github.com/seredavin/helmfile-validate/pkg/helmfile/state/state.go:3037.61,3039.86 2 0
github.com/seredavin/helmfile-validate/pkg/helmfile/state/state.go:3039.86,3040.17 1 0
github.com/seredavin/helmfile-validate/pkg/helmfile/state/state.go:3040.17,3042.4 1 0
github.com/seredavin/helmfile-validate/pkg/helmfile/state/state.go:3043.3,3043.17 1 0
github.com/seredavin/helmfile-validate/pkg/helmfile/state/state.go:3043.17,3045.23 2 0
github.com/seredavin/helmfile-validate/pkg/helmfile/state/state.go:3045.23,3047.5 1 0
github.com/seredavin/helmfile-validate/pkg/helmfile/state/state.go:3049.3,3049.13 1 0
github.com/seredavin/helmfile-validate/pkg/helmfile/state/state.go:3051.2,3051.16 1 0
github.com/seredavin/helmfile-validate/pkg/helmfile/state/state.go:3051.16,3053.3 1 0
github.com/seredavin/helmfile-validate/pkg/helmfile/state/state.go:3055.2,3056.20 2 0
github.com/seredavin/helmfile-validate/pkg/helmfile/state/state.go:3056.20,3059.3 2 0
github.com/seredavin/helmfile-validate/pkg/helmfile/state/state.go:3061.2,3061.55 1 0
github.com/seredavin/helmfile-validate/pkg/helmfile/state/state.go:3065.91,3069.2 3 129
github.com/seredavin/helmfile-validate/pkg/helmfile/state/state.go:3075.83,3076.9 1 24
github.com/seredavin/helmfile-validate/pkg/helmfile/state/state.go:3077.40,3078.64 1 1
github.com/seredavin/helmfile-validate/pkg/helmfile/state/state.go:3079.39,3080.95 1 2
github.com/seredavin/helmfile-validate/pkg/helmfile/state/state.go:3082.2,3082.14 1 24
github.com/seredavin/helmfile-validate/pkg/helmfile/state/state.go:3089.83,3090.9 1 73
github.com/seredavin/helmfile-validate/pkg/helmfile/state/state.go:3091.40,3092.64 1 1
github.com/seredavin/helmfile-validate/pkg/helmfile/state/state.go:3093.39,3094.95 1 2
github.com/seredavin/helmfile-validate/pkg/helmfile/state/state.go:3096.2,3096.14 1 73
github.com/seredavin/helmfile-validate/pkg/helmfile/state/state.go:3100.87,3102.9 2 76
github.com/seredavin/helmfile-validate/pkg/helmfile/state/state.go:3103.29,3106.8 2 13
github.com/seredavin/helmfile-validate/pkg/helmfile/state/state.go:3106.8,3108.4 1 2
github.com/seredavin/helmfile-validate/pkg/helmfile/state/state.go:3109.3,3109.15 1 13
github.com/seredavin/helmfile-validate/pkg/helmfile/state/state.go:3110.34,3111.36 1 1
github.com/seredavin/helmfile-validate/pkg/helmfile/state/state.go:3112.30,3113.36 1 1
github.com/seredavin/helmfile-validate/pkg/helmfile/state/state.go:3115.2,3115.14 1 63
github.com/seredavin/helmfile-validate/pkg/helmfile/state/state.go:3119.88,3121.9 2 71
github.com/seredavin/helmfile-validate/pkg/helmfile/state/state.go:3122.29,3123.54 1 0
github.com/seredavin/helmfile-validate/pkg/helmfile/state/state.go:3124.41,3125.51 1 0
github.com/seredavin/helmfile-validate/pkg/helmfile/state/state.go:3126.37,3127.62 1 0
github.com/seredavin/helmfile-validate/pkg/helmfile/state/state.go:3130.2,3130.14 1 71
github.com/seredavin/helmfile-validate/pkg/helmfile/state/state.go:3134.90,3135.109 1 95
github.com/seredavin/helmfile-validate/pkg/helmfile/state/state.go:3135.109,3137.3 1 3
github.com/seredavin/helmfile-validate/pkg/helmfile/state/state.go:3138.2,3138.14 1 95
github.com/seredavin/helmfile-validate/pkg/helmfile/state/state.go:3144.66,3145.31 1 165
github.com/seredavin/helmfile-validate/pkg/helmfile/state/state.go:3145.31,3147.3 1 6
github.com/seredavin/helmfile-validate/pkg/helmfile/state/state.go:3148.2,3148.52 1 159
github.com/seredavin/helmfile-validate/pkg/helmfile/state/state.go:3148.52,3150.3 1 2
github.com/seredavin/helmfile-validate/pkg/helmfile/state/state.go:3151.2,3151.39 1 157
github.com/seredavin/helmfile-validate/pkg/helmfile/state/state.go:3151.39,3153.3 1 3
github.com/seredavin/helmfile-validate/pkg/helmfile/state/state.go:3154.2,3154.11 1 154
github.com/seredavin/helmfile-validate/pkg/helmfile/state/state.go:3157.73,3159.66 2 160
github.com/seredavin/helmfile-validate/pkg/helmfile/state/state.go:3159.66,3161.3 1 7
github.com/seredavin/helmfile-validate/pkg/helmfile/state/state.go:3162.2,3162.14 1 160
github.com/seredavin/helmfile-validate/pkg/helmfile/state/state.go:3165.94,3167.38 2 112
github.com/seredavin/helmfile-validate/pkg/helmfile/state/state.go:3167.38,3171.3 2 4
github.com/seredavin/helmfile-validate/pkg/helmfile/state/state.go:3173.2,3173.50 1 108
github.com/seredavin/helmfile-validate/pkg/helmfile/state/state.go:3173.50,3175.3 1 3
github.com/seredavin/helmfile-validate/pkg/helmfile/state/state.go:3177.2,3177.14 1 108
github.com/seredavin/helmfile-validate/pkg/helmfile/state/state.go:3180.86,3182.17 2 140
github.com/seredavin/helmfile-validate/pkg/helmfile/state/state.go:3182.17,3184.3 1 3
github.com/seredavin/helmfile-validate/pkg/helmfile/state/state.go:3186.2,3186.20 1 140
github.com/seredavin/helmfile-validate/pkg/helmfile/state/state.go:3186.20,3188.3 1 137
github.com/seredavin/helmfile-validate/pkg/helmfile/state/state.go:3190.2,3190.67 1 140
github.com/seredavin/helmfile-validate/pkg/helmfile/state/state.go:3193.98,3195.17 2 112
github.com/seredavin/helmfile-validate/pkg/helmfile/state/state.go:3195.17,3197.3 1 2
github.com/seredavin/helmfile-validate/pkg/helmfile/state/state.go:3199.2,3199.20 1 112
github.com/seredavin/helmfile-validate/pkg/helmfile/state/state.go:3199.20,3201.3 1 109
github.com/seredavin/helmfile-validate/pkg/helmfile/state/state.go:3203.2,3203.87 1 112
github.com/seredavin/helmfile-validate/pkg/helmfile/state/state.go:3206.81,3210.28 3 71
github.com/seredavin/helmfile-validate/pkg/helmfile/state/state.go:3210.28,3212.3 1 2
github.com/seredavin/helmfile-validate/pkg/helmfile/state/state.go:3213.2,3213.35 1 71
github.com/seredavin/helmfile-validate/pkg/helmfile/state/state.go:3213.35,3215.3 1 1
github.com/seredavin/helmfile-validate/pkg/helmfile/state/state.go:3216.2,3216.18 1 71
github.com/seredavin/helmfile-validate/pkg/helmfile/state/state.go:3216.18,3220.3 3 3
github.com/seredavin/helmfile-validate/pkg/helmfile/state/state.go:3222.2,3222.14 1 71
github.com/seredavin/helmfile-validate/pkg/helmfile/state/state.go:3225.145,3234.35 6 71
github.com/seredavin/helmfile-validate/pkg/helmfile/state/state.go:3234.35,3237.3 2 71
github.com/seredavin/helmfile-validate/pkg/helmfile/state/state.go:3239.2,3241.93 2 71
github.com/seredavin/helmfile-validate/pkg/helmfile/state/state.go:3241.93,3243.3 1 1
github.com/seredavin/helmfile-validate/pkg/helmfile/state/state.go:3245.2,3245.121 1 71
github.com/seredavin/helmfile-validate/pkg/helmfile/state/state.go:3245.121,3247.3 1 1
github.com/seredavin/helmfile-validate/pkg/helmfile/state/state.go:3249.2,3249.97 1 71
github.com/seredavin/helmfile-validate/pkg/helmfile/state/state.go:3249.97,3251.3 1 2
github.com/seredavin/helmfile-validate/pkg/helmfile/state/state.go:3253.2,3253.125 1 71
github.com/seredavin/helmfile-validate/pkg/helmfile/state/state.go:3253.125,3255.3 1 2
github.com/seredavin/helmfile-validate/pkg/helmfile/state/state.go:3257.2,3258.114 1 71
github.com/seredavin/helmfile-validate/pkg/helmfile/state/state.go:3258.114,3259.37 1 66
github.com/seredavin/helmfile-validate/pkg/helmfile/state/state.go:3259.37,3261.4 1 2
github.com/seredavin/helmfile-validate/pkg/helmfile/state/state.go:3261.9,3261.86 1 64
github.com/seredavin/helmfile-validate/pkg/helmfile/state/state.go:3261.86,3264.4 1 1
github.com/seredavin/helmfile-validate/pkg/helmfile/state/state.go:3267.2,3268.139 1 70
github.com/seredavin/helmfile-validate/pkg/helmfile/state/state.go:3268.139,3270.3 1 0
github.com/seredavin/helmfile-validate/pkg/helmfile/state/state.go:3272.2,3275.16 4 70
github.com/seredavin/helmfile-validate/pkg/helmfile/state/state.go:3275.16,3279.3 3 41
github.com/seredavin/helmfile-validate/pkg/helmfile/state/state.go:3281.2,3291.16 7 70
github.com/seredavin/helmfile-validate/pkg/helmfile/state/state.go:3291.16,3293.3 1 41
github.com/seredavin/helmfile-validate/pkg/helmfile/state/state.go:3294.2,3297.16 3 70
github.com/seredavin/helmfile-validate/pkg/helmfile/state/state.go:3297.16,3299.3 1 41
github.com/seredavin/helmfile-validate/pkg/helmfile/state/state.go:3301.2,3312.16 6 70
github.com/seredavin/helmfile-validate/pkg/helmfile/state/state.go:3312.16,3314.3 1 2
github.com/seredavin/helmfile-validate/pkg/helmfile/state/state.go:3315.2,3315.45 1 68
github.com/seredavin/helmfile-validate/pkg/helmfile/state/state.go:3318.150,3328.16 9 9
github.com/seredavin/helmfile-validate/pkg/helmfile/state/state.go:3328.16,3334.3 5 9
github.com/seredavin/helmfile-validate/pkg/helmfile/state/state.go:3335.2,3345.16 9 9
github.com/seredavin/helmfile-validate/pkg/helmfile/state/state.go:3345.16,3347.3 1 0
github.com/seredavin/helmfile-validate/pkg/helmfile/state/state.go:3348.2,3348.45 1 9
github.com/seredavin/helmfile-validate/pkg/helmfile/state/state.go:3351.166,3354.20 2 24
github.com/seredavin/helmfile-validate/pkg/helmfile/state/state.go:3354.20,3356.3 1 0
github.com/seredavin/helmfile-validate/pkg/helmfile/state/state.go:3356.8,3358.3 1 24
github.com/seredavin/helmfile-validate/pkg/helmfile/state/state.go:3359.2,3364.45 5 24
github.com/seredavin/helmfile-validate/pkg/helmfile/state/state.go:3364.45,3366.3 1 0
github.com/seredavin/helmfile-validate/pkg/helmfile/state/state.go:3366.8,3366.60 1 24
github.com/seredavin/helmfile-validate/pkg/helmfile/state/state.go:3366.60,3368.3 1 0
github.com/seredavin/helmfile-validate/pkg/helmfile/state/state.go:3370.2,3370.30 1 24
github.com/seredavin/helmfile-validate/pkg/helmfile/state/state.go:3370.30,3372.3 1 0
github.com/seredavin/helmfile-validate/pkg/helmfile/state/state.go:3374.2,3374.38 1 24
github.com/seredavin/helmfile-validate/pkg/helmfile/state/state.go:3374.38,3376.3 1 0
github.com/seredavin/helmfile-validate/pkg/helmfile/state/state.go:3376.8,3376.53 1 24
github.com/seredavin/helmfile-validate/pkg/helmfile/state/state.go:3376.53,3378.3 1 0
github.com/seredavin/helmfile-validate/pkg/helmfile/state/state.go:3380.2,3380.23 1 24
github.com/seredavin/helmfile-validate/pkg/helmfile/state/state.go:3380.23,3382.3 1 0
github.com/seredavin/helmfile-validate/pkg/helmfile/state/state.go:3393.2,3394.58 2 24
github.com/seredavin/helmfile-validate/pkg/helmfile/state/state.go:3394.58,3396.3 1 0
github.com/seredavin/helmfile-validate/pkg/helmfile/state/state.go:3396.8,3396.73 1 24
github.com/seredavin/helmfile-validate/pkg/helmfile/state/state.go:3396.73,3398.3 1 0
github.com/seredavin/helmfile-validate/pkg/helmfile/state/state.go:3400.2,3401.25 2 24
github.com/seredavin/helmfile-validate/pkg/helmfile/state/state.go:3401.25,3403.32 1 0
github.com/seredavin/helmfile-validate/pkg/helmfile/state/state.go:3403.32,3405.4 1 0
github.com/seredavin/helmfile-validate/pkg/helmfile/state/state.go:3405.9,3405.34 1 0
github.com/seredavin/helmfile-validate/pkg/helmfile/state/state.go:3405.34,3407.4 1 0
github.com/seredavin/helmfile-validate/pkg/helmfile/state/state.go:3408.8,3411.50 2 24
github.com/seredavin/helmfile-validate/pkg/helmfile/state/state.go:3411.50,3413.4 1 0
github.com/seredavin/helmfile-validate/pkg/helmfile/state/state.go:3415.2,3421.38 5 24
github.com/seredavin/helmfile-validate/pkg/helmfile/state/state.go:3421.38,3423.30 2 1
github.com/seredavin/helmfile-validate/pkg/helmfile/state/state.go:3423.30,3424.30 1 3
github.com/seredavin/helmfile-validate/pkg/helmfile/state/state.go:3424.30,3426.5 1 2
github.com/seredavin/helmfile-validate/pkg/helmfile/state/state.go:3428.3,3428.21 1 1
github.com/seredavin/helmfile-validate/pkg/helmfile/state/state.go:3431.2,3431.29 1 24
github.com/seredavin/helmfile-validate/pkg/helmfile/state/state.go:3431.29,3432.43 1 10
github.com/seredavin/helmfile-validate/pkg/helmfile/state/state.go:3432.43,3433.12 1 10
github.com/seredavin/helmfile-validate/pkg/helmfile/state/state.go:3435.3,3436.17 2 0
github.com/seredavin/helmfile-validate/pkg/helmfile/state/state.go:3436.17,3438.4 1 0
github.com/seredavin/helmfile-validate/pkg/helmfile/state/state.go:3439.3,3441.31 2 0
github.com/seredavin/helmfile-validate/pkg/helmfile/state/state.go:3441.31,3443.4 1 0
github.com/seredavin/helmfile-validate/pkg/helmfile/state/state.go:3444.3,3444.8 1 0
github.com/seredavin/helmfile-validate/pkg/helmfile/state/state.go:3447.2,3450.16 3 24
github.com/seredavin/helmfile-validate/pkg/helmfile/state/state.go:3450.16,3452.3 1 19
github.com/seredavin/helmfile-validate/pkg/helmfile/state/state.go:3453.2,3456.16 3 24
github.com/seredavin/helmfile-validate/pkg/helmfile/state/state.go:3456.16,3458.3 1 19
github.com/seredavin/helmfile-validate/pkg/helmfile/state/state.go:3459.2,3462.16 3 24
github.com/seredavin/helmfile-validate/pkg/helmfile/state/state.go:3462.16,3464.3 1 19
github.com/seredavin/helmfile-validate/pkg/helmfile/state/state.go:3465.2,3468.16 3 24
github.com/seredavin/helmfile-validate/pkg/helmfile/state/state.go:3468.16,3470.3 1 19
github.com/seredavin/helmfile-validate/pkg/helmfile/state/state.go:3471.2,3471.134 1 24
github.com/seredavin/helmfile-validate/pkg/helmfile/state/state.go:3471.134,3473.17 2 0
github.com/seredavin/helmfile-validate/pkg/helmfile/state/state.go:3473.17,3475.4 1 0
github.com/seredavin/helmfile-validate/pkg/helmfile/state/state.go:3476.3,3478.31 2 0
github.com/seredavin/helmfile-validate/pkg/helmfile/state/state.go:3478.31,3480.4 1 0
github.com/seredavin/helmfile-validate/pkg/helmfile/state/state.go:3481.3,3481.89 1 0
github.com/seredavin/helmfile-validate/pkg/helmfile/state/state.go:3484.2,3485.16 2 24
github.com/seredavin/helmfile-validate/pkg/helmfile/state/state.go:3485.16,3487.3 1 19
github.com/seredavin/helmfile-validate/pkg/helmfile/state/state.go:3489.2,3491.16 3 24
github.com/seredavin/helmfile-validate/pkg/helmfile/state/state.go:3491.16,3493.3 1 0
github.com/seredavin/helmfile-validate/pkg/helmfile/state/state.go:3495.2,3496.16 2 24
github.com/seredavin/helmfile-validate/pkg/helmfile/state/state.go:3496.16,3498.3 1 0
github.com/seredavin/helmfile-validate/pkg/helmfile/state/state.go:3500.2,3500.45 1 24
github.com/seredavin/helmfile-validate/pkg/helmfile/state/state.go:3503.149,3506.9 2 24
github.com/seredavin/helmfile-validate/pkg/helmfile/state/state.go:3507.62,3508.31 1 0
github.com/seredavin/helmfile-validate/pkg/helmfile/state/state.go:3509.21,3510.31 1 0
github.com/seredavin/helmfile-validate/pkg/helmfile/state/state.go:3511.78,3512.31 1 0
github.com/seredavin/helmfile-validate/pkg/helmfile/state/state.go:3514.2,3514.27 1 24
github.com/seredavin/helmfile-validate/pkg/helmfile/state/state.go:3514.27,3516.17 2 0
github.com/seredavin/helmfile-validate/pkg/helmfile/state/state.go:3516.17,3518.4 1 0
github.com/seredavin/helmfile-validate/pkg/helmfile/state/state.go:3519.3,3521.31 2 0
github.com/seredavin/helmfile-validate/pkg/helmfile/state/state.go:3521.31,3523.4 1 0
github.com/seredavin/helmfile-validate/pkg/helmfile/state/state.go:3524.3,3524.44 1 0
github.com/seredavin/helmfile-validate/pkg/helmfile/state/state.go:3526.2,3526.19 1 24
github.com/seredavin/helmfile-validate/pkg/helmfile/state/state.go:3529.93,3530.27 1 104
github.com/seredavin/helmfile-validate/pkg/helmfile/state/state.go:3530.27,3532.3 1 40
github.com/seredavin/helmfile-validate/pkg/helmfile/state/state.go:3534.2,3534.31 1 104
github.com/seredavin/helmfile-validate/pkg/helmfile/state/state.go:3534.31,3536.3 1 1
github.com/seredavin/helmfile-validate/pkg/helmfile/state/state.go:3538.2,3538.14 1 104
github.com/seredavin/helmfile-validate/pkg/helmfile/state/state.go:3541.61,3544.17 3 9
github.com/seredavin/helmfile-validate/pkg/helmfile/state/state.go:3544.17,3545.21 1 9
github.com/seredavin/helmfile-validate/pkg/helmfile/state/state.go:3545.21,3547.4 1 2
github.com/seredavin/helmfile-validate/pkg/helmfile/state/state.go:3547.9,3549.26 1 7
github.com/seredavin/helmfile-validate/pkg/helmfile/state/state.go:3549.26,3551.5 1 1
github.com/seredavin/helmfile-validate/pkg/helmfile/state/state.go:3552.4,3552.25 1 7
github.com/seredavin/helmfile-validate/pkg/helmfile/state/state.go:3552.25,3554.5 1 1
github.com/seredavin/helmfile-validate/pkg/helmfile/state/state.go:3555.4,3555.49 1 7
github.com/seredavin/helmfile-validate/pkg/helmfile/state/state.go:3555.49,3557.5 1 1
github.com/seredavin/helmfile-validate/pkg/helmfile/state/state.go:3559.3,3559.18 1 9
github.com/seredavin/helmfile-validate/pkg/helmfile/state/state.go:3559.18,3561.4 1 1
github.com/seredavin/helmfile-validate/pkg/helmfile/state/state.go:3562.3,3562.25 1 9
github.com/seredavin/helmfile-validate/pkg/helmfile/state/state.go:3562.25,3564.4 1 1
github.com/seredavin/helmfile-validate/pkg/helmfile/state/state.go:3565.3,3565.32 1 9
github.com/seredavin/helmfile-validate/pkg/helmfile/state/state.go:3565.32,3567.4 1 0
github.com/seredavin/helmfile-validate/pkg/helmfile/state/state.go:3570.2,3570.14 1 9
github.com/seredavin/helmfile-validate/pkg/helmfile/state/state.go:3573.133,3574.152 1 57
github.com/seredavin/helmfile-validate/pkg/helmfile/state/state.go:3574.152,3576.3 1 10
github.com/seredavin/helmfile-validate/pkg/helmfile/state/state.go:3576.8,3578.3 1 47
github.com/seredavin/helmfile-validate/pkg/helmfile/state/state.go:3580.2,3580.14 1 57
github.com/seredavin/helmfile-validate/pkg/helmfile/state/state.go:3583.62,3584.29 1 49
github.com/seredavin/helmfile-validate/pkg/helmfile/state/state.go:3584.29,3586.3 1 4
github.com/seredavin/helmfile-validate/pkg/helmfile/state/state.go:3587.2,3587.23 1 45
github.com/seredavin/helmfile-validate/pkg/helmfile/state/state.go:3590.80,3591.9 1 49
github.com/seredavin/helmfile-validate/pkg/helmfile/state/state.go:3592.25,3593.21 1 7
github.com/seredavin/helmfile-validate/pkg/helmfile/state/state.go:3594.27,3595.23 1 4
github.com/seredavin/helmfile-validate/pkg/helmfile/state/state.go:3596.28,3597.24 1 2
github.com/seredavin/helmfile-validate/pkg/helmfile/state/state.go:3599.2,3599.11 1 36
github.com/seredavin/helmfile-validate/pkg/helmfile/state/state.go:3602.106,3603.41 1 49
github.com/seredavin/helmfile-validate/pkg/helmfile/state/state.go:3603.41,3605.3 1 8
github.com/seredavin/helmfile-validate/pkg/helmfile/state/state.go:3607.2,3607.65 1 49
github.com/seredavin/helmfile-validate/pkg/helmfile/state/state.go:3607.65,3609.3 1 13
github.com/seredavin/helmfile-validate/pkg/helmfile/state/state.go:3611.2,3611.14 1 49
github.com/seredavin/helmfile-validate/pkg/helmfile/state/state.go:3614.63,3616.26 2 116
github.com/seredavin/helmfile-validate/pkg/helmfile/state/state.go:3616.26,3618.3 1 3
github.com/seredavin/helmfile-validate/pkg/helmfile/state/state.go:3620.2,3620.15 1 116
github.com/seredavin/helmfile-validate/pkg/helmfile/state/state.go:3623.127,3625.16 2 0
github.com/seredavin/helmfile-validate/pkg/helmfile/state/state.go:3625.16,3627.3 1 0
github.com/seredavin/helmfile-validate/pkg/helmfile/state/state.go:3629.2,3629.56 1 0
github.com/seredavin/helmfile-validate/pkg/helmfile/state/state.go:3632.87,3637.2 3 5
github.com/seredavin/helmfile-validate/pkg/helmfile/state/state.go:3639.77,3643.2 2 0
github.com/seredavin/helmfile-validate/pkg/helmfile/state/state.go:3645.104,3650.16 4 5
github.com/seredavin/helmfile-validate/pkg/helmfile/state/state.go:3650.16,3652.3 1 0
github.com/seredavin/helmfile-validate/pkg/helmfile/state/state.go:3655.2,3656.16 2 5
github.com/seredavin/helmfile-validate/pkg/helmfile/state/state.go:3656.16,3658.3 1 0
github.com/seredavin/helmfile-validate/pkg/helmfile/state/state.go:3660.2,3660.11 1 5
github.com/seredavin/helmfile-validate/pkg/helmfile/state/state.go:3660.11,3663.60 2 0
github.com/seredavin/helmfile-validate/pkg/helmfile/state/state.go:3663.60,3665.4 1 0
github.com/seredavin/helmfile-validate/pkg/helmfile/state/state.go:3667.3,3668.17 2 0
github.com/seredavin/helmfile-validate/pkg/helmfile/state/state.go:3668.17,3670.4 1 0
github.com/seredavin/helmfile-validate/pkg/helmfile/state/state.go:3672.3,3672.34 1 0
github.com/seredavin/helmfile-validate/pkg/helmfile/state/state.go:3675.2,3675.22 1 5
github.com/seredavin/helmfile-validate/pkg/helmfile/state/state.go:3678.41,3685.2 1 61
github.com/seredavin/helmfile-validate/pkg/helmfile/state/state.go:3687.69,3689.34 2 0
github.com/seredavin/helmfile-validate/pkg/helmfile/state/state.go:3689.34,3690.31 1 0
github.com/seredavin/helmfile-validate/pkg/helmfile/state/state.go:3690.31,3692.12 2 0
github.com/seredavin/helmfile-validate/pkg/helmfile/state/state.go:3695.3,3696.17 2 0
github.com/seredavin/helmfile-validate/pkg/helmfile/state/state.go:3696.17,3698.4 1 0
github.com/seredavin/helmfile-validate/pkg/helmfile/state/state.go:3699.3,3699.24 1 0
github.com/seredavin/helmfile-validate/pkg/helmfile/state/state.go:3699.24,3701.46 2 0
github.com/seredavin/helmfile-validate/pkg/helmfile/state/state.go:3701.46,3703.5 1 0
github.com/seredavin/helmfile-validate/pkg/helmfile/state/state.go:3704.4,3705.12 2 0
github.com/seredavin/helmfile-validate/pkg/helmfile/state/state.go:3707.3,3707.33 1 0
github.com/seredavin/helmfile-validate/pkg/helmfile/state/state.go:3707.33,3711.4 3 0
github.com/seredavin/helmfile-validate/pkg/helmfile/state/state.go:3714.2,3714.23 1 0
github.com/seredavin/helmfile-validate/pkg/helmfile/state/state.go:3717.50,3719.26 2 41
github.com/seredavin/helmfile-validate/pkg/helmfile/state/state.go:3719.26,3721.45 2 6
github.com/seredavin/helmfile-validate/pkg/helmfile/state/state.go:3721.45,3723.4 1 0
github.com/seredavin/helmfile-validate/pkg/helmfile/state/state.go:3723.9,3725.4 1 6
github.com/seredavin/helmfile-validate/pkg/helmfile/state/state.go:3727.2,3727.29 1 41
github.com/seredavin/helmfile-validate/pkg/helmfile/state/state.go:3727.29,3730.17 2 6
github.com/seredavin/helmfile-validate/pkg/helmfile/state/state.go:3730.17,3732.12 2 0
github.com/seredavin/helmfile-validate/pkg/helmfile/state/state.go:3735.3,3735.19 1 6
github.com/seredavin/helmfile-validate/pkg/helmfile/state/state.go:3735.19,3737.12 2 6
github.com/seredavin/helmfile-validate/pkg/helmfile/state/state.go:3740.3,3740.45 1 0
github.com/seredavin/helmfile-validate/pkg/helmfile/state/state.go:3740.45,3742.4 1 0
github.com/seredavin/helmfile-validate/pkg/helmfile/state/state.go:3742.9,3744.4 1 0
github.com/seredavin/helmfile-validate/pkg/helmfile/state/state.go:3748.77,3749.14 1 4
github.com/seredavin/helmfile-validate/pkg/helmfile/state/state.go:3749.14,3753.3 1 4
github.com/seredavin/helmfile-validate/pkg/helmfile/state/state.go:3754.2,3756.3 1 0
github.com/seredavin/helmfile-validate/pkg/helmfile/state/state.go:3762.105,3763.9 1 4
github.com/seredavin/helmfile-validate/pkg/helmfile/state/state.go:3764.47,3765.42 1 0
github.com/seredavin/helmfile-validate/pkg/helmfile/state/state.go:3766.42,3767.37 1 0
github.com/seredavin/helmfile-validate/pkg/helmfile/state/state.go:3768.10,3769.13 1 4
github.com/seredavin/helmfile-validate/pkg/helmfile/state/state.go:3777.81,3779.9 2 4
github.com/seredavin/helmfile-validate/pkg/helmfile/state/state.go:3780.41,3781.36 1 0
github.com/seredavin/helmfile-validate/pkg/helmfile/state/state.go:3782.36,3783.31 1 0
github.com/seredavin/helmfile-validate/pkg/helmfile/state/state.go:3784.10,3785.36 1 4
github.com/seredavin/helmfile-validate/pkg/helmfile/state/state.go:3792.54,3794.9 2 0
github.com/seredavin/helmfile-validate/pkg/helmfile/state/state.go:3795.36,3796.31 1 0
github.com/seredavin/helmfile-validate/pkg/helmfile/state/state.go:3797.10,3798.36 1 0
github.com/seredavin/helmfile-validate/pkg/helmfile/state/state.go:3802.112,3805.31 2 204
github.com/seredavin/helmfile-validate/pkg/helmfile/state/state.go:3805.31,3806.37 1 8
github.com/seredavin/helmfile-validate/pkg/helmfile/state/state.go:3807.15,3809.18 2 4
github.com/seredavin/helmfile-validate/pkg/helmfile/state/state.go:3809.18,3811.5 1 2
github.com/seredavin/helmfile-validate/pkg/helmfile/state/state.go:3812.4,3812.12 1 2
github.com/seredavin/helmfile-validate/pkg/helmfile/state/state.go:3812.12,3813.13 1 0
github.com/seredavin/helmfile-validate/pkg/helmfile/state/state.go:3816.4,3816.22 1 2
github.com/seredavin/helmfile-validate/pkg/helmfile/state/state.go:3816.22,3818.5 1 0
github.com/seredavin/helmfile-validate/pkg/helmfile/state/state.go:3819.4,3822.18 3 2
github.com/seredavin/helmfile-validate/pkg/helmfile/state/state.go:3822.18,3824.5 1 0
github.com/seredavin/helmfile-validate/pkg/helmfile/state/state.go:3826.4,3827.18 2 2
github.com/seredavin/helmfile-validate/pkg/helmfile/state/state.go:3827.18,3829.5 1 0
github.com/seredavin/helmfile-validate/pkg/helmfile/state/state.go:3831.4,3831.54 1 2
github.com/seredavin/helmfile-validate/pkg/helmfile/state/state.go:3831.54,3834.5 2 0
github.com/seredavin/helmfile-validate/pkg/helmfile/state/state.go:3835.4,3839.59 3 2
github.com/seredavin/helmfile-validate/pkg/helmfile/state/state.go:3840.36,3842.18 2 4
github.com/seredavin/helmfile-validate/pkg/helmfile/state/state.go:3842.18,3844.5 1 0
github.com/seredavin/helmfile-validate/pkg/helmfile/state/state.go:3846.4,3847.53 2 4
github.com/seredavin/helmfile-validate/pkg/helmfile/state/state.go:3847.53,3851.5 3 0
github.com/seredavin/helmfile-validate/pkg/helmfile/state/state.go:3852.4,3855.59 3 4
github.com/seredavin/helmfile-validate/pkg/helmfile/state/state.go:3856.11,3857.108 1 0
github.com/seredavin/helmfile-validate/pkg/helmfile/state/state.go:3860.2,3860.28 1 202
github.com/seredavin/helmfile-validate/pkg/helmfile/state/state.go:3863.89,3865.35 2 103
github.com/seredavin/helmfile-validate/pkg/helmfile/state/state.go:3865.35,3866.33 1 8
github.com/seredavin/helmfile-validate/pkg/helmfile/state/state.go:3867.15,3869.33 2 4
github.com/seredavin/helmfile-validate/pkg/helmfile/state/state.go:3870.11,3871.30 1 4
github.com/seredavin/helmfile-validate/pkg/helmfile/state/state.go:3875.2,3876.16 2 103
github.com/seredavin/helmfile-validate/pkg/helmfile/state/state.go:3876.16,3878.3 1 0
github.com/seredavin/helmfile-validate/pkg/helmfile/state/state.go:3880.2,3881.9 2 103
github.com/seredavin/helmfile-validate/pkg/helmfile/state/state.go:3881.9,3883.3 1 0
github.com/seredavin/helmfile-validate/pkg/helmfile/state/state.go:3885.2,3886.16 2 103
github.com/seredavin/helmfile-validate/pkg/helmfile/state/state.go:3886.16,3888.3 1 2
github.com/seredavin/helmfile-validate/pkg/helmfile/state/state.go:3890.2,3890.28 1 101
github.com/seredavin/helmfile-validate/pkg/helmfile/state/state.go:3893.130,3896.36 2 101
github.com/seredavin/helmfile-validate/pkg/helmfile/state/state.go:3896.36,3903.28 2 0
github.com/seredavin/helmfile-validate/pkg/helmfile/state/state.go:3904.15,3906.18 2 0
github.com/seredavin/helmfile-validate/pkg/helmfile/state/state.go:3906.18,3908.5 1 0
github.com/seredavin/helmfile-validate/pkg/helmfile/state/state.go:3909.11,3911.18 2 0
github.com/seredavin/helmfile-validate/pkg/helmfile/state/state.go:3911.18,3913.5 1 0
github.com/seredavin/helmfile-validate/pkg/helmfile/state/state.go:3915.4,3916.18 2 0
github.com/seredavin/helmfile-validate/pkg/helmfile/state/state.go:3916.18,3918.5 1 0
github.com/seredavin/helmfile-validate/pkg/helmfile/state/state.go:3919.4,3921.62 2 0
github.com/seredavin/helmfile-validate/pkg/helmfile/state/state.go:3921.62,3924.5 2 0
github.com/seredavin/helmfile-validate/pkg/helmfile/state/state.go:3926.4,3926.33 1 0
github.com/seredavin/helmfile-validate/pkg/helmfile/state/state.go:3929.3,3929.11 1 0
github.com/seredavin/helmfile-validate/pkg/helmfile/state/state.go:3929.11,3930.12 1 0
github.com/seredavin/helmfile-validate/pkg/helmfile/state/state.go:3933.3,3933.21 1 0
github.com/seredavin/helmfile-validate/pkg/helmfile/state/state.go:3933.21,3935.4 1 0
github.com/seredavin/helmfile-validate/pkg/helmfile/state/state.go:3936.3,3939.17 3 0
github.com/seredavin/helmfile-validate/pkg/helmfile/state/state.go:3939.17,3941.4 1 0
github.com/seredavin/helmfile-validate/pkg/helmfile/state/state.go:3943.3,3943.69 1 0
github.com/seredavin/helmfile-validate/pkg/helmfile/state/state.go:3946.2,3947.16 2 101
github.com/seredavin/helmfile-validate/pkg/helmfile/state/state.go:3947.16,3949.3 1 0
github.com/seredavin/helmfile-validate/pkg/helmfile/state/state.go:3951.2,3951.28 1 101
github.com/seredavin/helmfile-validate/pkg/helmfile/state/state.go:3954.124,3956.16 2 103
github.com/seredavin/helmfile-validate/pkg/helmfile/state/state.go:3956.16,3958.3 1 2
github.com/seredavin/helmfile-validate/pkg/helmfile/state/state.go:3960.2,3961.16 2 101
github.com/seredavin/helmfile-validate/pkg/helmfile/state/state.go:3961.16,3963.3 1 0
github.com/seredavin/helmfile-validate/pkg/helmfile/state/state.go:3965.2,3967.25 2 101
github.com/seredavin/helmfile-validate/pkg/helmfile/state/state.go:3970.138,3972.29 2 103
github.com/seredavin/helmfile-validate/pkg/helmfile/state/state.go:3972.29,3974.3 1 39
github.com/seredavin/helmfile-validate/pkg/helmfile/state/state.go:3976.2,3979.16 3 103
github.com/seredavin/helmfile-validate/pkg/helmfile/state/state.go:3979.16,3981.3 1 2
github.com/seredavin/helmfile-validate/pkg/helmfile/state/state.go:3983.2,3985.35 2 101
github.com/seredavin/helmfile-validate/pkg/helmfile/state/state.go:3985.35,3987.3 1 6
github.com/seredavin/helmfile-validate/pkg/helmfile/state/state.go:3989.2,3989.32 1 101
github.com/seredavin/helmfile-validate/pkg/helmfile/state/state.go:3989.32,3991.17 2 6
github.com/seredavin/helmfile-validate/pkg/helmfile/state/state.go:3991.17,3993.4 1 0
github.com/seredavin/helmfile-validate/pkg/helmfile/state/state.go:3995.3,3995.37 1 6
github.com/seredavin/helmfile-validate/pkg/helmfile/state/state.go:3998.2,3998.38 1 101
github.com/seredavin/helmfile-validate/pkg/helmfile/state/state.go:3998.38,4000.17 2 0
github.com/seredavin/helmfile-validate/pkg/helmfile/state/state.go:4000.17,4002.4 1 0
github.com/seredavin/helmfile-validate/pkg/helmfile/state/state.go:4004.3,4004.43 1 0
github.com/seredavin/helmfile-validate/pkg/helmfile/state/state.go:4011.2,4011.32 1 101
github.com/seredavin/helmfile-validate/pkg/helmfile/state/state.go:4011.32,4014.41 3 0
github.com/seredavin/helmfile-validate/pkg/helmfile/state/state.go:4014.41,4016.13 2 0
github.com/seredavin/helmfile-validate/pkg/helmfile/state/state.go:4016.13,4018.5 1 0
github.com/seredavin/helmfile-validate/pkg/helmfile/state/state.go:4018.10,4021.5 2 0
github.com/seredavin/helmfile-validate/pkg/helmfile/state/state.go:4023.3,4023.27 1 0
github.com/seredavin/helmfile-validate/pkg/helmfile/state/state.go:4023.27,4027.4 3 0
github.com/seredavin/helmfile-validate/pkg/helmfile/state/state.go:4028.3,4028.57 1 0
github.com/seredavin/helmfile-validate/pkg/helmfile/state/state.go:4034.2,4034.26 1 101
github.com/seredavin/helmfile-validate/pkg/helmfile/state/state.go:4037.71,4040.32 2 6
github.com/seredavin/helmfile-validate/pkg/helmfile/state/state.go:4040.32,4041.22 1 12
github.com/seredavin/helmfile-validate/pkg/helmfile/state/state.go:4041.22,4043.18 2 8
github.com/seredavin/helmfile-validate/pkg/helmfile/state/state.go:4043.18,4045.5 1 0
github.com/seredavin/helmfile-validate/pkg/helmfile/state/state.go:4046.4,4046.100 1 8
github.com/seredavin/helmfile-validate/pkg/helmfile/state/state.go:4047.9,4047.28 1 4
github.com/seredavin/helmfile-validate/pkg/helmfile/state/state.go:4047.28,4049.4 1 2
github.com/seredavin/helmfile-validate/pkg/helmfile/state/state.go:4049.9,4049.33 1 2
github.com/seredavin/helmfile-validate/pkg/helmfile/state/state.go:4049.33,4051.18 2 2
github.com/seredavin/helmfile-validate/pkg/helmfile/state/state.go:4051.18,4053.5 1 0
github.com/seredavin/helmfile-validate/pkg/helmfile/state/state.go:4054.4,4055.39 2 2
github.com/seredavin/helmfile-validate/pkg/helmfile/state/state.go:4055.39,4057.5 1 4
github.com/seredavin/helmfile-validate/pkg/helmfile/state/state.go:4058.4,4059.79 2 2
github.com/seredavin/helmfile-validate/pkg/helmfile/state/state.go:4063.2,4063.19 1 6
github.com/seredavin/helmfile-validate/pkg/helmfile/state/state.go:4067.77,4070.32 2 3
github.com/seredavin/helmfile-validate/pkg/helmfile/state/state.go:4070.32,4071.22 1 3
github.com/seredavin/helmfile-validate/pkg/helmfile/state/state.go:4071.22,4073.18 2 2
github.com/seredavin/helmfile-validate/pkg/helmfile/state/state.go:4073.18,4075.5 1 0
github.com/seredavin/helmfile-validate/pkg/helmfile/state/state.go:4076.4,4076.107 1 2
github.com/seredavin/helmfile-validate/pkg/helmfile/state/state.go:4077.9,4077.33 1 1
github.com/seredavin/helmfile-validate/pkg/helmfile/state/state.go:4077.33,4079.18 2 1
github.com/seredavin/helmfile-validate/pkg/helmfile/state/state.go:4079.18,4081.5 1 0
github.com/seredavin/helmfile-validate/pkg/helmfile/state/state.go:4082.4,4083.39 2 1
github.com/seredavin/helmfile-validate/pkg/helmfile/state/state.go:4083.39,4085.5 1 2
github.com/seredavin/helmfile-validate/pkg/helmfile/state/state.go:4086.4,4087.86 2 1
github.com/seredavin/helmfile-validate/pkg/helmfile/state/state.go:4091.2,4091.19 1 3
github.com/seredavin/helmfile-validate/pkg/helmfile/state/state.go:4095.77,4097.20 2 13
github.com/seredavin/helmfile-validate/pkg/helmfile/state/state.go:4097.20,4099.17 2 13
github.com/seredavin/helmfile-validate/pkg/helmfile/state/state.go:4099.17,4101.4 1 0
github.com/seredavin/helmfile-validate/pkg/helmfile/state/state.go:4103.3,4104.10 2 13
github.com/seredavin/helmfile-validate/pkg/helmfile/state/state.go:4104.10,4106.4 1 0
github.com/seredavin/helmfile-validate/pkg/helmfile/state/state.go:4108.3,4108.38 1 13
github.com/seredavin/helmfile-validate/pkg/helmfile/state/state.go:4108.38,4110.4 1 16
github.com/seredavin/helmfile-validate/pkg/helmfile/state/state.go:4112.2,4112.20 1 13
github.com/seredavin/helmfile-validate/pkg/helmfile/state/state.go:4115.68,4117.16 2 8
github.com/seredavin/helmfile-validate/pkg/helmfile/state/state.go:4117.16,4119.3 1 0
github.com/seredavin/helmfile-validate/pkg/helmfile/state/state.go:4120.2,4120.19 1 8
github.com/seredavin/helmfile-validate/pkg/helmfile/state/state.go:4120.19,4122.3 1 7
github.com/seredavin/helmfile-validate/pkg/helmfile/state/state.go:4123.2,4124.25 2 8
github.com/seredavin/helmfile-validate/pkg/helmfile/state/state.go:4128.80,4129.26 1 0
github.com/seredavin/helmfile-validate/pkg/helmfile/state/state.go:4129.26,4138.39 4 0
github.com/seredavin/helmfile-validate/pkg/helmfile/state/state.go:4138.39,4140.21 2 0
github.com/seredavin/helmfile-validate/pkg/helmfile/state/state.go:4140.21,4142.13 2 0
github.com/seredavin/helmfile-validate/pkg/helmfile/state/state.go:4144.4,4145.18 2 0
github.com/seredavin/helmfile-validate/pkg/helmfile/state/state.go:4145.18,4147.5 1 0
github.com/seredavin/helmfile-validate/pkg/helmfile/state/state.go:4149.3,4149.28 1 0
github.com/seredavin/helmfile-validate/pkg/helmfile/state/state.go:4151.2,4151.29 1 0
github.com/seredavin/helmfile-validate/pkg/helmfile/state/state.go:4151.29,4160.42 4 0
github.com/seredavin/helmfile-validate/pkg/helmfile/state/state.go:4160.42,4162.21 2 0
github.com/seredavin/helmfile-validate/pkg/helmfile/state/state.go:4162.21,4164.13 2 0
github.com/seredavin/helmfile-validate/pkg/helmfile/state/state.go:4166.4,4167.18 2 0
github.com/seredavin/helmfile-validate/pkg/helmfile/state/state.go:4167.18,4169.5 1 0
github.com/seredavin/helmfile-validate/pkg/helmfile/state/state.go:4171.3,4171.28 1 0
github.com/seredavin/helmfile-validate/pkg/helmfile/state/state.go:4173.2,4173.25 1 0
github.com/seredavin/helmfile-validate/pkg/helmfile/state/state.go:4173.25,4180.38 4 0
github.com/seredavin/helmfile-validate/pkg/helmfile/state/state.go:4180.38,4182.18 2 0
github.com/seredavin/helmfile-validate/pkg/helmfile/state/state.go:4182.18,4184.5 1 0
github.com/seredavin/helmfile-validate/pkg/helmfile/state/state.go:4186.3,4186.28 1 0
github.com/seredavin/helmfile-validate/pkg/helmfile/state/state.go:4188.2,4188.24 1 0
github.com/seredavin/helmfile-validate/pkg/helmfile/state/state.go:4188.24,4197.37 4 0
github.com/seredavin/helmfile-validate/pkg/helmfile/state/state.go:4197.37,4199.18 2 0
github.com/seredavin/helmfile-validate/pkg/helmfile/state/state.go:4199.18,4201.5 1 0
github.com/seredavin/helmfile-validate/pkg/helmfile/state/state.go:4203.3,4203.28 1 0
github.com/seredavin/helmfile-validate/pkg/helmfile/state/state.go:4205.2,4205.30 1 0
github.com/seredavin/helmfile-validate/pkg/helmfile/state/state.go:4205.30,4212.43 4 0
github.com/seredavin/helmfile-validate/pkg/helmfile/state/state.go:4212.43,4214.18 2 0
github.com/seredavin/helmfile-validate/pkg/helmfile/state/state.go:4214.18,4216.5 1 0
github.com/seredavin/helmfile-validate/pkg/helmfile/state/state.go:4218.3,4218.28 1 0
github.com/seredavin/helmfile-validate/pkg/helmfile/state/state.go:4222.34,4226.2 3 31
github.com/seredavin/helmfile-validate/pkg/helmfile/state/state.go:4230.53,4243.2 2 0
github.com/seredavin/helmfile-validate/pkg/helmfile/state/state.go:4247.75,4249.40 2 6
github.com/seredavin/helmfile-validate/pkg/helmfile/state/state.go:4249.40,4251.3 1 0
github.com/seredavin/helmfile-validate/pkg/helmfile/state/state.go:4253.2,4253.25 1 6
github.com/seredavin/helmfile-validate/pkg/helmfile/state/state.go:4254.14,4255.14 1 1
github.com/seredavin/helmfile-validate/pkg/helmfile/state/state.go:4256.35,4264.56 2 5
github.com/seredavin/helmfile-validate/pkg/helmfile/state/state.go:4264.56,4266.4 1 0
github.com/seredavin/helmfile-validate/pkg/helmfile/state/state.go:4267.3,4270.50 4 5
github.com/seredavin/helmfile-validate/pkg/helmfile/state/state.go:4274.2,4274.42 1 6
github.com/seredavin/helmfile-validate/pkg/helmfile/state/state.go:4274.42,4276.3 1 1
github.com/seredavin/helmfile-validate/pkg/helmfile/state/state.go:4278.2,4278.52 1 5
github.com/seredavin/helmfile-validate/pkg/helmfile/state/state.go:4278.52,4280.3 1 1
github.com/seredavin/helmfile-validate/pkg/helmfile/state/state.go:4281.2,4281.12 1 4
github.com/seredavin/helmfile-validate/pkg/helmfile/state/state.go:4284.122,4289.16 2 0
github.com/seredavin/helmfile-validate/pkg/helmfile/state/state.go:4289.16,4291.3 1 0
github.com/seredavin/helmfile-validate/pkg/helmfile/state/state.go:4293.2,4295.16 3 0
github.com/seredavin/helmfile-validate/pkg/helmfile/state/state.go:4295.16,4297.3 1 0
github.com/seredavin/helmfile-validate/pkg/helmfile/state/state.go:4299.2,4311.29 10 0
github.com/seredavin/helmfile-validate/pkg/helmfile/state/state.go:4311.29,4313.3 1 0
github.com/seredavin/helmfile-validate/pkg/helmfile/state/state.go:4315.2,4316.16 2 0
github.com/seredavin/helmfile-validate/pkg/helmfile/state/state.go:4316.16,4318.3 1 0
github.com/seredavin/helmfile-validate/pkg/helmfile/state/state.go:4320.2,4344.45 4 0
github.com/seredavin/helmfile-validate/pkg/helmfile/state/state.go:4344.45,4346.3 1 0
github.com/seredavin/helmfile-validate/pkg/helmfile/state/state.go:4348.2,4348.26 1 0
github.com/seredavin/helmfile-validate/pkg/helmfile/state/state.go:4354.124,4355.29 1 13
github.com/seredavin/helmfile-validate/pkg/helmfile/state/state.go:4355.29,4357.3 1 5
github.com/seredavin/helmfile-validate/pkg/helmfile/state/state.go:4359.2,4360.16 2 13
github.com/seredavin/helmfile-validate/pkg/helmfile/state/state.go:4360.16,4362.3 1 1
github.com/seredavin/helmfile-validate/pkg/helmfile/state/state.go:4364.2,4374.45 3 12
github.com/seredavin/helmfile-validate/pkg/helmfile/state/state.go:4374.45,4376.3 1 1
github.com/seredavin/helmfile-validate/pkg/helmfile/state/state.go:4378.2,4378.26 1 11
github.com/seredavin/helmfile-validate/pkg/helmfile/state/state.go:4381.110,4386.16 2 2
github.com/seredavin/helmfile-validate/pkg/helmfile/state/state.go:4386.16,4388.3 1 0
github.com/seredavin/helmfile-validate/pkg/helmfile/state/state.go:4390.2,4392.16 3 2
github.com/seredavin/helmfile-validate/pkg/helmfile/state/state.go:4392.16,4394.3 1 0
github.com/seredavin/helmfile-validate/pkg/helmfile/state/state.go:4396.2,4408.30 10 2
github.com/seredavin/helmfile-validate/pkg/helmfile/state/state.go:4408.30,4410.3 1 0
github.com/seredavin/helmfile-validate/pkg/helmfile/state/state.go:4412.2,4413.16 2 2
github.com/seredavin/helmfile-validate/pkg/helmfile/state/state.go:4413.16,4415.3 1 1
github.com/seredavin/helmfile-validate/pkg/helmfile/state/state.go:4417.2,4441.45 4 1
github.com/seredavin/helmfile-validate/pkg/helmfile/state/state.go:4441.45,4443.3 1 0
github.com/seredavin/helmfile-validate/pkg/helmfile/state/state.go:4445.2,4445.26 1 1
github.com/seredavin/helmfile-validate/pkg/helmfile/state/state.go:4448.47,4449.49 1 0
github.com/seredavin/helmfile-validate/pkg/helmfile/state/state.go:4449.49,4451.3 1 0
github.com/seredavin/helmfile-validate/pkg/helmfile/state/state.go:4451.8,4453.3 1 0
github.com/seredavin/helmfile-validate/pkg/helmfile/state/state.go:4456.142,4459.28 2 0
github.com/seredavin/helmfile-validate/pkg/helmfile/state/state.go:4459.28,4460.24 1 0
github.com/seredavin/helmfile-validate/pkg/helmfile/state/state.go:4461.15,4465.18 3 0
github.com/seredavin/helmfile-validate/pkg/helmfile/state/state.go:4465.18,4467.5 1 0
github.com/seredavin/helmfile-validate/pkg/helmfile/state/state.go:4468.4,4468.12 1 0
github.com/seredavin/helmfile-validate/pkg/helmfile/state/state.go:4468.12,4469.13 1 0
github.com/seredavin/helmfile-validate/pkg/helmfile/state/state.go:4472.4,4472.22 1 0
github.com/seredavin/helmfile-validate/pkg/helmfile/state/state.go:4472.22,4474.5 1 0
github.com/seredavin/helmfile-validate/pkg/helmfile/state/state.go:4475.4,4478.18 3 0
github.com/seredavin/helmfile-validate/pkg/helmfile/state/state.go:4478.18,4480.5 1 0
github.com/seredavin/helmfile-validate/pkg/helmfile/state/state.go:4482.4,4482.61 1 0
github.com/seredavin/helmfile-validate/pkg/helmfile/state/state.go:4482.61,4484.5 1 0
github.com/seredavin/helmfile-validate/pkg/helmfile/state/state.go:4486.4,4486.35 1 0
github.com/seredavin/helmfile-validate/pkg/helmfile/state/state.go:4487.11,4488.30 1 0
github.com/seredavin/helmfile-validate/pkg/helmfile/state/state.go:4492.2,4492.20 1 0
github.com/seredavin/helmfile-validate/pkg/helmfile/state/state.go:4495.32,4496.60 1 1
github.com/seredavin/helmfile-validate/pkg/helmfile/state/state.go:4496.60,4498.3 1 4
github.com/seredavin/helmfile-validate/pkg/helmfile/state/state.go:4500.2,4500.61 1 1
github.com/seredavin/helmfile-validate/pkg/helmfile/state/state.go:4500.61,4502.3 1 4
github.com/seredavin/helmfile-validate/pkg/helmfile/state/state.go:4515.75,4517.19 2 2
github.com/seredavin/helmfile-validate/pkg/helmfile/state/state.go:4517.19,4520.3 1 1
github.com/seredavin/helmfile-validate/pkg/helmfile/state/state.go:4521.2,4524.3 1 2
github.com/seredavin/helmfile-validate/pkg/helmfile/state/state.go:4528.72,4533.2 4 2
github.com/seredavin/helmfile-validate/pkg/helmfile/state/state.go:4536.70,4540.2 3 1
github.com/seredavin/helmfile-validate/pkg/helmfile/state/state.go:4565.62,4566.14 1 3
github.com/seredavin/helmfile-validate/pkg/helmfile/state/state.go:4566.14,4568.3 1 1
github.com/seredavin/helmfile-validate/pkg/helmfile/state/state.go:4569.2,4569.29 1 2
github.com/seredavin/helmfile-validate/pkg/helmfile/state/state.go:4569.29,4570.20 1 2
github.com/seredavin/helmfile-validate/pkg/helmfile/state/state.go:4570.20,4572.4 1 1
github.com/seredavin/helmfile-validate/pkg/helmfile/state/state.go:4572.9,4574.4 1 1
github.com/seredavin/helmfile-validate/pkg/helmfile/state/state.go:4576.2,4576.23 1 2
github.com/seredavin/helmfile-validate/pkg/helmfile/state/state.go:4576.23,4577.62 1 2
github.com/seredavin/helmfile-validate/pkg/helmfile/state/state.go:4577.62,4579.4 1 0
github.com/seredavin/helmfile-validate/pkg/helmfile/state/state.go:4594.139,4602.55 4 0
github.com/seredavin/helmfile-validate/pkg/helmfile/state/state.go:4602.55,4604.3 1 0
github.com/seredavin/helmfile-validate/pkg/helmfile/state/state.go:4605.2,4610.57 3 0
github.com/seredavin/helmfile-validate/pkg/helmfile/state/state.go:4610.57,4611.65 1 0
github.com/seredavin/helmfile-validate/pkg/helmfile/state/state.go:4611.65,4614.4 1 0
github.com/seredavin/helmfile-validate/pkg/helmfile/state/state.go:4614.9,4616.71 1 0
github.com/seredavin/helmfile-validate/pkg/helmfile/state/state.go:4616.71,4621.5 4 0
github.com/seredavin/helmfile-validate/pkg/helmfile/state/state.go:4623.4,4626.45 3 0
github.com/seredavin/helmfile-validate/pkg/helmfile/state/state.go:4631.2,4631.67 1 0
github.com/seredavin/helmfile-validate/pkg/helmfile/state/state.go:4631.67,4633.3 1 0
github.com/seredavin/helmfile-validate/pkg/helmfile/state/state.go:4636.2,4636.40 1 0
github.com/seredavin/helmfile-validate/pkg/helmfile/state/state.go:4636.40,4638.17 2 0
github.com/seredavin/helmfile-validate/pkg/helmfile/state/state.go:4638.17,4640.21 1 0
github.com/seredavin/helmfile-validate/pkg/helmfile/state/state.go:4640.21,4646.5 4 0
github.com/seredavin/helmfile-validate/pkg/helmfile/state/state.go:4648.4,4648.53 1 0
github.com/seredavin/helmfile-validate/pkg/helmfile/state/state.go:4648.53,4653.5 4 0
github.com/seredavin/helmfile-validate/pkg/helmfile/state/state.go:4655.4,4656.50 2 0
github.com/seredavin/helmfile-validate/pkg/helmfile/state/state.go:4656.50,4659.5 2 0
github.com/seredavin/helmfile-validate/pkg/helmfile/state/state.go:4660.4,4660.38 1 0
github.com/seredavin/helmfile-validate/pkg/helmfile/state/state.go:4661.9,4664.50 2 0
github.com/seredavin/helmfile-validate/pkg/helmfile/state/state.go:4664.50,4667.5 2 0
github.com/seredavin/helmfile-validate/pkg/helmfile/state/state.go:4668.4,4668.39 1 0
github.com/seredavin/helmfile-validate/pkg/helmfile/state/state.go:4670.8,4672.3 1 0
github.com/seredavin/helmfile-validate/pkg/helmfile/state/state.go:4674.2,4674.20 1 0
github.com/seredavin/helmfile-validate/pkg/helmfile/state/state.go:4681.89,4692.16 7 0
github.com/seredavin/helmfile-validate/pkg/helmfile/state/state.go:4692.16,4695.3 2 0
github.com/seredavin/helmfile-validate/pkg/helmfile/state/state.go:4696.2,4696.13 1 0
github.com/seredavin/helmfile-validate/pkg/helmfile/state/state.go:4696.13,4699.3 2 0
github.com/seredavin/helmfile-validate/pkg/helmfile/state/state.go:4701.2,4702.12 2 0
github.com/seredavin/helmfile-validate/pkg/helmfile/state/state.go:4708.92,4722.53 6 0
github.com/seredavin/helmfile-validate/pkg/helmfile/state/state.go:4722.53,4727.13 4 0
github.com/seredavin/helmfile-validate/pkg/helmfile/state/state.go:4727.13,4728.9 1 0
github.com/seredavin/helmfile-validate/pkg/helmfile/state/state.go:4730.3,4730.21 1 0
github.com/seredavin/helmfile-validate/pkg/helmfile/state/state.go:4730.21,4733.28 2 0
github.com/seredavin/helmfile-validate/pkg/helmfile/state/state.go:4733.28,4738.5 3 0
github.com/seredavin/helmfile-validate/pkg/helmfile/state/state.go:4739.9,4744.4 2 0
github.com/seredavin/helmfile-validate/pkg/helmfile/state/state.go:4747.2,4747.13 1 0
github.com/seredavin/helmfile-validate/pkg/helmfile/state/state.go:4747.13,4750.3 2 0
github.com/seredavin/helmfile-validate/pkg/helmfile/state/state.go:4752.2,4753.12 2 0
github.com/seredavin/helmfile-validate/pkg/helmfile/state/state.go:4758.140,4760.16 2 0
github.com/seredavin/helmfile-validate/pkg/helmfile/state/state.go:4760.16,4762.3 1 0
github.com/seredavin/helmfile-validate/pkg/helmfile/state/state.go:4764.2,4764.30 1 0
github.com/seredavin/helmfile-validate/pkg/helmfile/state/state.go:4764.30,4766.3 1 0
github.com/seredavin/helmfile-validate/pkg/helmfile/state/state.go:4772.2,4773.103 2 0
github.com/seredavin/helmfile-validate/pkg/helmfile/state/state.go:4773.103,4776.3 2 0
github.com/seredavin/helmfile-validate/pkg/helmfile/state/state.go:4778.2,4778.34 1 0
github.com/seredavin/helmfile-validate/pkg/helmfile/state/state.go:4778.34,4780.3 1 0
github.com/seredavin/helmfile-validate/pkg/helmfile/state/state.go:4782.2,4787.70 2 0
github.com/seredavin/helmfile-validate/pkg/helmfile/state/state.go:4787.70,4790.3 2 0
github.com/seredavin/helmfile-validate/pkg/helmfile/state/state.go:4791.2,4791.16 1 0
github.com/seredavin/helmfile-validate/pkg/helmfile/state/state.go:4791.16,4793.3 1 0
github.com/seredavin/helmfile-validate/pkg/helmfile/state/state.go:4796.2,4796.47 1 0
github.com/seredavin/helmfile-validate/pkg/helmfile/state/state.go:4796.47,4800.3 3 0
github.com/seredavin/helmfile-validate/pkg/helmfile/state/state.go:4803.2,4803.44 1 0
github.com/seredavin/helmfile-validate/pkg/helmfile/state/state.go:4803.44,4804.52 1 0
github.com/seredavin/helmfile-validate/pkg/helmfile/state/state.go:4804.52,4807.4 2 0
github.com/seredavin/helmfile-validate/pkg/helmfile/state/state.go:4811.2,4817.80 6 0
github.com/seredavin/helmfile-validate/pkg/helmfile/state/state.go:4817.80,4820.3 2 0
github.com/seredavin/helmfile-validate/pkg/helmfile/state/state.go:4822.2,4822.72 1 0
github.com/seredavin/helmfile-validate/pkg/helmfile/state/state.go:4822.72,4825.3 2 0
github.com/seredavin/helmfile-validate/pkg/helmfile/state/state.go:4827.2,4828.16 2 0
github.com/seredavin/helmfile-validate/pkg/helmfile/state/state.go:4828.16,4831.3 2 0
github.com/seredavin/helmfile-validate/pkg/helmfile/state/state.go:4833.2,4842.24 4 0
github.com/seredavin/helmfile-validate/pkg/helmfile/state/state.go:4846.52,4847.40 1 89
github.com/seredavin/helmfile-validate/pkg/helmfile/state/state.go:4847.40,4849.3 1 12
github.com/seredavin/helmfile-validate/pkg/helmfile/state/state.go:4851.2,4852.17 2 77
github.com/seredavin/helmfile-validate/pkg/helmfile/state/state.go:4852.17,4854.3 1 74
github.com/seredavin/helmfile-validate/pkg/helmfile/state/state.go:4855.2,4855.17 1 3
github.com/seredavin/helmfile-validate/pkg/helmfile/state/state.go:4858.101,4864.56 2 12
github.com/seredavin/helmfile-validate/pkg/helmfile/state/state.go:4864.56,4866.3 1 2
github.com/seredavin/helmfile-validate/pkg/helmfile/state/state.go:4868.2,4868.35 1 12
github.com/seredavin/helmfile-validate/pkg/helmfile/state/state.go:4868.35,4870.3 1 1
github.com/seredavin/helmfile-validate/pkg/helmfile/state/state.go:4875.2,4875.33 1 11
github.com/seredavin/helmfile-validate/pkg/helmfile/state/state.go:4875.33,4877.3 1 4
github.com/seredavin/helmfile-validate/pkg/helmfile/state/state.go:4879.2,4880.48 2 7
github.com/seredavin/helmfile-validate/pkg/helmfile/state/state.go:4880.48,4884.3 3 6
github.com/seredavin/helmfile-validate/pkg/helmfile/state/state.go:4884.8,4888.3 3 1
github.com/seredavin/helmfile-validate/pkg/helmfile/state/state.go:4889.2,4891.57 2 7
github.com/seredavin/helmfile-validate/pkg/helmfile/state/state.go:4894.53,4897.18 3 5
github.com/seredavin/helmfile-validate/pkg/helmfile/state/state.go:4897.18,4899.3 1 2
github.com/seredavin/helmfile-validate/pkg/helmfile/state/state.go:4900.2,4900.57 1 5
github.com/seredavin/helmfile-validate/pkg/helmfile/state/state.go:4903.143,4904.29 1 3
github.com/seredavin/helmfile-validate/pkg/helmfile/state/state.go:4904.29,4906.3 1 2
github.com/seredavin/helmfile-validate/pkg/helmfile/state/state.go:4908.2,4920.41 6 1
github.com/seredavin/helmfile-validate/pkg/helmfile/state/state_exec_tmpl.go:15.46,16.30 1 166
github.com/seredavin/helmfile-validate/pkg/helmfile/state/state_exec_tmpl.go:16.30,17.39 1 0
github.com/seredavin/helmfile-validate/pkg/helmfile/state/state_exec_tmpl.go:20.2,20.26 1 166
github.com/seredavin/helmfile-validate/pkg/helmfile/state/state_exec_tmpl.go:23.111,41.2 3 29
github.com/seredavin/helmfile-validate/pkg/helmfile/state/state_exec_tmpl.go:43.70,45.69 2 4
github.com/seredavin/helmfile-validate/pkg/helmfile/state/state_exec_tmpl.go:45.69,47.3 1 1
github.com/seredavin/helmfile-validate/pkg/helmfile/state/state_exec_tmpl.go:48.2,48.21 1 3
github.com/seredavin/helmfile-validate/pkg/helmfile/state/state_exec_tmpl.go:51.54,52.32 1 8
github.com/seredavin/helmfile-validate/pkg/helmfile/state/state_exec_tmpl.go:52.32,53.87 1 1
github.com/seredavin/helmfile-validate/pkg/helmfile/state/state_exec_tmpl.go:53.87,55.4 1 0
github.com/seredavin/helmfile-validate/pkg/helmfile/state/state_exec_tmpl.go:55.9,58.4 2 1
github.com/seredavin/helmfile-validate/pkg/helmfile/state/state_exec_tmpl.go:61.2,61.27 1 8
github.com/seredavin/helmfile-validate/pkg/helmfile/state/state_exec_tmpl.go:61.27,62.77 1 2
github.com/seredavin/helmfile-validate/pkg/helmfile/state/state_exec_tmpl.go:62.77,64.4 1 1
github.com/seredavin/helmfile-validate/pkg/helmfile/state/state_exec_tmpl.go:64.9,67.4 2 1
github.com/seredavin/helmfile-validate/pkg/helmfile/state/state_exec_tmpl.go:70.2,70.29 1 7
github.com/seredavin/helmfile-validate/pkg/helmfile/state/state_exec_tmpl.go:70.29,71.81 1 1
github.com/seredavin/helmfile-validate/pkg/helmfile/state/state_exec_tmpl.go:71.81,73.4 1 0
github.com/seredavin/helmfile-validate/pkg/helmfile/state/state_exec_tmpl.go:73.9,76.4 2 1
github.com/seredavin/helmfile-validate/pkg/helmfile/state/state_exec_tmpl.go:79.2,79.12 1 7
github.com/seredavin/helmfile-validate/pkg/helmfile/state/state_exec_tmpl.go:82.61,87.33 3 9
github.com/seredavin/helmfile-validate/pkg/helmfile/state/state_exec_tmpl.go:87.33,89.17 2 9
github.com/seredavin/helmfile-validate/pkg/helmfile/state/state_exec_tmpl.go:89.17,91.45 2 0
github.com/seredavin/helmfile-validate/pkg/helmfile/state/state_exec_tmpl.go:91.45,93.5 1 0
github.com/seredavin/helmfile-validate/pkg/helmfile/state/state_exec_tmpl.go:94.4,94.19 1 0
github.com/seredavin/helmfile-validate/pkg/helmfile/state/state_exec_tmpl.go:97.3,97.32 1 9
github.com/seredavin/helmfile-validate/pkg/helmfile/state/state_exec_tmpl.go:97.32,99.4 1 9
github.com/seredavin/helmfile-validate/pkg/helmfile/state/state_exec_tmpl.go:100.3,100.28 1 9
github.com/seredavin/helmfile-validate/pkg/helmfile/state/state_exec_tmpl.go:100.28,102.4 1 5
github.com/seredavin/helmfile-validate/pkg/helmfile/state/state_exec_tmpl.go:103.3,103.37 1 9
github.com/seredavin/helmfile-validate/pkg/helmfile/state/state_exec_tmpl.go:103.37,105.4 1 0
github.com/seredavin/helmfile-validate/pkg/helmfile/state/state_exec_tmpl.go:106.3,106.36 1 9
github.com/seredavin/helmfile-validate/pkg/helmfile/state/state_exec_tmpl.go:106.36,108.4 1 9
github.com/seredavin/helmfile-validate/pkg/helmfile/state/state_exec_tmpl.go:109.3,109.32 1 9
github.com/seredavin/helmfile-validate/pkg/helmfile/state/state_exec_tmpl.go:109.32,111.4 1 9
github.com/seredavin/helmfile-validate/pkg/helmfile/state/state_exec_tmpl.go:113.3,114.44 2 9
github.com/seredavin/helmfile-validate/pkg/helmfile/state/state_exec_tmpl.go:114.44,118.18 4 24
github.com/seredavin/helmfile-validate/pkg/helmfile/state/state_exec_tmpl.go:118.18,120.5 1 0
github.com/seredavin/helmfile-validate/pkg/helmfile/state/state_exec_tmpl.go:121.4,121.34 1 24
github.com/seredavin/helmfile-validate/pkg/helmfile/state/state_exec_tmpl.go:121.34,123.56 2 8
github.com/seredavin/helmfile-validate/pkg/helmfile/state/state_exec_tmpl.go:123.56,125.6 1 1
github.com/seredavin/helmfile-validate/pkg/helmfile/state/state_exec_tmpl.go:126.5,127.10 2 7
github.com/seredavin/helmfile-validate/pkg/helmfile/state/state_exec_tmpl.go:129.4,129.12 1 16
github.com/seredavin/helmfile-validate/pkg/helmfile/state/state_exec_tmpl.go:131.3,131.19 1 8
github.com/seredavin/helmfile-validate/pkg/helmfile/state/state_exec_tmpl.go:131.19,134.4 1 1
github.com/seredavin/helmfile-validate/pkg/helmfile/state/state_exec_tmpl.go:136.3,136.33 1 7
github.com/seredavin/helmfile-validate/pkg/helmfile/state/state_exec_tmpl.go:136.33,138.4 1 0
github.com/seredavin/helmfile-validate/pkg/helmfile/state/state_exec_tmpl.go:141.2,141.16 1 7
github.com/seredavin/helmfile-validate/pkg/helmfile/state/state_exec_tmpl.go:148.63,150.2 1 0
github.com/seredavin/helmfile-validate/pkg/helmfile/state/state_exec_tmpl.go:157.115,160.36 2 9
github.com/seredavin/helmfile-validate/pkg/helmfile/state/state_exec_tmpl.go:160.36,162.25 2 0
github.com/seredavin/helmfile-validate/pkg/helmfile/state/state_exec_tmpl.go:162.25,164.4 1 0
github.com/seredavin/helmfile-validate/pkg/helmfile/state/state_exec_tmpl.go:166.3,170.37 4 0
github.com/seredavin/helmfile-validate/pkg/helmfile/state/state_exec_tmpl.go:170.37,171.25 1 0
github.com/seredavin/helmfile-validate/pkg/helmfile/state/state_exec_tmpl.go:171.25,173.10 2 0
github.com/seredavin/helmfile-validate/pkg/helmfile/state/state_exec_tmpl.go:177.3,177.17 1 0
github.com/seredavin/helmfile-validate/pkg/helmfile/state/state_exec_tmpl.go:177.17,179.4 1 0
github.com/seredavin/helmfile-validate/pkg/helmfile/state/state_exec_tmpl.go:181.3,182.15 2 0
github.com/seredavin/helmfile-validate/pkg/helmfile/state/state_exec_tmpl.go:182.15,184.4 1 0
github.com/seredavin/helmfile-validate/pkg/helmfile/state/state_exec_tmpl.go:186.3,187.17 2 0
github.com/seredavin/helmfile-validate/pkg/helmfile/state/state_exec_tmpl.go:187.17,189.4 1 0
github.com/seredavin/helmfile-validate/pkg/helmfile/state/state_exec_tmpl.go:191.3,191.36 1 0
github.com/seredavin/helmfile-validate/pkg/helmfile/state/state_exec_tmpl.go:191.36,192.13 1 0
github.com/seredavin/helmfile-validate/pkg/helmfile/state/state_exec_tmpl.go:193.18,194.37 1 0
github.com/seredavin/helmfile-validate/pkg/helmfile/state/state_exec_tmpl.go:195.18,196.21 1 0
github.com/seredavin/helmfile-validate/pkg/helmfile/state/state_exec_tmpl.go:197.26,198.29 1 0
github.com/seredavin/helmfile-validate/pkg/helmfile/state/state_exec_tmpl.go:199.23,200.32 1 0
github.com/seredavin/helmfile-validate/pkg/helmfile/state/state_exec_tmpl.go:201.15,202.24 1 0
github.com/seredavin/helmfile-validate/pkg/helmfile/state/state_exec_tmpl.go:203.21,204.30 1 0
github.com/seredavin/helmfile-validate/pkg/helmfile/state/state_exec_tmpl.go:205.19,206.22 1 0
github.com/seredavin/helmfile-validate/pkg/helmfile/state/state_exec_tmpl.go:207.12,208.173 1 0
github.com/seredavin/helmfile-validate/pkg/helmfile/state/state_exec_tmpl.go:211.4,211.108 1 0
github.com/seredavin/helmfile-validate/pkg/helmfile/state/state_exec_tmpl.go:214.3,214.99 1 0
github.com/seredavin/helmfile-validate/pkg/helmfile/state/state_exec_tmpl.go:214.99,216.4 1 0
github.com/seredavin/helmfile-validate/pkg/helmfile/state/state_exec_tmpl.go:219.2,219.96 1 9
github.com/seredavin/helmfile-validate/pkg/helmfile/state/state_exec_tmpl.go:219.96,221.3 1 0
github.com/seredavin/helmfile-validate/pkg/helmfile/state/state_exec_tmpl.go:223.2,225.21 2 9
github.com/seredavin/helmfile-validate/pkg/helmfile/state/state_run.go:20.165,21.44 1 110
github.com/seredavin/helmfile-validate/pkg/helmfile/state/state_run.go:21.44,23.3 1 0
github.com/seredavin/helmfile-validate/pkg/helmfile/state/state_run.go:26.2,31.36 4 110
github.com/seredavin/helmfile-validate/pkg/helmfile/state/state_run.go:31.36,32.19 1 110
github.com/seredavin/helmfile-validate/pkg/helmfile/state/state_run.go:32.19,35.4 2 110
github.com/seredavin/helmfile-validate/pkg/helmfile/state/state_run.go:38.2,41.18 2 110
github.com/seredavin/helmfile-validate/pkg/helmfile/state/state_run.go:45.43,47.2 1 22
github.com/seredavin/helmfile-validate/pkg/helmfile/state/state_run.go:51.43,62.10 5 22
github.com/seredavin/helmfile-validate/pkg/helmfile/state/state_run.go:62.10,63.35 1 22
github.com/seredavin/helmfile-validate/pkg/helmfile/state/state_run.go:63.35,65.5 1 22
github.com/seredavin/helmfile-validate/pkg/helmfile/state/state_run.go:66.4,66.19 1 22
github.com/seredavin/helmfile-validate/pkg/helmfile/state/state_run.go:68.16,69.34 1 22
github.com/seredavin/helmfile-validate/pkg/helmfile/state/state_run.go:69.34,73.5 3 22
github.com/seredavin/helmfile-validate/pkg/helmfile/state/state_run.go:75.10,76.21 1 22
github.com/seredavin/helmfile-validate/pkg/helmfile/state/state_run.go:76.21,78.21 2 22
github.com/seredavin/helmfile-validate/pkg/helmfile/state/state_run.go:78.21,80.6 1 4
github.com/seredavin/helmfile-validate/pkg/helmfile/state/state_run.go:85.2,85.20 1 22
github.com/seredavin/helmfile-validate/pkg/helmfile/state/state_run.go:85.20,87.3 1 4
github.com/seredavin/helmfile-validate/pkg/helmfile/state/state_run.go:89.2,89.12 1 18
github.com/seredavin/helmfile-validate/pkg/helmfile/state/state_run.go:101.74,103.16 2 0
github.com/seredavin/helmfile-validate/pkg/helmfile/state/state_run.go:103.16,105.3 1 0
github.com/seredavin/helmfile-validate/pkg/helmfile/state/state_run.go:107.2,108.16 2 0
github.com/seredavin/helmfile-validate/pkg/helmfile/state/state_run.go:108.16,110.3 1 0
github.com/seredavin/helmfile-validate/pkg/helmfile/state/state_run.go:112.2,112.20 1 0
github.com/seredavin/helmfile-validate/pkg/helmfile/state/state_run.go:115.85,119.16 3 0
github.com/seredavin/helmfile-validate/pkg/helmfile/state/state_run.go:119.16,121.3 1 0
github.com/seredavin/helmfile-validate/pkg/helmfile/state/state_run.go:123.2,123.13 1 0
github.com/seredavin/helmfile-validate/pkg/helmfile/state/state_run.go:123.13,124.56 1 0
github.com/seredavin/helmfile-validate/pkg/helmfile/state/state_run.go:124.56,126.4 1 0
github.com/seredavin/helmfile-validate/pkg/helmfile/state/state_run.go:129.2,129.20 1 0
github.com/seredavin/helmfile-validate/pkg/helmfile/state/state_run.go:132.91,137.29 4 0
github.com/seredavin/helmfile-validate/pkg/helmfile/state/state_run.go:137.29,144.37 5 0
github.com/seredavin/helmfile-validate/pkg/helmfile/state/state_run.go:144.37,147.4 2 0
github.com/seredavin/helmfile-validate/pkg/helmfile/state/state_run.go:148.3,148.37 1 0
github.com/seredavin/helmfile-validate/pkg/helmfile/state/state_run.go:151.2,152.31 2 0
github.com/seredavin/helmfile-validate/pkg/helmfile/state/state_run.go:152.31,154.3 1 0
github.com/seredavin/helmfile-validate/pkg/helmfile/state/state_run.go:156.2,158.42 2 0
github.com/seredavin/helmfile-validate/pkg/helmfile/state/state_run.go:158.42,162.3 3 0
github.com/seredavin/helmfile-validate/pkg/helmfile/state/state_run.go:164.2,169.16 2 0
github.com/seredavin/helmfile-validate/pkg/helmfile/state/state_run.go:169.16,170.57 1 0
github.com/seredavin/helmfile-validate/pkg/helmfile/state/state_run.go:170.57,172.49 2 0
github.com/seredavin/helmfile-validate/pkg/helmfile/state/state_run.go:172.49,176.37 3 0
github.com/seredavin/helmfile-validate/pkg/helmfile/state/state_run.go:176.37,178.6 1 0
github.com/seredavin/helmfile-validate/pkg/helmfile/state/state_run.go:180.5,181.20 2 0
github.com/seredavin/helmfile-validate/pkg/helmfile/state/state_run.go:181.20,183.6 1 0
github.com/seredavin/helmfile-validate/pkg/helmfile/state/state_run.go:183.11,186.6 2 0
github.com/seredavin/helmfile-validate/pkg/helmfile/state/state_run.go:188.5,189.21 2 0
github.com/seredavin/helmfile-validate/pkg/helmfile/state/state_run.go:189.21,191.6 1 0
github.com/seredavin/helmfile-validate/pkg/helmfile/state/state_run.go:191.11,193.6 1 0
github.com/seredavin/helmfile-validate/pkg/helmfile/state/state_run.go:195.5,206.18 4 0
github.com/seredavin/helmfile-validate/pkg/helmfile/state/state_run.go:208.4,208.35 1 0
github.com/seredavin/helmfile-validate/pkg/helmfile/state/state_run.go:209.9,209.64 1 0
github.com/seredavin/helmfile-validate/pkg/helmfile/state/state_run.go:209.64,211.37 2 0
github.com/seredavin/helmfile-validate/pkg/helmfile/state/state_run.go:211.37,213.5 1 0
github.com/seredavin/helmfile-validate/pkg/helmfile/state/state_run.go:215.4,224.5 4 0
github.com/seredavin/helmfile-validate/pkg/helmfile/state/state_run.go:226.3,226.18 1 0
github.com/seredavin/helmfile-validate/pkg/helmfile/state/state_run.go:229.2,231.60 2 0
github.com/seredavin/helmfile-validate/pkg/helmfile/state/state_run.go:231.60,237.40 4 0
github.com/seredavin/helmfile-validate/pkg/helmfile/state/state_run.go:237.40,239.4 1 0
github.com/seredavin/helmfile-validate/pkg/helmfile/state/state_run.go:244.3,244.46 1 0
github.com/seredavin/helmfile-validate/pkg/helmfile/state/state_run.go:244.46,248.4 3 0
github.com/seredavin/helmfile-validate/pkg/helmfile/state/state_run.go:250.3,250.33 1 0
github.com/seredavin/helmfile-validate/pkg/helmfile/state/state_run.go:250.33,252.11 2 0
github.com/seredavin/helmfile-validate/pkg/helmfile/state/state_run.go:252.11,253.89 1 0
github.com/seredavin/helmfile-validate/pkg/helmfile/state/state_run.go:255.4,255.52 1 0
github.com/seredavin/helmfile-validate/pkg/helmfile/state/state_run.go:258.3,258.43 1 0
github.com/seredavin/helmfile-validate/pkg/helmfile/state/state_run.go:261.2,261.20 1 0
github.com/seredavin/helmfile-validate/pkg/helmfile/state/storage.go:25.96,32.2 1 13
github.com/seredavin/helmfile-validate/pkg/helmfile/state/storage.go:40.64,41.36 1 7
github.com/seredavin/helmfile-validate/pkg/helmfile/state/storage.go:41.36,43.3 1 7
github.com/seredavin/helmfile-validate/pkg/helmfile/state/storage.go:46.129,55.25 3 31
github.com/seredavin/helmfile-validate/pkg/helmfile/state/storage.go:55.25,57.3 1 7
github.com/seredavin/helmfile-validate/pkg/helmfile/state/storage.go:59.2,59.27 1 31
github.com/seredavin/helmfile-validate/pkg/helmfile/state/storage.go:59.27,63.17 3 9
github.com/seredavin/helmfile-validate/pkg/helmfile/state/storage.go:63.17,65.112 1 5
github.com/seredavin/helmfile-validate/pkg/helmfile/state/storage.go:65.112,67.5 1 3
github.com/seredavin/helmfile-validate/pkg/helmfile/state/storage.go:67.10,69.5 1 2
github.com/seredavin/helmfile-validate/pkg/helmfile/state/storage.go:72.3,72.42 1 7
github.com/seredavin/helmfile-validate/pkg/helmfile/state/storage.go:72.42,74.4 1 2
github.com/seredavin/helmfile-validate/pkg/helmfile/state/storage.go:75.8,77.3 1 22
github.com/seredavin/helmfile-validate/pkg/helmfile/state/storage.go:79.2,79.16 1 29
github.com/seredavin/helmfile-validate/pkg/helmfile/state/storage.go:79.16,81.3 1 0
github.com/seredavin/helmfile-validate/pkg/helmfile/state/storage.go:83.2,85.31 2 29
github.com/seredavin/helmfile-validate/pkg/helmfile/state/storage.go:85.31,87.3 1 10
github.com/seredavin/helmfile-validate/pkg/helmfile/state/storage.go:87.8,89.3 1 19
github.com/seredavin/helmfile-validate/pkg/helmfile/state/storage.go:91.2,91.21 1 29
github.com/seredavin/helmfile-validate/pkg/helmfile/state/storage.go:91.21,92.20 1 7
github.com/seredavin/helmfile-validate/pkg/helmfile/state/storage.go:93.32,94.106 1 4
github.com/seredavin/helmfile-validate/pkg/helmfile/state/storage.go:95.31,97.25 2 1
github.com/seredavin/helmfile-validate/pkg/helmfile/state/storage.go:98.31,100.25 2 2
github.com/seredavin/helmfile-validate/pkg/helmfile/state/storage.go:101.32,103.25 2 0
github.com/seredavin/helmfile-validate/pkg/helmfile/state/storage.go:104.11,111.169 2 0
github.com/seredavin/helmfile-validate/pkg/helmfile/state/storage.go:115.2,115.26 1 22
github.com/seredavin/helmfile-validate/pkg/helmfile/state/storage.go:118.70,122.16 4 22
github.com/seredavin/helmfile-validate/pkg/helmfile/state/storage.go:122.16,124.3 1 0
github.com/seredavin/helmfile-validate/pkg/helmfile/state/storage.go:126.2,129.20 3 22
github.com/seredavin/helmfile-validate/pkg/helmfile/state/storage.go:133.54,135.58 2 35
github.com/seredavin/helmfile-validate/pkg/helmfile/state/storage.go:135.58,137.3 1 3
github.com/seredavin/helmfile-validate/pkg/helmfile/state/storage.go:137.8,139.3 1 32
github.com/seredavin/helmfile-validate/pkg/helmfile/state/storage.go:146.52,149.2 2 35
github.com/seredavin/helmfile-validate/pkg/helmfile/state/storage.go:151.67,153.23 2 7
github.com/seredavin/helmfile-validate/pkg/helmfile/state/storage.go:153.23,155.3 1 3
github.com/seredavin/helmfile-validate/pkg/helmfile/state/storage.go:156.2,156.23 1 4
github.com/seredavin/helmfile-validate/pkg/helmfile/state/temp.go:17.77,19.16 2 6
github.com/seredavin/helmfile-validate/pkg/helmfile/state/temp.go:19.16,21.3 1 0
github.com/seredavin/helmfile-validate/pkg/helmfile/state/temp.go:23.2,24.16 2 6
github.com/seredavin/helmfile-validate/pkg/helmfile/state/temp.go:24.16,26.3 1 0
github.com/seredavin/helmfile-validate/pkg/helmfile/state/temp.go:28.2,28.15 1 6
github.com/seredavin/helmfile-validate/pkg/helmfile/state/temp.go:31.74,33.16 2 6
github.com/seredavin/helmfile-validate/pkg/helmfile/state/temp.go:33.16,35.3 1 0
github.com/seredavin/helmfile-validate/pkg/helmfile/state/temp.go:37.2,38.19 2 6
github.com/seredavin/helmfile-validate/pkg/helmfile/state/temp.go:38.19,40.3 1 6
github.com/seredavin/helmfile-validate/pkg/helmfile/state/temp.go:40.8,42.3 1 0
github.com/seredavin/helmfile-validate/pkg/helmfile/state/temp.go:43.2,43.16 1 6
github.com/seredavin/helmfile-validate/pkg/helmfile/state/temp.go:43.16,45.3 1 0
github.com/seredavin/helmfile-validate/pkg/helmfile/state/temp.go:47.2,50.51 3 6
github.com/seredavin/helmfile-validate/pkg/helmfile/state/temp.go:50.51,52.3 1 0
github.com/seredavin/helmfile-validate/pkg/helmfile/state/temp.go:54.2,54.16 1 6
github.com/seredavin/helmfile-validate/pkg/helmfile/state/temp.go:57.71,60.29 2 12
github.com/seredavin/helmfile-validate/pkg/helmfile/state/temp.go:60.29,62.3 1 1
github.com/seredavin/helmfile-validate/pkg/helmfile/state/temp.go:64.2,67.16 3 12
github.com/seredavin/helmfile-validate/pkg/helmfile/state/temp.go:67.16,69.3 1 0
github.com/seredavin/helmfile-validate/pkg/helmfile/state/temp.go:71.2,73.35 2 12
github.com/seredavin/helmfile-validate/pkg/helmfile/state/temp.go:76.42,88.16 5 12
github.com/seredavin/helmfile-validate/pkg/helmfile/state/temp.go:88.16,90.3 1 0
github.com/seredavin/helmfile-validate/pkg/helmfile/state/temp.go:92.2,94.40 2 12
github.com/seredavin/helmfile-validate/pkg/helmfile/state/types.go:23.136,27.2 3 17
github.com/seredavin/helmfile-validate/pkg/helmfile/state/util.go:18.38,19.171 1 112
github.com/seredavin/helmfile-validate/pkg/helmfile/state/util.go:19.171,21.3 1 31
github.com/seredavin/helmfile-validate/pkg/helmfile/state/util.go:23.2,24.13 2 81
github.com/seredavin/helmfile-validate/pkg/helmfile/state/util.go:24.13,26.3 1 4
github.com/seredavin/helmfile-validate/pkg/helmfile/state/util.go:28.2,32.40 1 77
github.com/seredavin/helmfile-validate/pkg/helmfile/state/util.go:35.69,36.32 1 41
github.com/seredavin/helmfile-validate/pkg/helmfile/state/util.go:36.32,38.3 1 18
github.com/seredavin/helmfile-validate/pkg/helmfile/state/util.go:40.2,41.13 2 23
github.com/seredavin/helmfile-validate/pkg/helmfile/state/util.go:41.13,43.3 1 2
github.com/seredavin/helmfile-validate/pkg/helmfile/state/util.go:45.2,46.20 2 21
github.com/seredavin/helmfile-validate/pkg/helmfile/state/util.go:46.20,48.3 1 0
github.com/seredavin/helmfile-validate/pkg/helmfile/state/util.go:50.2,53.26 3 21
github.com/seredavin/helmfile-validate/pkg/helmfile/state/util.go:60.52,61.51 1 55
github.com/seredavin/helmfile-validate/pkg/helmfile/state/util.go:61.51,63.3 1 8
github.com/seredavin/helmfile-validate/pkg/helmfile/state/util.go:64.2,64.39 1 47
github.com/seredavin/helmfile-validate/pkg/helmfile/state/util.go:67.58,69.21 2 0
github.com/seredavin/helmfile-validate/pkg/helmfile/state/util.go:69.21,71.3 1 0
github.com/seredavin/helmfile-validate/pkg/helmfile/state/util.go:73.2,73.14 1 0
github.com/seredavin/helmfile-validate/pkg/helmfile/state/util.go:77.45,81.2 3 12
github.com/seredavin/helmfile-validate/main.go:92.13,102.2 9 1
github.com/seredavin/helmfile-validate/main.go:104.13,108.22 2 0
github.com/seredavin/helmfile-validate/main.go:108.22,145.3 3 0
github.com/seredavin/helmfile-validate/main.go:147.2,150.18 2 0
github.com/seredavin/helmfile-validate/main.go:150.18,155.3 4 0
github.com/seredavin/helmfile-validate/main.go:158.2,158.13 1 0
github.com/seredavin/helmfile-validate/main.go:158.13,160.3 1 0
github.com/seredavin/helmfile-validate/main.go:163.2,163.40 1 0
github.com/seredavin/helmfile-validate/main.go:163.40,166.3 2 0
github.com/seredavin/helmfile-validate/main.go:169.2,169.19 1 0
github.com/seredavin/helmfile-validate/main.go:169.19,172.3 2 0
github.com/seredavin/helmfile-validate/main.go:175.2,176.21 2 0
github.com/seredavin/helmfile-validate/main.go:176.21,178.3 1 0
github.com/seredavin/helmfile-validate/main.go:181.2,182.16 2 0
github.com/seredavin/helmfile-validate/main.go:182.16,185.3 2 0
github.com/seredavin/helmfile-validate/main.go:188.2,189.16 2 0
github.com/seredavin/helmfile-validate/main.go:189.16,192.3 2 0
github.com/seredavin/helmfile-validate/main.go:193.2,193.19 1 0
github.com/seredavin/helmfile-validate/main.go:193.19,196.3 2 0
github.com/seredavin/helmfile-validate/main.go:198.2,202.40 3 0
github.com/seredavin/helmfile-validate/main.go:202.40,204.3 1 0
github.com/seredavin/helmfile-validate/main.go:207.2,207.13 1 0
github.com/seredavin/helmfile-validate/main.go:207.13,209.24 2 0
github.com/seredavin/helmfile-validate/main.go:209.24,211.4 1 0
github.com/seredavin/helmfile-validate/main.go:211.9,211.35 1 0
github.com/seredavin/helmfile-validate/main.go:211.35,215.29 3 0
github.com/seredavin/helmfile-validate/main.go:215.29,217.5 1 0
github.com/seredavin/helmfile-validate/main.go:217.10,219.5 1 0
github.com/seredavin/helmfile-validate/main.go:223.2,223.16 1 0
github.com/seredavin/helmfile-validate/main.go:223.16,225.3 1 0
github.com/seredavin/helmfile-validate/main.go:225.8,227.24 2 0
github.com/seredavin/helmfile-validate/main.go:227.24,229.4 1 0
github.com/seredavin/helmfile-validate/main.go:233.2,233.44 1 0
github.com/seredavin/helmfile-validate/main.go:233.44,235.3 1 0
github.com/seredavin/helmfile-validate/main.go:238.38,239.16 1 12
github.com/seredavin/helmfile-validate/main.go:239.16,241.3 1 1
github.com/seredavin/helmfile-validate/main.go:242.2,244.26 3 11
github.com/seredavin/helmfile-validate/main.go:244.26,246.14 2 24
github.com/seredavin/helmfile-validate/main.go:246.14,248.4 1 22
github.com/seredavin/helmfile-validate/main.go:250.2,250.15 1 11
github.com/seredavin/helmfile-validate/main.go:253.97,261.45 3 7
github.com/seredavin/helmfile-validate/main.go:261.45,263.3 1 13
github.com/seredavin/helmfile-validate/main.go:264.2,264.42 1 7
github.com/seredavin/helmfile-validate/main.go:264.42,266.3 1 13
github.com/seredavin/helmfile-validate/main.go:267.2,267.44 1 7
github.com/seredavin/helmfile-validate/main.go:267.44,269.3 1 0
github.com/seredavin/helmfile-validate/main.go:271.2,271.24 1 7
github.com/seredavin/helmfile-validate/main.go:271.24,276.41 4 4
github.com/seredavin/helmfile-validate/main.go:276.41,278.4 1 6
github.com/seredavin/helmfile-validate/main.go:280.3,280.37 1 4
github.com/seredavin/helmfile-validate/main.go:280.37,281.26 1 14
github.com/seredavin/helmfile-validate/main.go:281.26,284.5 2 4
github.com/seredavin/helmfile-validate/main.go:286.8,286.31 1 3
github.com/seredavin/helmfile-validate/main.go:286.31,291.41 4 3
github.com/seredavin/helmfile-validate/main.go:291.41,293.4 1 7
github.com/seredavin/helmfile-validate/main.go:295.3,295.37 1 3
github.com/seredavin/helmfile-validate/main.go:295.37,296.27 1 12
github.com/seredavin/helmfile-validate/main.go:296.27,299.5 2 6
github.com/seredavin/helmfile-validate/main.go:304.2,304.56 1 7
github.com/seredavin/helmfile-validate/main.go:304.56,306.3 1 7
github.com/seredavin/helmfile-validate/main.go:308.2,308.19 1 7
github.com/seredavin/helmfile-validate/main.go:311.58,317.27 2 0
github.com/seredavin/helmfile-validate/main.go:317.27,320.3 2 0
github.com/seredavin/helmfile-validate/main.go:322.2,322.19 1 0
github.com/seredavin/helmfile-validate/main.go:325.81,332.47 4 0
github.com/seredavin/helmfile-validate/main.go:332.47,335.3 2 0
github.com/seredavin/helmfile-validate/main.go:338.53,344.22 5 0
github.com/seredavin/helmfile-validate/main.go:344.22,350.3 5 0
github.com/seredavin/helmfile-validate/main.go:352.2,355.35 3 0
github.com/seredavin/helmfile-validate/main.go:355.35,358.3 2 0
github.com/seredavin/helmfile-validate/main.go:358.8,358.43 1 0
github.com/seredavin/helmfile-validate/main.go:358.43,361.3 2 0
github.com/seredavin/helmfile-validate/main.go:361.8,361.59 1 0
github.com/seredavin/helmfile-validate/main.go:361.59,364.3 2 0
github.com/seredavin/helmfile-validate/main.go:366.2,369.42 3 0
github.com/seredavin/helmfile-validate/main.go:369.42,373.32 4 0
github.com/seredavin/helmfile-validate/main.go:373.32,375.4 1 0
github.com/seredavin/helmfile-validate/main.go:376.3,376.16 1 0
github.com/seredavin/helmfile-validate/main.go:380.2,380.40 1 0
github.com/seredavin/helmfile-validate/main.go:380.40,384.50 3 0
github.com/seredavin/helmfile-validate/main.go:384.50,386.26 2 0
github.com/seredavin/helmfile-validate/main.go:386.26,388.5 1 0
github.com/seredavin/helmfile-validate/main.go:389.4,390.28 2 0
github.com/seredavin/helmfile-validate/main.go:390.28,392.5 1 0
github.com/seredavin/helmfile-validate/main.go:393.4,393.26 1 0
github.com/seredavin/helmfile-validate/main.go:393.26,395.5 1 0
github.com/seredavin/helmfile-validate/main.go:396.4,396.17 1 0
github.com/seredavin/helmfile-validate/main.go:400.2,400.35 1 0
github.com/seredavin/helmfile-validate/main.go:400.35,402.3 1 0
github.com/seredavin/helmfile-validate/main.go:402.8,404.3 1 0
github.com/seredavin/helmfile-validate/main.go:408.47,409.26 1 11
github.com/seredavin/helmfile-validate/main.go:409.26,411.3 1 3
github.com/seredavin/helmfile-validate/main.go:412.2,412.53 1 8
github.com/seredavin/helmfile-validate/main.go:416.51,424.39 2 16
github.com/seredavin/helmfile-validate/main.go:424.39,425.47 1 31
github.com/seredavin/helmfile-validate/main.go:425.47,427.4 1 16
github.com/seredavin/helmfile-validate/main.go:430.2,430.99 1 0
github.com/seredavin/helmfile-validate/main.go:434.65,441.28 4 16
github.com/seredavin/helmfile-validate/main.go:441.28,443.3 1 3648
github.com/seredavin/helmfile-validate/main.go:446.2,451.40 2 16
github.com/seredavin/helmfile-validate/main.go:451.40,453.3 1 304
github.com/seredavin/helmfile-validate/main.go:455.2,462.16 3 16
github.com/seredavin/helmfile-validate/main.go:462.16,464.3 1 0
github.com/seredavin/helmfile-validate/main.go:467.2,474.16 6 16
github.com/seredavin/helmfile-validate/main.go:474.16,478.3 1 0
github.com/seredavin/helmfile-validate/main.go:479.2,479.15 1 16
github.com/seredavin/helmfile-validate/main.go:479.15,481.3 1 16
github.com/seredavin/helmfile-validate/main.go:482.2,488.64 3 16
github.com/seredavin/helmfile-validate/main.go:488.64,490.3 1 0
github.com/seredavin/helmfile-validate/main.go:493.2,499.146 3 16
github.com/seredavin/helmfile-validate/main.go:499.146,501.17 2 6
github.com/seredavin/helmfile-validate/main.go:501.17,503.4 1 3
github.com/seredavin/helmfile-validate/main.go:506.3,506.41 1 3
github.com/seredavin/helmfile-validate/main.go:506.41,509.27 2 2
github.com/seredavin/helmfile-validate/main.go:509.27,511.5 1 2
github.com/seredavin/helmfile-validate/main.go:511.10,513.5 1 0
github.com/seredavin/helmfile-validate/main.go:514.4,514.26 1 2
github.com/seredavin/helmfile-validate/main.go:514.26,516.42 1 0
github.com/seredavin/helmfile-validate/main.go:516.42,518.6 1 0
github.com/seredavin/helmfile-validate/main.go:522.4,524.18 3 2
github.com/seredavin/helmfile-validate/main.go:524.18,527.5 1 1
github.com/seredavin/helmfile-validate/main.go:528.4,528.29 1 1
github.com/seredavin/helmfile-validate/main.go:531.3,531.109 1 2
github.com/seredavin/helmfile-validate/main.go:536.2,541.16 4 16
github.com/seredavin/helmfile-validate/main.go:541.16,543.3 1 0
github.com/seredavin/helmfile-validate/main.go:547.2,551.65 4 16
github.com/seredavin/helmfile-validate/main.go:551.65,556.45 2 13
github.com/seredavin/helmfile-validate/main.go:556.45,559.18 2 1
github.com/seredavin/helmfile-validate/main.go:559.19,562.5 0 0
github.com/seredavin/helmfile-validate/main.go:562.10,564.5 1 1
github.com/seredavin/helmfile-validate/main.go:565.9,565.31 1 12
github.com/seredavin/helmfile-validate/main.go:565.31,568.18 2 12
github.com/seredavin/helmfile-validate/main.go:568.19,571.5 0 3
github.com/seredavin/helmfile-validate/main.go:571.10,573.5 1 9
github.com/seredavin/helmfile-validate/main.go:578.2,579.38 2 16
github.com/seredavin/helmfile-validate/main.go:579.38,581.46 1 10
github.com/seredavin/helmfile-validate/main.go:581.46,586.54 3 2
github.com/seredavin/helmfile-validate/main.go:586.54,588.28 2 0
github.com/seredavin/helmfile-validate/main.go:588.28,590.6 1 0
github.com/seredavin/helmfile-validate/main.go:591.5,592.52 2 0
github.com/seredavin/helmfile-validate/main.go:597.2,598.16 2 16
github.com/seredavin/helmfile-validate/main.go:598.16,601.98 1 8
github.com/seredavin/helmfile-validate/main.go:601.98,603.4 1 2
github.com/seredavin/helmfile-validate/main.go:606.3,606.25 1 8
github.com/seredavin/helmfile-validate/main.go:606.25,608.4 1 6
github.com/seredavin/helmfile-validate/main.go:613.2,614.26 2 16
github.com/seredavin/helmfile-validate/main.go:614.26,616.3 1 8
github.com/seredavin/helmfile-validate/main.go:618.2,618.26 1 16
github.com/seredavin/helmfile-validate/main.go:618.26,620.24 2 10
github.com/seredavin/helmfile-validate/main.go:620.24,622.4 1 0
github.com/seredavin/helmfile-validate/main.go:624.3,624.44 1 10
github.com/seredavin/helmfile-validate/main.go:624.44,631.4 2 0
github.com/seredavin/helmfile-validate/main.go:633.3,633.41 1 10
github.com/seredavin/helmfile-validate/main.go:633.41,635.39 2 6
github.com/seredavin/helmfile-validate/main.go:635.39,643.5 2 0
github.com/seredavin/helmfile-validate/main.go:647.2,647.18 1 16
github.com/seredavin/helmfile-validate/main.go:647.18,651.40 1 8
github.com/seredavin/helmfile-validate/main.go:651.40,656.54 3 0
github.com/seredavin/helmfile-validate/main.go:656.54,658.28 2 0
github.com/seredavin/helmfile-validate/main.go:658.28,660.6 1 0
github.com/seredavin/helmfile-validate/main.go:661.5,662.52 2 0
github.com/seredavin/helmfile-validate/main.go:668.3,668.38 1 8
github.com/seredavin/helmfile-validate/main.go:668.38,672.50 2 3
github.com/seredavin/helmfile-validate/main.go:672.50,674.19 2 2
github.com/seredavin/helmfile-validate/main.go:674.19,677.49 2 2
github.com/seredavin/helmfile-validate/main.go:677.49,682.37 3 2
github.com/seredavin/helmfile-validate/main.go:682.37,683.26 1 2
github.com/seredavin/helmfile-validate/main.go:683.26,687.23 3 2
github.com/seredavin/helmfile-validate/main.go:687.23,688.40 1 2
github.com/seredavin/helmfile-validate/main.go:688.40,689.29 1 4
github.com/seredavin/helmfile-validate/main.go:689.29,692.12 2 4
github.com/seredavin/helmfile-validate/main.go:699.6,700.29 2 2
github.com/seredavin/helmfile-validate/main.go:700.29,702.7 1 0
github.com/seredavin/helmfile-validate/main.go:703.6,704.49 2 2
github.com/seredavin/helmfile-validate/main.go:710.3,711.17 2 8
github.com/seredavin/helmfile-validate/main.go:711.17,712.41 1 8
github.com/seredavin/helmfile-validate/main.go:712.41,716.19 3 3
github.com/seredavin/helmfile-validate/main.go:716.19,719.6 1 3
github.com/seredavin/helmfile-validate/main.go:722.5,722.55 1 3
github.com/seredavin/helmfile-validate/main.go:722.55,723.56 1 1
github.com/seredavin/helmfile-validate/main.go:723.56,726.7 2 1
github.com/seredavin/helmfile-validate/main.go:732.3,732.33 1 8
github.com/seredavin/helmfile-validate/main.go:732.33,734.39 2 4
github.com/seredavin/helmfile-validate/main.go:734.39,735.55 1 10
github.com/seredavin/helmfile-validate/main.go:735.55,740.6 2 2
github.com/seredavin/helmfile-validate/main.go:744.4,744.43 1 4
github.com/seredavin/helmfile-validate/main.go:744.43,745.64 1 0
github.com/seredavin/helmfile-validate/main.go:745.64,748.6 2 0
github.com/seredavin/helmfile-validate/main.go:756.2,760.16 3 16
github.com/seredavin/helmfile-validate/main.go:760.16,762.3 1 16
github.com/seredavin/helmfile-validate/main.go:764.2,764.24 1 16
github.com/seredavin/helmfile-validate/main.go:764.24,766.3 1 0
github.com/seredavin/helmfile-validate/main.go:769.2,772.32 3 16
github.com/seredavin/helmfile-validate/main.go:772.32,775.75 2 33
github.com/seredavin/helmfile-validate/main.go:775.75,776.12 1 0
github.com/seredavin/helmfile-validate/main.go:780.3,780.22 1 33
github.com/seredavin/helmfile-validate/main.go:780.22,781.12 1 0
github.com/seredavin/helmfile-validate/main.go:783.3,787.17 3 33
github.com/seredavin/helmfile-validate/main.go:787.17,788.12 1 3
github.com/seredavin/helmfile-validate/main.go:792.3,792.47 1 30
github.com/seredavin/helmfile-validate/main.go:792.47,793.12 1 4
github.com/seredavin/helmfile-validate/main.go:796.3,797.17 2 26
github.com/seredavin/helmfile-validate/main.go:797.17,800.4 1 0
github.com/seredavin/helmfile-validate/main.go:801.3,804.34 3 26
github.com/seredavin/helmfile-validate/main.go:804.34,805.51 1 71
github.com/seredavin/helmfile-validate/main.go:805.51,807.40 2 5
github.com/seredavin/helmfile-validate/main.go:807.40,809.6 1 5
github.com/seredavin/helmfile-validate/main.go:810.10,812.17 2 66
github.com/seredavin/helmfile-validate/main.go:812.17,814.6 1 1
github.com/seredavin/helmfile-validate/main.go:815.5,821.6 1 66
github.com/seredavin/helmfile-validate/main.go:827.2,827.33 1 16
github.com/seredavin/helmfile-validate/main.go:827.33,828.25 1 66
github.com/seredavin/helmfile-validate/main.go:829.19,830.70 1 39
github.com/seredavin/helmfile-validate/main.go:831.16,832.64 1 26
github.com/seredavin/helmfile-validate/main.go:833.11,834.68 1 1
github.com/seredavin/helmfile-validate/main.go:838.2,838.45 1 16
github.com/seredavin/helmfile-validate/main.go:838.45,839.41 1 48
github.com/seredavin/helmfile-validate/main.go:839.41,841.4 1 66
github.com/seredavin/helmfile-validate/main.go:844.2,848.15 4 16
github.com/seredavin/helmfile-validate/main.go:851.48,854.2 1 16
github.com/seredavin/helmfile-validate/main.go:856.53,859.35 2 0
github.com/seredavin/helmfile-validate/main.go:859.35,862.28 2 0
github.com/seredavin/helmfile-validate/main.go:862.28,866.38 4 0
github.com/seredavin/helmfile-validate/main.go:866.38,868.27 2 0
github.com/seredavin/helmfile-validate/main.go:868.27,870.6 1 0
github.com/seredavin/helmfile-validate/main.go:871.5,872.29 2 0
github.com/seredavin/helmfile-validate/main.go:872.29,874.6 1 0
github.com/seredavin/helmfile-validate/main.go:875.5,875.27 1 0
github.com/seredavin/helmfile-validate/main.go:875.27,877.6 1 0
github.com/seredavin/helmfile-validate/main.go:878.5,878.18 1 0
github.com/seredavin/helmfile-validate/main.go:881.3,881.9 1 0
github.com/seredavin/helmfile-validate/main.go:884.2,885.40 2 0
github.com/seredavin/helmfile-validate/main.go:885.40,887.3 1 0
github.com/seredavin/helmfile-validate/main.go:888.2,895.18 5 0
github.com/seredavin/helmfile-validate/main.go:895.18,899.3 3 0
github.com/seredavin/helmfile-validate/main.go:901.2,901.18 1 0
github.com/seredavin/helmfile-validate/main.go:901.18,906.3 4 0
github.com/seredavin/helmfile-validate/main.go:908.2,908.17 1 0
github.com/seredavin/helmfile-validate/main.go:908.17,911.3 2 0
github.com/seredavin/helmfile-validate/main.go:914.2,914.52 1 0
github.com/seredavin/helmfile-validate/main.go:914.52,918.3 3 0
github.com/seredavin/helmfile-validate/main.go:920.2,920.28 1 0
github.com/seredavin/helmfile-validate/main.go:920.28,922.39 2 0
github.com/seredavin/helmfile-validate/main.go:922.39,924.34 2 0
github.com/seredavin/helmfile-validate/main.go:924.34,926.5 1 0
github.com/seredavin/helmfile-validate/main.go:928.3,928.16 1 0
github.com/seredavin/helmfile-validate/main.go:931.2,931.25 1 0
github.com/seredavin/helmfile-validate/main.go:931.25,933.36 2 0
github.com/seredavin/helmfile-validate/main.go:933.36,935.34 2 0
github.com/seredavin/helmfile-validate/main.go:935.34,937.5 1 0
github.com/seredavin/helmfile-validate/main.go:939.3,939.16 1 0
github.com/seredavin/helmfile-validate/main.go:942.2,942.27 1 0
github.com/seredavin/helmfile-validate/main.go:942.27,945.38 3 0
github.com/seredavin/helmfile-validate/main.go:945.38,947.34 2 0
github.com/seredavin/helmfile-validate/main.go:947.34,949.5 1 0
github.com/seredavin/helmfile-validate/main.go:951.3,951.16 1 0
github.com/seredavin/helmfile-validate/main.go:955.2,955.27 1 0
github.com/seredavin/helmfile-validate/main.go:955.27,958.37 3 0
github.com/seredavin/helmfile-validate/main.go:958.37,960.26 2 0
github.com/seredavin/helmfile-validate/main.go:960.26,962.5 1 0
github.com/seredavin/helmfile-validate/main.go:963.4,964.28 2 0
github.com/seredavin/helmfile-validate/main.go:964.28,966.5 1 0
github.com/seredavin/helmfile-validate/main.go:967.4,967.26 1 0
github.com/seredavin/helmfile-validate/main.go:967.26,969.5 1 0
github.com/seredavin/helmfile-validate/main.go:970.4,970.17 1 0
github.com/seredavin/helmfile-validate/main.go:975.2,975.52 1 0
github.com/seredavin/helmfile-validate/main.go:975.52,979.39 4 0
github.com/seredavin/helmfile-validate/main.go:979.39,981.4 1 0
github.com/seredavin/helmfile-validate/main.go:982.3,982.28 1 0
github.com/seredavin/helmfile-validate/main.go:982.28,984.4 1 0
github.com/seredavin/helmfile-validate/main.go:988.79,991.26 3 4
github.com/seredavin/helmfile-validate/main.go:991.26,993.3 1 4
github.com/seredavin/helmfile-validate/main.go:994.2,994.26 1 4
github.com/seredavin/helmfile-validate/main.go:994.26,995.22 1 16
github.com/seredavin/helmfile-validate/main.go:995.22,997.4 1 3
github.com/seredavin/helmfile-validate/main.go:999.2,999.17 1 4
github.com/seredavin/helmfile-validate/main.go:1002.25,1007.28 4 0
github.com/seredavin/helmfile-validate/main.go:1007.28,1009.3 1 0
github.com/seredavin/helmfile-validate/main.go:1010.2,1024.29 5 0
github.com/seredavin/helmfile-validate/main.go:1024.29,1025.29 1 0
github.com/seredavin/helmfile-validate/main.go:1025.29,1027.4 1 0
github.com/seredavin/helmfile-validate/main.go:1030.2,1031.29 2 0
github.com/seredavin/helmfile-validate/main.go:1031.29,1032.30 1 0
github.com/seredavin/helmfile-validate/main.go:1032.30,1034.4 1 0
github.com/seredavin/helmfile-validate/main.go:1037.2,1039.32 3 0
github.com/seredavin/helmfile-validate/main.go:1039.32,1041.3 1 0
github.com/seredavin/helmfile-validate/main.go:1045.50,1047.2 1 53
github.com/seredavin/helmfile-validate/main.go:1050.48,1065.31 4 64
github.com/seredavin/helmfile-validate/main.go:1065.31,1066.51 1 255
github.com/seredavin/helmfile-validate/main.go:1066.51,1067.70 1 119
github.com/seredavin/helmfile-validate/main.go:1067.70,1070.5 2 119
github.com/seredavin/helmfile-validate/main.go:1075.2,1081.44 4 64
github.com/seredavin/helmfile-validate/main.go:1081.44,1082.26 1 134
github.com/seredavin/helmfile-validate/main.go:1082.26,1083.12 1 0
github.com/seredavin/helmfile-validate/main.go:1086.3,1093.30 6 134
github.com/seredavin/helmfile-validate/main.go:1093.30,1095.56 2 516
github.com/seredavin/helmfile-validate/main.go:1095.56,1097.10 2 134
github.com/seredavin/helmfile-validate/main.go:1099.4,1099.27 1 382
github.com/seredavin/helmfile-validate/main.go:1103.3,1103.27 1 134
github.com/seredavin/helmfile-validate/main.go:1103.27,1107.26 3 134
github.com/seredavin/helmfile-validate/main.go:1107.26,1109.5 1 0
github.com/seredavin/helmfile-validate/main.go:1110.4,1110.34 1 134
github.com/seredavin/helmfile-validate/main.go:1110.34,1112.5 1 0
github.com/seredavin/helmfile-validate/main.go:1114.4,1115.46 2 134
github.com/seredavin/helmfile-validate/main.go:1115.46,1118.23 2 9
github.com/seredavin/helmfile-validate/main.go:1118.23,1121.39 2 9
github.com/seredavin/helmfile-validate/main.go:1121.39,1123.15 1 9
github.com/seredavin/helmfile-validate/main.go:1129.3,1132.63 2 125
github.com/seredavin/helmfile-validate/main.go:1132.63,1133.12 1 1
github.com/seredavin/helmfile-validate/main.go:1137.3,1158.74 9 124
github.com/seredavin/helmfile-validate/main.go:1158.74,1159.22 1 106
github.com/seredavin/helmfile-validate/main.go:1159.22,1161.5 1 106
github.com/seredavin/helmfile-validate/main.go:1164.3,1164.74 1 124
github.com/seredavin/helmfile-validate/main.go:1164.74,1165.22 1 8
github.com/seredavin/helmfile-validate/main.go:1165.22,1167.5 1 8
github.com/seredavin/helmfile-validate/main.go:1170.3,1170.74 1 124
github.com/seredavin/helmfile-validate/main.go:1170.74,1171.22 1 4
github.com/seredavin/helmfile-validate/main.go:1171.22,1173.5 1 4
github.com/seredavin/helmfile-validate/main.go:1176.3,1176.74 1 124
github.com/seredavin/helmfile-validate/main.go:1176.74,1177.22 1 27
github.com/seredavin/helmfile-validate/main.go:1177.22,1179.5 1 27
github.com/seredavin/helmfile-validate/main.go:1182.3,1182.74 1 124
github.com/seredavin/helmfile-validate/main.go:1182.74,1183.22 1 17
github.com/seredavin/helmfile-validate/main.go:1183.22,1185.5 1 17
github.com/seredavin/helmfile-validate/main.go:1188.3,1188.74 1 124
github.com/seredavin/helmfile-validate/main.go:1188.74,1189.22 1 93
github.com/seredavin/helmfile-validate/main.go:1189.22,1191.5 1 93
github.com/seredavin/helmfile-validate/main.go:1195.2,1195.14 1 64
github.com/seredavin/helmfile-validate/main.go:1198.49,1199.26 1 9
github.com/seredavin/helmfile-validate/main.go:1199.26,1200.16 1 11
github.com/seredavin/helmfile-validate/main.go:1200.16,1202.4 1 2
github.com/seredavin/helmfile-validate/main.go:1204.2,1204.14 1 7
